time_ns,event_phase,origin_node,origin_seq,kind,scheduler_id,class_count,packet_id,flow_id,class_id,priority,size_bytes,departure_time_ns,node_id,queue_id
500,0,1,4,enqueue,25769803776,2,1,1,1,2,500,,6,0
500,2,6,0,schedule,25769803776,2,1,1,1,2,500,1000,6,0
1000,0,0,4,enqueue,17179869184,2,0,0,0,1,1000,,4,0
1000,0,1,8,enqueue,25769803776,2,13,1,1,2,500,,6,0
1000,0,6,2,enqueue,47244640256,2,1,1,1,2,500,,11,0
1000,1,6,1,depart,25769803776,2,1,1,1,2,500,1000,6,0
1000,2,4,0,schedule,17179869184,2,0,0,0,1,1000,2000,4,0
1000,2,6,3,schedule,25769803776,2,13,1,1,2,500,1500,6,0
1000,2,11,0,schedule,47244640256,2,1,1,1,2,500,1500,11,0
1500,0,1,13,enqueue,25769803776,2,25,1,1,2,500,,6,0
1500,0,6,5,enqueue,47244640256,2,13,1,1,2,500,,11,0
1500,0,11,2,enqueue,30064771072,2,1,1,1,2,500,,7,0
1500,1,6,4,depart,25769803776,2,13,1,1,2,500,1500,6,0
1500,1,11,1,depart,47244640256,2,1,1,1,2,500,1500,11,0
1500,2,6,6,schedule,25769803776,2,25,1,1,2,500,2000,6,0
1500,2,7,0,schedule,30064771072,2,1,1,1,2,500,2000,7,0
1500,2,11,3,schedule,47244640256,2,13,1,1,2,500,2000,11,0
2000,0,0,9,enqueue,17179869184,2,12,0,0,1,1000,,4,0
2000,0,1,17,enqueue,25769803776,2,37,1,1,2,500,,6,0
2000,0,4,2,enqueue,47244640256,2,0,0,0,1,1000,,11,0
2000,0,6,8,enqueue,47244640256,2,25,1,1,2,500,,11,0
2000,0,11,5,enqueue,30064771072,2,13,1,1,2,500,,7,0
2000,1,4,1,depart,17179869184,2,0,0,0,1,1000,2000,4,0
2000,1,6,7,depart,25769803776,2,25,1,1,2,500,2000,6,0
2000,1,7,1,depart,30064771072,2,1,1,1,2,500,2000,7,0
2000,1,11,4,depart,47244640256,2,13,1,1,2,500,2000,11,0
2000,2,4,3,schedule,17179869184,2,12,0,0,1,1000,3000,4,0
2000,2,6,9,schedule,25769803776,2,37,1,1,2,500,2500,6,0
2000,2,7,3,schedule,30064771072,2,13,1,1,2,500,2500,7,0
2000,2,11,6,schedule,47244640256,2,0,0,0,1,1000,2500,11,0
2500,0,1,20,enqueue,25769803776,2,49,1,1,2,500,,6,0
2500,0,6,11,enqueue,47244640256,2,37,1,1,2,500,,11,0
2500,0,11,8,enqueue,30064771072,2,25,1,1,2,500,,7,0
2500,1,6,10,depart,25769803776,2,37,1,1,2,500,2500,6,0
2500,1,7,4,depart,30064771072,2,13,1,1,2,500,2500,7,0
2500,1,11,7,depart,47244640256,2,25,1,1,2,500,2500,11,0
2500,2,6,12,schedule,25769803776,2,49,1,1,2,500,3000,6,0
2500,2,7,6,schedule,30064771072,2,25,1,1,2,500,3000,7,0
2500,2,11,9,schedule,47244640256,2,37,1,1,2,500,3000,11,0
3000,0,0,14,enqueue,17179869184,2,24,0,0,1,1000,,4,0
3000,0,1,23,enqueue,25769803776,2,61,1,1,2,500,,6,0
3000,0,4,5,enqueue,47244640256,2,12,0,0,1,1000,,11,0
3000,0,6,14,enqueue,47244640256,2,49,1,1,2,500,,11,0
3000,0,11,11,enqueue,30064771072,2,37,1,1,2,500,,7,0
3000,1,4,4,depart,17179869184,2,12,0,0,1,1000,3000,4,0
3000,1,6,13,depart,25769803776,2,49,1,1,2,500,3000,6,0
3000,1,7,7,depart,30064771072,2,25,1,1,2,500,3000,7,0
3000,1,11,10,depart,47244640256,2,37,1,1,2,500,3000,11,0
3000,2,4,6,schedule,17179869184,2,24,0,0,1,1000,4000,4,0
3000,2,6,15,schedule,25769803776,2,61,1,1,2,500,3500,6,0
3000,2,7,9,schedule,30064771072,2,37,1,1,2,500,3500,7,0
3000,2,11,12,schedule,47244640256,2,49,1,1,2,500,3500,11,0
3500,0,6,17,enqueue,47244640256,2,61,1,1,2,500,,11,0
3500,0,11,14,enqueue,30064771072,2,49,1,1,2,500,,7,0
3500,1,6,16,depart,25769803776,2,61,1,1,2,500,3500,6,0
3500,1,7,10,depart,30064771072,2,37,1,1,2,500,3500,7,0
3500,1,11,13,depart,47244640256,2,49,1,1,2,500,3500,11,0
3500,2,7,12,schedule,30064771072,2,49,1,1,2,500,4000,7,0
3500,2,11,15,schedule,47244640256,2,61,1,1,2,500,4000,11,0
4000,0,0,17,enqueue,17179869184,2,36,0,0,1,1000,,4,0
4000,0,4,8,enqueue,47244640256,2,24,0,0,1,1000,,11,0
4000,0,11,17,enqueue,30064771072,2,61,1,1,2,500,,7,0
4000,1,4,7,depart,17179869184,2,24,0,0,1,1000,4000,4,0
4000,1,7,13,depart,30064771072,2,49,1,1,2,500,4000,7,0
4000,1,11,16,depart,47244640256,2,61,1,1,2,500,4000,11,0
4000,2,4,9,schedule,17179869184,2,36,0,0,1,1000,5000,4,0
4000,2,7,15,schedule,30064771072,2,61,1,1,2,500,4500,7,0
4000,2,11,18,schedule,47244640256,2,0,0,0,1,1000,5000,11,0
4500,1,7,16,depart,30064771072,2,61,1,1,2,500,4500,7,0
5000,0,0,20,enqueue,17179869184,2,48,0,0,1,1000,,4,0
5000,0,4,11,enqueue,47244640256,2,36,0,0,1,1000,,11,0
5000,0,11,20,enqueue,30064771072,2,0,0,0,1,1000,,7,0
5000,1,4,10,depart,17179869184,2,36,0,0,1,1000,5000,4,0
5000,1,11,19,depart,47244640256,2,0,0,0,1,1000,5000,11,0
5000,2,4,12,schedule,17179869184,2,48,0,0,1,1000,6000,4,0
5000,2,7,18,schedule,30064771072,2,0,0,0,1,1000,6000,7,0
5000,2,11,21,schedule,47244640256,2,12,0,0,1,1000,6000,11,0
6000,0,0,23,enqueue,17179869184,2,60,0,0,1,1000,,4,0
6000,0,4,14,enqueue,47244640256,2,48,0,0,1,1000,,11,0
6000,0,11,23,enqueue,30064771072,2,12,0,0,1,1000,,7,0
6000,1,4,13,depart,17179869184,2,48,0,0,1,1000,6000,4,0
6000,1,7,19,depart,30064771072,2,0,0,0,1,1000,6000,7,0
6000,1,11,22,depart,47244640256,2,12,0,0,1,1000,6000,11,0
6000,2,4,15,schedule,17179869184,2,60,0,0,1,1000,7000,4,0
6000,2,7,21,schedule,30064771072,2,12,0,0,1,1000,7000,7,0
6000,2,11,24,schedule,47244640256,2,24,0,0,1,1000,7000,11,0
7000,0,4,17,enqueue,47244640256,2,60,0,0,1,1000,,11,0
7000,0,11,26,enqueue,30064771072,2,24,0,0,1,1000,,7,0
7000,1,4,16,depart,17179869184,2,60,0,0,1,1000,7000,4,0
7000,1,7,22,depart,30064771072,2,12,0,0,1,1000,7000,7,0
7000,1,11,25,depart,47244640256,2,24,0,0,1,1000,7000,11,0
7000,2,7,24,schedule,30064771072,2,24,0,0,1,1000,8000,7,0
7000,2,11,27,schedule,47244640256,2,36,0,0,1,1000,8000,11,0
8000,0,11,29,enqueue,30064771072,2,36,0,0,1,1000,,7,0
8000,1,7,25,depart,30064771072,2,24,0,0,1,1000,8000,7,0
8000,1,11,28,depart,47244640256,2,36,0,0,1,1000,8000,11,0
8000,2,7,27,schedule,30064771072,2,36,0,0,1,1000,9000,7,0
8000,2,11,30,schedule,47244640256,2,48,0,0,1,1000,9000,11,0
9000,0,11,32,enqueue,30064771072,2,48,0,0,1,1000,,7,0
9000,1,7,28,depart,30064771072,2,36,0,0,1,1000,9000,7,0
9000,1,11,31,depart,47244640256,2,48,0,0,1,1000,9000,11,0
9000,2,7,30,schedule,30064771072,2,48,0,0,1,1000,10000,7,0
9000,2,11,33,schedule,47244640256,2,60,0,0,1,1000,10000,11,0
10000,0,11,35,enqueue,30064771072,2,60,0,0,1,1000,,7,0
10000,1,7,31,depart,30064771072,2,48,0,0,1,1000,10000,7,0
10000,1,11,34,depart,47244640256,2,60,0,0,1,1000,10000,11,0
10000,2,7,33,schedule,30064771072,2,60,0,0,1,1000,11000,7,0
11000,1,7,34,depart,30064771072,2,60,0,0,1,1000,11000,7,0
