time_ns,event_phase,event_origin_node,event_origin_sequence,ordinal,node_id,flow_id,cause,cause_flow_id,arrival_bytes,collective_id,algorithm,group_size,declared_total_bytes,rank,collective_phase,step,chunk_offset_bytes,chunk_bytes,packet_size_bytes,interval_ns,stop_time_ns,inbound_predecessor_bytes,before_local_complete,before_inbound_complete,before_inbound_bytes,activated,after_local_complete,after_inbound_complete,after_inbound_bytes,after_packets_emitted,after_bytes_emitted,after_status,after_next_time_ns,stage_kind,duration_ns,segment_sequence,segment_bytes,ack_number,cause_origin_ns,cause_delay_ns,channel,chunk_policy,channel_policy,local_predecessors,inbound_predecessors,local_required,before_local_completed,after_local_completed,cause_total_bytes,group_stages,seeded_matrix,cause_kind,cause_collective_id
2000,1,0,0,0,0,12,local_completion,32,0,1,all_to_all,4,40000,0,all_to_all,1,0,10000,500,500,50000000,0,0,1,0,1,1,1,0,0,0,scheduled,2000,roce,0,0,0,0,0,2000,0,uniform_floor,all_pairs,32,,1,0,1,0,12,,compute,
2000,1,0,0,1,0,13,local_completion,32,0,1,all_to_all,4,40000,0,all_to_all,2,0,10000,500,500,50000000,0,0,1,0,1,1,1,0,0,0,scheduled,2000,roce,0,0,0,0,0,2000,0,uniform_floor,all_pairs,32,,1,0,1,0,12,,compute,
2000,1,0,0,2,0,14,local_completion,32,0,1,all_to_all,4,40000,0,all_to_all,3,0,10000,500,500,50000000,0,0,1,0,1,1,1,0,0,0,scheduled,2000,roce,0,0,0,0,0,2000,0,uniform_floor,all_pairs,32,,1,0,1,0,12,,compute,
2000,1,1,0,0,1,15,local_completion,33,0,1,all_to_all,4,40000,1,all_to_all,1,0,10000,500,500,50000000,0,0,1,0,1,1,1,0,0,0,scheduled,2000,roce,0,0,0,0,0,2000,0,uniform_floor,all_pairs,33,,1,0,1,0,12,,compute,
2000,1,1,0,1,1,16,local_completion,33,0,1,all_to_all,4,40000,1,all_to_all,2,0,10000,500,500,50000000,0,0,1,0,1,1,1,0,0,0,scheduled,2000,roce,0,0,0,0,0,2000,0,uniform_floor,all_pairs,33,,1,0,1,0,12,,compute,
2000,1,1,0,2,1,17,local_completion,33,0,1,all_to_all,4,40000,1,all_to_all,3,0,10000,500,500,50000000,0,0,1,0,1,1,1,0,0,0,scheduled,2000,roce,0,0,0,0,0,2000,0,uniform_floor,all_pairs,33,,1,0,1,0,12,,compute,
2000,1,2,0,0,2,18,local_completion,34,0,1,all_to_all,4,40000,2,all_to_all,1,0,10000,500,500,50000000,0,0,1,0,1,1,1,0,0,0,scheduled,2000,roce,0,0,0,0,0,2000,0,uniform_floor,all_pairs,34,,1,0,1,0,12,,compute,
2000,1,2,0,1,2,19,local_completion,34,0,1,all_to_all,4,40000,2,all_to_all,2,0,10000,500,500,50000000,0,0,1,0,1,1,1,0,0,0,scheduled,2000,roce,0,0,0,0,0,2000,0,uniform_floor,all_pairs,34,,1,0,1,0,12,,compute,
2000,1,2,0,2,2,20,local_completion,34,0,1,all_to_all,4,40000,2,all_to_all,3,0,10000,500,500,50000000,0,0,1,0,1,1,1,0,0,0,scheduled,2000,roce,0,0,0,0,0,2000,0,uniform_floor,all_pairs,34,,1,0,1,0,12,,compute,
2000,1,3,0,0,3,21,local_completion,35,0,1,all_to_all,4,40000,3,all_to_all,1,0,10000,500,500,50000000,0,0,1,0,1,1,1,0,0,0,scheduled,2000,roce,0,0,0,0,0,2000,0,uniform_floor,all_pairs,35,,1,0,1,0,12,,compute,
2000,1,3,0,1,3,22,local_completion,35,0,1,all_to_all,4,40000,3,all_to_all,2,0,10000,500,500,50000000,0,0,1,0,1,1,1,0,0,0,scheduled,2000,roce,0,0,0,0,0,2000,0,uniform_floor,all_pairs,35,,1,0,1,0,12,,compute,
2000,1,3,0,2,3,23,local_completion,35,0,1,all_to_all,4,40000,3,all_to_all,3,0,10000,500,500,50000000,0,0,1,0,1,1,1,0,0,0,scheduled,2000,roce,0,0,0,0,0,2000,0,uniform_floor,all_pairs,35,,1,0,1,0,12,,compute,
4000,0,4,2,0,0,28,inbound_arrival,21,500,1,,4,0,0,,0,0,0,500,500,50000000,30000,0,0,0,0,0,0,500,0,0,blocked,0,compute,1000,0,500,0,0,0,0,,,12;13;14,17;19;21,3,0,0,10000,4,,roce,
4000,0,6,2,0,1,29,inbound_arrival,12,500,1,,4,0,1,,0,0,0,500,500,50000000,30000,0,0,0,0,0,0,500,0,0,blocked,0,compute,1000,0,500,0,0,0,0,,,15;16;17,12;20;22,3,0,0,10000,4,,roce,
4000,0,8,2,0,2,30,inbound_arrival,15,500,1,,4,0,2,,0,0,0,500,500,50000000,30000,0,0,0,0,0,0,500,0,0,blocked,0,compute,1000,0,500,0,0,0,0,,,18;19;20,13;15;23,3,0,0,10000,4,,roce,
4000,0,10,2,0,3,31,inbound_arrival,18,500,1,,4,0,3,,0,0,0,500,500,50000000,30000,0,0,0,0,0,0,500,0,0,blocked,0,compute,1000,0,500,0,0,0,0,,,21;22;23,14;16;18,3,0,0,10000,4,,roce,
4500,0,4,5,0,0,28,inbound_arrival,19,500,1,,4,0,0,,0,0,0,500,500,50000000,30000,0,0,500,0,0,0,1000,0,0,blocked,0,compute,1000,0,500,0,0,0,0,,,12;13;14,17;19;21,3,0,0,10000,4,,roce,
4500,0,6,5,0,1,29,inbound_arrival,22,500,1,,4,0,1,,0,0,0,500,500,50000000,30000,0,0,500,0,0,0,1000,0,0,blocked,0,compute,1000,0,500,0,0,0,0,,,15;16;17,12;20;22,3,0,0,10000,4,,roce,
4500,0,8,5,0,2,30,inbound_arrival,13,500,1,,4,0,2,,0,0,0,500,500,50000000,30000,0,0,500,0,0,0,1000,0,0,blocked,0,compute,1000,0,500,0,0,0,0,,,18;19;20,13;15;23,3,0,0,10000,4,,roce,
4500,0,10,5,0,3,31,inbound_arrival,16,500,1,,4,0,3,,0,0,0,500,500,50000000,30000,0,0,500,0,0,0,1000,0,0,blocked,0,compute,1000,0,500,0,0,0,0,,,21;22;23,14;16;18,3,0,0,10000,4,,roce,
5000,0,4,8,0,0,28,inbound_arrival,17,500,1,,4,0,0,,0,0,0,500,500,50000000,30000,0,0,1000,0,0,0,1500,0,0,blocked,0,compute,1000,0,500,0,0,0,0,,,12;13;14,17;19;21,3,0,0,10000,4,,roce,
5000,0,6,8,0,1,29,inbound_arrival,20,500,1,,4,0,1,,0,0,0,500,500,50000000,30000,0,0,1000,0,0,0,1500,0,0,blocked,0,compute,1000,0,500,0,0,0,0,,,15;16;17,12;20;22,3,0,0,10000,4,,roce,
5000,0,8,8,0,2,30,inbound_arrival,23,500,1,,4,0,2,,0,0,0,500,500,50000000,30000,0,0,1000,0,0,0,1500,0,0,blocked,0,compute,1000,0,500,0,0,0,0,,,18;19;20,13;15;23,3,0,0,10000,4,,roce,
5000,0,10,8,0,3,31,inbound_arrival,14,500,1,,4,0,3,,0,0,0,500,500,50000000,30000,0,0,1000,0,0,0,1500,0,0,blocked,0,compute,1000,0,500,0,0,0,0,,,21;22;23,14;16;18,3,0,0,10000,4,,roce,
5500,0,4,11,0,0,28,inbound_arrival,21,500,1,,4,0,0,,0,0,0,500,500,50000000,30000,0,0,1500,0,0,0,2000,0,0,blocked,0,compute,1000,500,500,0,0,0,0,,,12;13;14,17;19;21,3,0,0,10000,4,,roce,
5500,0,6,11,0,1,29,inbound_arrival,12,500,1,,4,0,1,,0,0,0,500,500,50000000,30000,0,0,1500,0,0,0,2000,0,0,blocked,0,compute,1000,500,500,0,0,0,0,,,15;16;17,12;20;22,3,0,0,10000,4,,roce,
5500,0,8,11,0,2,30,inbound_arrival,15,500,1,,4,0,2,,0,0,0,500,500,50000000,30000,0,0,1500,0,0,0,2000,0,0,blocked,0,compute,1000,500,500,0,0,0,0,,,18;19;20,13;15;23,3,0,0,10000,4,,roce,
5500,0,10,11,0,3,31,inbound_arrival,18,500,1,,4,0,3,,0,0,0,500,500,50000000,30000,0,0,1500,0,0,0,2000,0,0,blocked,0,compute,1000,500,500,0,0,0,0,,,21;22;23,14;16;18,3,0,0,10000,4,,roce,
6000,0,4,14,0,0,28,inbound_arrival,19,500,1,,4,0,0,,0,0,0,500,500,50000000,30000,0,0,2000,0,0,0,2500,0,0,blocked,0,compute,1000,500,500,0,0,0,0,,,12;13;14,17;19;21,3,0,0,10000,4,,roce,
6000,0,6,14,0,1,29,inbound_arrival,22,500,1,,4,0,1,,0,0,0,500,500,50000000,30000,0,0,2000,0,0,0,2500,0,0,blocked,0,compute,1000,500,500,0,0,0,0,,,15;16;17,12;20;22,3,0,0,10000,4,,roce,
6000,0,8,14,0,2,30,inbound_arrival,13,500,1,,4,0,2,,0,0,0,500,500,50000000,30000,0,0,2000,0,0,0,2500,0,0,blocked,0,compute,1000,500,500,0,0,0,0,,,18;19;20,13;15;23,3,0,0,10000,4,,roce,
6000,0,10,14,0,3,31,inbound_arrival,16,500,1,,4,0,3,,0,0,0,500,500,50000000,30000,0,0,2000,0,0,0,2500,0,0,blocked,0,compute,1000,500,500,0,0,0,0,,,21;22;23,14;16;18,3,0,0,10000,4,,roce,
6500,0,4,17,0,0,28,inbound_arrival,17,500,1,,4,0,0,,0,0,0,500,500,50000000,30000,0,0,2500,0,0,0,3000,0,0,blocked,0,compute,1000,500,500,0,0,0,0,,,12;13;14,17;19;21,3,0,0,10000,4,,roce,
6500,0,6,17,0,1,29,inbound_arrival,20,500,1,,4,0,1,,0,0,0,500,500,50000000,30000,0,0,2500,0,0,0,3000,0,0,blocked,0,compute,1000,500,500,0,0,0,0,,,15;16;17,12;20;22,3,0,0,10000,4,,roce,
6500,0,8,17,0,2,30,inbound_arrival,23,500,1,,4,0,2,,0,0,0,500,500,50000000,30000,0,0,2500,0,0,0,3000,0,0,blocked,0,compute,1000,500,500,0,0,0,0,,,18;19;20,13;15;23,3,0,0,10000,4,,roce,
6500,0,10,17,0,3,31,inbound_arrival,14,500,1,,4,0,3,,0,0,0,500,500,50000000,30000,0,0,2500,0,0,0,3000,0,0,blocked,0,compute,1000,500,500,0,0,0,0,,,21;22;23,14;16;18,3,0,0,10000,4,,roce,
7000,0,4,20,0,0,28,inbound_arrival,21,500,1,,4,0,0,,0,0,0,500,500,50000000,30000,0,0,3000,0,0,0,3500,0,0,blocked,0,compute,1000,1000,500,0,0,0,0,,,12;13;14,17;19;21,3,0,0,10000,4,,roce,
7000,0,6,20,0,1,29,inbound_arrival,12,500,1,,4,0,1,,0,0,0,500,500,50000000,30000,0,0,3000,0,0,0,3500,0,0,blocked,0,compute,1000,1000,500,0,0,0,0,,,15;16;17,12;20;22,3,0,0,10000,4,,roce,
7000,0,8,20,0,2,30,inbound_arrival,15,500,1,,4,0,2,,0,0,0,500,500,50000000,30000,0,0,3000,0,0,0,3500,0,0,blocked,0,compute,1000,1000,500,0,0,0,0,,,18;19;20,13;15;23,3,0,0,10000,4,,roce,
7000,0,10,20,0,3,31,inbound_arrival,18,500,1,,4,0,3,,0,0,0,500,500,50000000,30000,0,0,3000,0,0,0,3500,0,0,blocked,0,compute,1000,1000,500,0,0,0,0,,,21;22;23,14;16;18,3,0,0,10000,4,,roce,
7500,0,4,23,0,0,28,inbound_arrival,19,500,1,,4,0,0,,0,0,0,500,500,50000000,30000,0,0,3500,0,0,0,4000,0,0,blocked,0,compute,1000,1000,500,0,0,0,0,,,12;13;14,17;19;21,3,0,0,10000,4,,roce,
7500,0,6,23,0,1,29,inbound_arrival,22,500,1,,4,0,1,,0,0,0,500,500,50000000,30000,0,0,3500,0,0,0,4000,0,0,blocked,0,compute,1000,1000,500,0,0,0,0,,,15;16;17,12;20;22,3,0,0,10000,4,,roce,
7500,0,8,23,0,2,30,inbound_arrival,13,500,1,,4,0,2,,0,0,0,500,500,50000000,30000,0,0,3500,0,0,0,4000,0,0,blocked,0,compute,1000,1000,500,0,0,0,0,,,18;19;20,13;15;23,3,0,0,10000,4,,roce,
7500,0,10,23,0,3,31,inbound_arrival,16,500,1,,4,0,3,,0,0,0,500,500,50000000,30000,0,0,3500,0,0,0,4000,0,0,blocked,0,compute,1000,1000,500,0,0,0,0,,,21;22;23,14;16;18,3,0,0,10000,4,,roce,
8000,0,4,26,0,0,28,inbound_arrival,17,500,1,,4,0,0,,0,0,0,500,500,50000000,30000,0,0,4000,0,0,0,4500,0,0,blocked,0,compute,1000,1000,500,0,0,0,0,,,12;13;14,17;19;21,3,0,0,10000,4,,roce,
8000,0,6,26,0,1,29,inbound_arrival,20,500,1,,4,0,1,,0,0,0,500,500,50000000,30000,0,0,4000,0,0,0,4500,0,0,blocked,0,compute,1000,1000,500,0,0,0,0,,,15;16;17,12;20;22,3,0,0,10000,4,,roce,
8000,0,8,26,0,2,30,inbound_arrival,23,500,1,,4,0,2,,0,0,0,500,500,50000000,30000,0,0,4000,0,0,0,4500,0,0,blocked,0,compute,1000,1000,500,0,0,0,0,,,18;19;20,13;15;23,3,0,0,10000,4,,roce,
8000,0,10,26,0,3,31,inbound_arrival,14,500,1,,4,0,3,,0,0,0,500,500,50000000,30000,0,0,4000,0,0,0,4500,0,0,blocked,0,compute,1000,1000,500,0,0,0,0,,,21;22;23,14;16;18,3,0,0,10000,4,,roce,
8500,0,4,29,0,0,28,inbound_arrival,21,500,1,,4,0,0,,0,0,0,500,500,50000000,30000,0,0,4500,0,0,0,5000,0,0,blocked,0,compute,1000,1500,500,0,0,0,0,,,12;13;14,17;19;21,3,0,0,10000,4,,roce,
8500,0,6,29,0,1,29,inbound_arrival,12,500,1,,4,0,1,,0,0,0,500,500,50000000,30000,0,0,4500,0,0,0,5000,0,0,blocked,0,compute,1000,1500,500,0,0,0,0,,,15;16;17,12;20;22,3,0,0,10000,4,,roce,
8500,0,8,29,0,2,30,inbound_arrival,15,500,1,,4,0,2,,0,0,0,500,500,50000000,30000,0,0,4500,0,0,0,5000,0,0,blocked,0,compute,1000,1500,500,0,0,0,0,,,18;19;20,13;15;23,3,0,0,10000,4,,roce,
8500,0,10,29,0,3,31,inbound_arrival,18,500,1,,4,0,3,,0,0,0,500,500,50000000,30000,0,0,4500,0,0,0,5000,0,0,blocked,0,compute,1000,1500,500,0,0,0,0,,,21;22;23,14;16;18,3,0,0,10000,4,,roce,
9000,0,4,32,0,0,28,inbound_arrival,19,500,1,,4,0,0,,0,0,0,500,500,50000000,30000,0,0,5000,0,0,0,5500,0,0,blocked,0,compute,1000,1500,500,0,0,0,0,,,12;13;14,17;19;21,3,0,0,10000,4,,roce,
9000,0,6,32,0,1,29,inbound_arrival,22,500,1,,4,0,1,,0,0,0,500,500,50000000,30000,0,0,5000,0,0,0,5500,0,0,blocked,0,compute,1000,1500,500,0,0,0,0,,,15;16;17,12;20;22,3,0,0,10000,4,,roce,
9000,0,8,32,0,2,30,inbound_arrival,13,500,1,,4,0,2,,0,0,0,500,500,50000000,30000,0,0,5000,0,0,0,5500,0,0,blocked,0,compute,1000,1500,500,0,0,0,0,,,18;19;20,13;15;23,3,0,0,10000,4,,roce,
9000,0,10,32,0,3,31,inbound_arrival,16,500,1,,4,0,3,,0,0,0,500,500,50000000,30000,0,0,5000,0,0,0,5500,0,0,blocked,0,compute,1000,1500,500,0,0,0,0,,,21;22;23,14;16;18,3,0,0,10000,4,,roce,
9500,0,4,35,0,0,28,inbound_arrival,17,500,1,,4,0,0,,0,0,0,500,500,50000000,30000,0,0,5500,0,0,0,6000,0,0,blocked,0,compute,1000,1500,500,0,0,0,0,,,12;13;14,17;19;21,3,0,0,10000,4,,roce,
9500,0,6,35,0,1,29,inbound_arrival,20,500,1,,4,0,1,,0,0,0,500,500,50000000,30000,0,0,5500,0,0,0,6000,0,0,blocked,0,compute,1000,1500,500,0,0,0,0,,,15;16;17,12;20;22,3,0,0,10000,4,,roce,
9500,0,8,35,0,2,30,inbound_arrival,23,500,1,,4,0,2,,0,0,0,500,500,50000000,30000,0,0,5500,0,0,0,6000,0,0,blocked,0,compute,1000,1500,500,0,0,0,0,,,18;19;20,13;15;23,3,0,0,10000,4,,roce,
9500,0,10,35,0,3,31,inbound_arrival,14,500,1,,4,0,3,,0,0,0,500,500,50000000,30000,0,0,5500,0,0,0,6000,0,0,blocked,0,compute,1000,1500,500,0,0,0,0,,,21;22;23,14;16;18,3,0,0,10000,4,,roce,
10064,0,4,41,0,0,28,inbound_arrival,21,500,1,,4,0,0,,0,0,0,500,500,50000000,30000,0,0,6000,0,0,0,6500,0,0,blocked,0,compute,1000,2000,500,0,0,0,0,,,12;13;14,17;19;21,3,0,0,10000,4,,roce,
10064,0,6,41,0,1,29,inbound_arrival,12,500,1,,4,0,1,,0,0,0,500,500,50000000,30000,0,0,6000,0,0,0,6500,0,0,blocked,0,compute,1000,2000,500,0,0,0,0,,,15;16;17,12;20;22,3,0,0,10000,4,,roce,
10064,0,8,41,0,2,30,inbound_arrival,15,500,1,,4,0,2,,0,0,0,500,500,50000000,30000,0,0,6000,0,0,0,6500,0,0,blocked,0,compute,1000,2000,500,0,0,0,0,,,18;19;20,13;15;23,3,0,0,10000,4,,roce,
10064,0,10,38,0,3,31,inbound_arrival,18,500,1,,4,0,3,,0,0,0,500,500,50000000,30000,0,0,6000,0,0,0,6500,0,0,blocked,0,compute,1000,2000,500,0,0,0,0,,,21;22;23,14;16;18,3,0,0,10000,4,,roce,
10564,0,4,44,0,0,28,inbound_arrival,19,500,1,,4,0,0,,0,0,0,500,500,50000000,30000,0,0,6500,0,0,0,7000,0,0,blocked,0,compute,1000,2000,500,0,0,0,0,,,12;13;14,17;19;21,3,0,0,10000,4,,roce,
10564,0,6,44,0,1,29,inbound_arrival,22,500,1,,4,0,1,,0,0,0,500,500,50000000,30000,0,0,6500,0,0,0,7000,0,0,blocked,0,compute,1000,2000,500,0,0,0,0,,,15;16;17,12;20;22,3,0,0,10000,4,,roce,
10564,0,8,44,0,2,30,inbound_arrival,13,500,1,,4,0,2,,0,0,0,500,500,50000000,30000,0,0,6500,0,0,0,7000,0,0,blocked,0,compute,1000,2000,500,0,0,0,0,,,18;19;20,13;15;23,3,0,0,10000,4,,roce,
10564,0,10,41,0,3,31,inbound_arrival,16,500,1,,4,0,3,,0,0,0,500,500,50000000,30000,0,0,6500,0,0,0,7000,0,0,blocked,0,compute,1000,2000,500,0,0,0,0,,,21;22;23,14;16;18,3,0,0,10000,4,,roce,
11064,0,4,47,0,0,28,inbound_arrival,17,500,1,,4,0,0,,0,0,0,500,500,50000000,30000,0,0,7000,0,0,0,7500,0,0,blocked,0,compute,1000,2000,500,0,0,0,0,,,12;13;14,17;19;21,3,0,0,10000,4,,roce,
11064,0,6,47,0,1,29,inbound_arrival,20,500,1,,4,0,1,,0,0,0,500,500,50000000,30000,0,0,7000,0,0,0,7500,0,0,blocked,0,compute,1000,2000,500,0,0,0,0,,,15;16;17,12;20;22,3,0,0,10000,4,,roce,
11064,0,8,47,0,2,30,inbound_arrival,23,500,1,,4,0,2,,0,0,0,500,500,50000000,30000,0,0,7000,0,0,0,7500,0,0,blocked,0,compute,1000,2000,500,0,0,0,0,,,18;19;20,13;15;23,3,0,0,10000,4,,roce,
11064,0,10,44,0,3,31,inbound_arrival,14,500,1,,4,0,3,,0,0,0,500,500,50000000,30000,0,0,7000,0,0,0,7500,0,0,blocked,0,compute,1000,2000,500,0,0,0,0,,,21;22;23,14;16;18,3,0,0,10000,4,,roce,
11564,0,8,50,0,2,30,inbound_arrival,15,500,1,,4,0,2,,0,0,0,500,500,50000000,30000,0,0,7500,0,0,0,8000,0,0,blocked,0,compute,1000,2500,500,0,0,0,0,,,18;19;20,13;15;23,3,0,0,10000,4,,roce,
11628,0,4,53,0,0,28,inbound_arrival,21,500,1,,4,0,0,,0,0,0,500,500,50000000,30000,0,0,7500,0,0,0,8000,0,0,blocked,0,compute,1000,2500,500,0,0,0,0,,,12;13;14,17;19;21,3,0,0,10000,4,,roce,
11628,0,6,53,0,1,29,inbound_arrival,12,500,1,,4,0,1,,0,0,0,500,500,50000000,30000,0,0,7500,0,0,0,8000,0,0,blocked,0,compute,1000,2500,500,0,0,0,0,,,15;16;17,12;20;22,3,0,0,10000,4,,roce,
11628,0,10,50,0,3,31,inbound_arrival,18,500,1,,4,0,3,,0,0,0,500,500,50000000,30000,0,0,7500,0,0,0,8000,0,0,blocked,0,compute,1000,2500,500,0,0,0,0,,,21;22;23,14;16;18,3,0,0,10000,4,,roce,
12064,0,8,53,0,2,30,inbound_arrival,13,500,1,,4,0,2,,0,0,0,500,500,50000000,30000,0,0,8000,0,0,0,8500,0,0,blocked,0,compute,1000,2500,500,0,0,0,0,,,18;19;20,13;15;23,3,0,0,10000,4,,roce,
12128,0,4,56,0,0,28,inbound_arrival,19,500,1,,4,0,0,,0,0,0,500,500,50000000,30000,0,0,8000,0,0,0,8500,0,0,blocked,0,compute,1000,2500,500,0,0,0,0,,,12;13;14,17;19;21,3,0,0,10000,4,,roce,
12128,0,6,56,0,1,29,inbound_arrival,22,500,1,,4,0,1,,0,0,0,500,500,50000000,30000,0,0,8000,0,0,0,8500,0,0,blocked,0,compute,1000,2500,500,0,0,0,0,,,15;16;17,12;20;22,3,0,0,10000,4,,roce,
12128,0,10,53,0,3,31,inbound_arrival,16,500,1,,4,0,3,,0,0,0,500,500,50000000,30000,0,0,8000,0,0,0,8500,0,0,blocked,0,compute,1000,2500,500,0,0,0,0,,,21;22;23,14;16;18,3,0,0,10000,4,,roce,
12628,0,4,59,0,0,28,inbound_arrival,17,500,1,,4,0,0,,0,0,0,500,500,50000000,30000,0,0,8500,0,0,0,9000,0,0,blocked,0,compute,1000,2500,500,0,0,0,0,,,12;13;14,17;19;21,3,0,0,10000,4,,roce,
12628,0,6,59,0,1,29,inbound_arrival,20,500,1,,4,0,1,,0,0,0,500,500,50000000,30000,0,0,8500,0,0,0,9000,0,0,blocked,0,compute,1000,2500,500,0,0,0,0,,,15;16;17,12;20;22,3,0,0,10000,4,,roce,
12628,0,10,56,0,3,31,inbound_arrival,14,500,1,,4,0,3,,0,0,0,500,500,50000000,30000,0,0,8500,0,0,0,9000,0,0,blocked,0,compute,1000,2500,500,0,0,0,0,,,21;22;23,14;16;18,3,0,0,10000,4,,roce,
12692,0,8,59,0,2,30,inbound_arrival,23,500,1,,4,0,2,,0,0,0,500,500,50000000,30000,0,0,8500,0,0,0,9000,0,0,blocked,0,compute,1000,2500,500,0,0,0,0,,,18;19;20,13;15;23,3,0,0,10000,4,,roce,
13128,0,6,62,0,1,29,inbound_arrival,12,500,1,,4,0,1,,0,0,0,500,500,50000000,30000,0,0,9000,0,0,0,9500,0,0,blocked,0,compute,1000,3000,500,0,0,0,0,,,15;16;17,12;20;22,3,0,0,10000,4,,roce,
13192,0,4,65,0,0,28,inbound_arrival,21,500,1,,4,0,0,,0,0,0,500,500,50000000,30000,0,0,9000,0,0,0,9500,0,0,blocked,0,compute,1000,3000,500,0,0,0,0,,,12;13;14,17;19;21,3,0,0,10000,4,,roce,
13192,0,8,62,0,2,30,inbound_arrival,15,500,1,,4,0,2,,0,0,0,500,500,50000000,30000,0,0,9000,0,0,0,9500,0,0,blocked,0,compute,1000,3000,500,0,0,0,0,,,18;19;20,13;15;23,3,0,0,10000,4,,roce,
13192,0,10,62,0,3,31,inbound_arrival,18,500,1,,4,0,3,,0,0,0,500,500,50000000,30000,0,0,9000,0,0,0,9500,0,0,blocked,0,compute,1000,3000,500,0,0,0,0,,,21;22;23,14;16;18,3,0,0,10000,4,,roce,
13692,0,4,68,0,0,28,inbound_arrival,19,500,1,,4,0,0,,0,0,0,500,500,50000000,30000,0,0,9500,0,0,0,10000,0,0,blocked,0,compute,1000,3000,500,0,0,0,0,,,12;13;14,17;19;21,3,0,0,10000,4,,roce,
13692,0,6,65,0,1,29,inbound_arrival,22,500,1,,4,0,1,,0,0,0,500,500,50000000,30000,0,0,9500,0,0,0,10000,0,0,blocked,0,compute,1000,3000,500,0,0,0,0,,,15;16;17,12;20;22,3,0,0,10000,4,,roce,
13692,0,8,65,0,2,30,inbound_arrival,13,500,1,,4,0,2,,0,0,0,500,500,50000000,30000,0,0,9500,0,0,0,10000,0,0,blocked,0,compute,1000,3000,500,0,0,0,0,,,18;19;20,13;15;23,3,0,0,10000,4,,roce,
13692,0,10,65,0,3,31,inbound_arrival,16,500,1,,4,0,3,,0,0,0,500,500,50000000,30000,0,0,9500,0,0,0,10000,0,0,blocked,0,compute,1000,3000,500,0,0,0,0,,,21;22;23,14;16;18,3,0,0,10000,4,,roce,
14192,0,4,71,0,0,28,inbound_arrival,17,500,1,,4,0,0,,0,0,0,500,500,50000000,30000,0,0,10000,0,0,0,10500,0,0,blocked,0,compute,1000,3000,500,0,0,0,0,,,12;13;14,17;19;21,3,0,0,10000,4,,roce,
14192,0,6,68,0,1,29,inbound_arrival,20,500,1,,4,0,1,,0,0,0,500,500,50000000,30000,0,0,10000,0,0,0,10500,0,0,blocked,0,compute,1000,3000,500,0,0,0,0,,,15;16;17,12;20;22,3,0,0,10000,4,,roce,
14192,0,10,68,0,3,31,inbound_arrival,14,500,1,,4,0,3,,0,0,0,500,500,50000000,30000,0,0,10000,0,0,0,10500,0,0,blocked,0,compute,1000,3000,500,0,0,0,0,,,21;22;23,14;16;18,3,0,0,10000,4,,roce,
14256,0,8,71,0,2,30,inbound_arrival,23,500,1,,4,0,2,,0,0,0,500,500,50000000,30000,0,0,10000,0,0,0,10500,0,0,blocked,0,compute,1000,3000,500,0,0,0,0,,,18;19;20,13;15;23,3,0,0,10000,4,,roce,
14756,0,4,77,0,0,28,inbound_arrival,21,500,1,,4,0,0,,0,0,0,500,500,50000000,30000,0,0,10500,0,0,0,11000,0,0,blocked,0,compute,1000,3500,500,0,0,0,0,,,12;13;14,17;19;21,3,0,0,10000,4,,roce,
14756,0,10,74,0,3,31,inbound_arrival,18,500,1,,4,0,3,,0,0,0,500,500,50000000,30000,0,0,10500,0,0,0,11000,0,0,blocked,0,compute,1000,3500,500,0,0,0,0,,,21;22;23,14;16;18,3,0,0,10000,4,,roce,
14820,0,6,77,0,1,29,inbound_arrival,12,500,1,,4,0,1,,0,0,0,500,500,50000000,30000,0,0,10500,0,0,0,11000,0,0,blocked,0,compute,1000,3500,500,0,0,0,0,,,15;16;17,12;20;22,3,0,0,10000,4,,roce,
14820,0,8,77,0,2,30,inbound_arrival,15,500,1,,4,0,2,,0,0,0,500,500,50000000,30000,0,0,10500,0,0,0,11000,0,0,blocked,0,compute,1000,3500,500,0,0,0,0,,,18;19;20,13;15;23,3,0,0,10000,4,,roce,
15256,0,4,80,0,0,28,inbound_arrival,19,500,1,,4,0,0,,0,0,0,500,500,50000000,30000,0,0,11000,0,0,0,11500,0,0,blocked,0,compute,1000,3500,500,0,0,0,0,,,12;13;14,17;19;21,3,0,0,10000,4,,roce,
15256,0,10,77,0,3,31,inbound_arrival,16,500,1,,4,0,3,,0,0,0,500,500,50000000,30000,0,0,11000,0,0,0,11500,0,0,blocked,0,compute,1000,3500,500,0,0,0,0,,,21;22;23,14;16;18,3,0,0,10000,4,,roce,
15320,0,6,80,0,1,29,inbound_arrival,22,500,1,,4,0,1,,0,0,0,500,500,50000000,30000,0,0,11000,0,0,0,11500,0,0,blocked,0,compute,1000,3500,500,0,0,0,0,,,15;16;17,12;20;22,3,0,0,10000,4,,roce,
15320,0,8,80,0,2,30,inbound_arrival,13,500,1,,4,0,2,,0,0,0,500,500,50000000,30000,0,0,11000,0,0,0,11500,0,0,blocked,0,compute,1000,3500,500,0,0,0,0,,,18;19;20,13;15;23,3,0,0,10000,4,,roce,
15756,0,4,83,0,0,28,inbound_arrival,17,500,1,,4,0,0,,0,0,0,500,500,50000000,30000,0,0,11500,0,0,0,12000,0,0,blocked,0,compute,1000,3500,500,0,0,0,0,,,12;13;14,17;19;21,3,0,0,10000,4,,roce,
15756,0,10,80,0,3,31,inbound_arrival,14,500,1,,4,0,3,,0,0,0,500,500,50000000,30000,0,0,11500,0,0,0,12000,0,0,blocked,0,compute,1000,3500,500,0,0,0,0,,,21;22;23,14;16;18,3,0,0,10000,4,,roce,
15820,0,6,83,0,1,29,inbound_arrival,20,500,1,,4,0,1,,0,0,0,500,500,50000000,30000,0,0,11500,0,0,0,12000,0,0,blocked,0,compute,1000,3500,500,0,0,0,0,,,15;16;17,12;20;22,3,0,0,10000,4,,roce,
15820,0,8,83,0,2,30,inbound_arrival,23,500,1,,4,0,2,,0,0,0,500,500,50000000,30000,0,0,11500,0,0,0,12000,0,0,blocked,0,compute,1000,3500,500,0,0,0,0,,,18;19;20,13;15;23,3,0,0,10000,4,,roce,
16320,0,4,89,0,0,28,inbound_arrival,21,500,1,,4,0,0,,0,0,0,500,500,50000000,30000,0,0,12000,0,0,0,12500,0,0,blocked,0,compute,1000,4000,500,0,0,0,0,,,12;13;14,17;19;21,3,0,0,10000,4,,roce,
16320,0,8,86,0,2,30,inbound_arrival,15,500,1,,4,0,2,,0,0,0,500,500,50000000,30000,0,0,12000,0,0,0,12500,0,0,blocked,0,compute,1000,4000,500,0,0,0,0,,,18;19;20,13;15;23,3,0,0,10000,4,,roce,
16320,0,10,86,0,3,31,inbound_arrival,18,500,1,,4,0,3,,0,0,0,500,500,50000000,30000,0,0,12000,0,0,0,12500,0,0,blocked,0,compute,1000,4000,500,0,0,0,0,,,21;22;23,14;16;18,3,0,0,10000,4,,roce,
16384,0,6,89,0,1,29,inbound_arrival,12,500,1,,4,0,1,,0,0,0,500,500,50000000,30000,0,0,12000,0,0,0,12500,0,0,blocked,0,compute,1000,4000,500,0,0,0,0,,,15;16;17,12;20;22,3,0,0,10000,4,,roce,
16820,0,4,92,0,0,28,inbound_arrival,19,500,1,,4,0,0,,0,0,0,500,500,50000000,30000,0,0,12500,0,0,0,13000,0,0,blocked,0,compute,1000,4000,500,0,0,0,0,,,12;13;14,17;19;21,3,0,0,10000,4,,roce,
16820,0,8,89,0,2,30,inbound_arrival,13,500,1,,4,0,2,,0,0,0,500,500,50000000,30000,0,0,12500,0,0,0,13000,0,0,blocked,0,compute,1000,4000,500,0,0,0,0,,,18;19;20,13;15;23,3,0,0,10000,4,,roce,
16820,0,10,89,0,3,31,inbound_arrival,16,500,1,,4,0,3,,0,0,0,500,500,50000000,30000,0,0,12500,0,0,0,13000,0,0,blocked,0,compute,1000,4000,500,0,0,0,0,,,21;22;23,14;16;18,3,0,0,10000,4,,roce,
16884,0,6,92,0,1,29,inbound_arrival,22,500,1,,4,0,1,,0,0,0,500,500,50000000,30000,0,0,12500,0,0,0,13000,0,0,blocked,0,compute,1000,4000,500,0,0,0,0,,,15;16;17,12;20;22,3,0,0,10000,4,,roce,
17320,0,4,95,0,0,28,inbound_arrival,17,500,1,,4,0,0,,0,0,0,500,500,50000000,30000,0,0,13000,0,0,0,13500,0,0,blocked,0,compute,1000,4000,500,0,0,0,0,,,12;13;14,17;19;21,3,0,0,10000,4,,roce,
17320,0,10,92,0,3,31,inbound_arrival,14,500,1,,4,0,3,,0,0,0,500,500,50000000,30000,0,0,13000,0,0,0,13500,0,0,blocked,0,compute,1000,4000,500,0,0,0,0,,,21;22;23,14;16;18,3,0,0,10000,4,,roce,
17384,0,6,95,0,1,29,inbound_arrival,20,500,1,,4,0,1,,0,0,0,500,500,50000000,30000,0,0,13000,0,0,0,13500,0,0,blocked,0,compute,1000,4000,500,0,0,0,0,,,15;16;17,12;20;22,3,0,0,10000,4,,roce,
17384,0,8,95,0,2,30,inbound_arrival,23,500,1,,4,0,2,,0,0,0,500,500,50000000,30000,0,0,13000,0,0,0,13500,0,0,blocked,0,compute,1000,4000,500,0,0,0,0,,,18;19;20,13;15;23,3,0,0,10000,4,,roce,
17884,0,4,101,0,0,28,inbound_arrival,21,500,1,,4,0,0,,0,0,0,500,500,50000000,30000,0,0,13500,0,0,0,14000,0,0,blocked,0,compute,1000,4500,500,0,0,0,0,,,12;13;14,17;19;21,3,0,0,10000,4,,roce,
17884,0,6,98,0,1,29,inbound_arrival,12,500,1,,4,0,1,,0,0,0,500,500,50000000,30000,0,0,13500,0,0,0,14000,0,0,blocked,0,compute,1000,4500,500,0,0,0,0,,,15;16;17,12;20;22,3,0,0,10000,4,,roce,
17884,0,8,98,0,2,30,inbound_arrival,15,500,1,,4,0,2,,0,0,0,500,500,50000000,30000,0,0,13500,0,0,0,14000,0,0,blocked,0,compute,1000,4500,500,0,0,0,0,,,18;19;20,13;15;23,3,0,0,10000,4,,roce,
17884,0,10,98,0,3,31,inbound_arrival,18,500,1,,4,0,3,,0,0,0,500,500,50000000,30000,0,0,13500,0,0,0,14000,0,0,blocked,0,compute,1000,4500,500,0,0,0,0,,,21;22;23,14;16;18,3,0,0,10000,4,,roce,
18384,0,4,104,0,0,28,inbound_arrival,19,500,1,,4,0,0,,0,0,0,500,500,50000000,30000,0,0,14000,0,0,0,14500,0,0,blocked,0,compute,1000,4500,500,0,0,0,0,,,12;13;14,17;19;21,3,0,0,10000,4,,roce,
18384,0,6,101,0,1,29,inbound_arrival,22,500,1,,4,0,1,,0,0,0,500,500,50000000,30000,0,0,14000,0,0,0,14500,0,0,blocked,0,compute,1000,4500,500,0,0,0,0,,,15;16;17,12;20;22,3,0,0,10000,4,,roce,
18384,0,8,101,0,2,30,inbound_arrival,13,500,1,,4,0,2,,0,0,0,500,500,50000000,30000,0,0,14000,0,0,0,14500,0,0,blocked,0,compute,1000,4500,500,0,0,0,0,,,18;19;20,13;15;23,3,0,0,10000,4,,roce,
18384,0,10,101,0,3,31,inbound_arrival,16,500,1,,4,0,3,,0,0,0,500,500,50000000,30000,0,0,14000,0,0,0,14500,0,0,blocked,0,compute,1000,4500,500,0,0,0,0,,,21;22;23,14;16;18,3,0,0,10000,4,,roce,
18884,0,4,107,0,0,28,inbound_arrival,17,500,1,,4,0,0,,0,0,0,500,500,50000000,30000,0,0,14500,0,0,0,15000,0,0,blocked,0,compute,1000,4500,500,0,0,0,0,,,12;13;14,17;19;21,3,0,0,10000,4,,roce,
18884,0,6,104,0,1,29,inbound_arrival,20,500,1,,4,0,1,,0,0,0,500,500,50000000,30000,0,0,14500,0,0,0,15000,0,0,blocked,0,compute,1000,4500,500,0,0,0,0,,,15;16;17,12;20;22,3,0,0,10000,4,,roce,
18884,0,10,104,0,3,31,inbound_arrival,14,500,1,,4,0,3,,0,0,0,500,500,50000000,30000,0,0,14500,0,0,0,15000,0,0,blocked,0,compute,1000,4500,500,0,0,0,0,,,21;22;23,14;16;18,3,0,0,10000,4,,roce,
18948,0,8,107,0,2,30,inbound_arrival,23,500,1,,4,0,2,,0,0,0,500,500,50000000,30000,0,0,14500,0,0,0,15000,0,0,blocked,0,compute,1000,4500,500,0,0,0,0,,,18;19;20,13;15;23,3,0,0,10000,4,,roce,
19448,0,4,113,0,0,28,inbound_arrival,21,500,1,,4,0,0,,0,0,0,500,500,50000000,30000,0,0,15000,0,0,0,15500,0,0,blocked,0,compute,1000,5000,500,0,0,0,0,,,12;13;14,17;19;21,3,0,0,10000,4,,roce,
19448,0,10,110,0,3,31,inbound_arrival,18,500,1,,4,0,3,,0,0,0,500,500,50000000,30000,0,0,15000,0,0,0,15500,0,0,blocked,0,compute,1000,5000,500,0,0,0,0,,,21;22;23,14;16;18,3,0,0,10000,4,,roce,
19512,0,6,113,0,1,29,inbound_arrival,12,500,1,,4,0,1,,0,0,0,500,500,50000000,30000,0,0,15000,0,0,0,15500,0,0,blocked,0,compute,1000,5000,500,0,0,0,0,,,15;16;17,12;20;22,3,0,0,10000,4,,roce,
19512,0,8,113,0,2,30,inbound_arrival,15,500,1,,4,0,2,,0,0,0,500,500,50000000,30000,0,0,15000,0,0,0,15500,0,0,blocked,0,compute,1000,5000,500,0,0,0,0,,,18;19;20,13;15;23,3,0,0,10000,4,,roce,
19948,0,4,116,0,0,28,inbound_arrival,19,500,1,,4,0,0,,0,0,0,500,500,50000000,30000,0,0,15500,0,0,0,16000,0,0,blocked,0,compute,1000,5000,500,0,0,0,0,,,12;13;14,17;19;21,3,0,0,10000,4,,roce,
19948,0,10,113,0,3,31,inbound_arrival,16,500,1,,4,0,3,,0,0,0,500,500,50000000,30000,0,0,15500,0,0,0,16000,0,0,blocked,0,compute,1000,5000,500,0,0,0,0,,,21;22;23,14;16;18,3,0,0,10000,4,,roce,
20012,0,6,116,0,1,29,inbound_arrival,22,500,1,,4,0,1,,0,0,0,500,500,50000000,30000,0,0,15500,0,0,0,16000,0,0,blocked,0,compute,1000,5000,500,0,0,0,0,,,15;16;17,12;20;22,3,0,0,10000,4,,roce,
20012,0,8,116,0,2,30,inbound_arrival,13,500,1,,4,0,2,,0,0,0,500,500,50000000,30000,0,0,15500,0,0,0,16000,0,0,blocked,0,compute,1000,5000,500,0,0,0,0,,,18;19;20,13;15;23,3,0,0,10000,4,,roce,
20448,0,4,119,0,0,28,inbound_arrival,17,500,1,,4,0,0,,0,0,0,500,500,50000000,30000,0,0,16000,0,0,0,16500,0,0,blocked,0,compute,1000,5000,500,0,0,0,0,,,12;13;14,17;19;21,3,0,0,10000,4,,roce,
20448,0,10,116,0,3,31,inbound_arrival,14,500,1,,4,0,3,,0,0,0,500,500,50000000,30000,0,0,16000,0,0,0,16500,0,0,blocked,0,compute,1000,5000,500,0,0,0,0,,,21;22;23,14;16;18,3,0,0,10000,4,,roce,
20512,0,6,119,0,1,29,inbound_arrival,20,500,1,,4,0,1,,0,0,0,500,500,50000000,30000,0,0,16000,0,0,0,16500,0,0,blocked,0,compute,1000,5000,500,0,0,0,0,,,15;16;17,12;20;22,3,0,0,10000,4,,roce,
20512,0,8,119,0,2,30,inbound_arrival,23,500,1,,4,0,2,,0,0,0,500,500,50000000,30000,0,0,16000,0,0,0,16500,0,0,blocked,0,compute,1000,5000,500,0,0,0,0,,,18;19;20,13;15;23,3,0,0,10000,4,,roce,
21012,0,4,125,0,0,28,inbound_arrival,21,500,1,,4,0,0,,0,0,0,500,500,50000000,30000,0,0,16500,0,0,0,17000,0,0,blocked,0,compute,1000,5500,500,0,0,0,0,,,12;13;14,17;19;21,3,0,0,10000,4,,roce,
21012,0,8,122,0,2,30,inbound_arrival,15,500,1,,4,0,2,,0,0,0,500,500,50000000,30000,0,0,16500,0,0,0,17000,0,0,blocked,0,compute,1000,5500,500,0,0,0,0,,,18;19;20,13;15;23,3,0,0,10000,4,,roce,
21012,0,10,122,0,3,31,inbound_arrival,18,500,1,,4,0,3,,0,0,0,500,500,50000000,30000,0,0,16500,0,0,0,17000,0,0,blocked,0,compute,1000,5500,500,0,0,0,0,,,21;22;23,14;16;18,3,0,0,10000,4,,roce,
21076,0,6,125,0,1,29,inbound_arrival,12,500,1,,4,0,1,,0,0,0,500,500,50000000,30000,0,0,16500,0,0,0,17000,0,0,blocked,0,compute,1000,5500,500,0,0,0,0,,,15;16;17,12;20;22,3,0,0,10000,4,,roce,
21512,0,4,128,0,0,28,inbound_arrival,19,500,1,,4,0,0,,0,0,0,500,500,50000000,30000,0,0,17000,0,0,0,17500,0,0,blocked,0,compute,1000,5500,500,0,0,0,0,,,12;13;14,17;19;21,3,0,0,10000,4,,roce,
21512,0,8,125,0,2,30,inbound_arrival,13,500,1,,4,0,2,,0,0,0,500,500,50000000,30000,0,0,17000,0,0,0,17500,0,0,blocked,0,compute,1000,5500,500,0,0,0,0,,,18;19;20,13;15;23,3,0,0,10000,4,,roce,
21512,0,10,125,0,3,31,inbound_arrival,16,500,1,,4,0,3,,0,0,0,500,500,50000000,30000,0,0,17000,0,0,0,17500,0,0,blocked,0,compute,1000,5500,500,0,0,0,0,,,21;22;23,14;16;18,3,0,0,10000,4,,roce,
21576,0,6,128,0,1,29,inbound_arrival,22,500,1,,4,0,1,,0,0,0,500,500,50000000,30000,0,0,17000,0,0,0,17500,0,0,blocked,0,compute,1000,5500,500,0,0,0,0,,,15;16;17,12;20;22,3,0,0,10000,4,,roce,
22012,0,4,131,0,0,28,inbound_arrival,17,500,1,,4,0,0,,0,0,0,500,500,50000000,30000,0,0,17500,0,0,0,18000,0,0,blocked,0,compute,1000,5500,500,0,0,0,0,,,12;13;14,17;19;21,3,0,0,10000,4,,roce,
22012,0,10,128,0,3,31,inbound_arrival,14,500,1,,4,0,3,,0,0,0,500,500,50000000,30000,0,0,17500,0,0,0,18000,0,0,blocked,0,compute,1000,5500,500,0,0,0,0,,,21;22;23,14;16;18,3,0,0,10000,4,,roce,
22076,0,6,131,0,1,29,inbound_arrival,20,500,1,,4,0,1,,0,0,0,500,500,50000000,30000,0,0,17500,0,0,0,18000,0,0,blocked,0,compute,1000,5500,500,0,0,0,0,,,15;16;17,12;20;22,3,0,0,10000,4,,roce,
22076,0,8,131,0,2,30,inbound_arrival,23,500,1,,4,0,2,,0,0,0,500,500,50000000,30000,0,0,17500,0,0,0,18000,0,0,blocked,0,compute,1000,5500,500,0,0,0,0,,,18;19;20,13;15;23,3,0,0,10000,4,,roce,
22576,0,4,137,0,0,28,inbound_arrival,21,500,1,,4,0,0,,0,0,0,500,500,50000000,30000,0,0,18000,0,0,0,18500,0,0,blocked,0,compute,1000,6000,500,0,0,0,0,,,12;13;14,17;19;21,3,0,0,10000,4,,roce,
22576,0,6,134,0,1,29,inbound_arrival,12,500,1,,4,0,1,,0,0,0,500,500,50000000,30000,0,0,18000,0,0,0,18500,0,0,blocked,0,compute,1000,6000,500,0,0,0,0,,,15;16;17,12;20;22,3,0,0,10000,4,,roce,
22576,0,8,134,0,2,30,inbound_arrival,15,500,1,,4,0,2,,0,0,0,500,500,50000000,30000,0,0,18000,0,0,0,18500,0,0,blocked,0,compute,1000,6000,500,0,0,0,0,,,18;19;20,13;15;23,3,0,0,10000,4,,roce,
22576,0,10,134,0,3,31,inbound_arrival,18,500,1,,4,0,3,,0,0,0,500,500,50000000,30000,0,0,18000,0,0,0,18500,0,0,blocked,0,compute,1000,6000,500,0,0,0,0,,,21;22;23,14;16;18,3,0,0,10000,4,,roce,
23076,0,4,140,0,0,28,inbound_arrival,19,500,1,,4,0,0,,0,0,0,500,500,50000000,30000,0,0,18500,0,0,0,19000,0,0,blocked,0,compute,1000,6000,500,0,0,0,0,,,12;13;14,17;19;21,3,0,0,10000,4,,roce,
23076,0,6,137,0,1,29,inbound_arrival,22,500,1,,4,0,1,,0,0,0,500,500,50000000,30000,0,0,18500,0,0,0,19000,0,0,blocked,0,compute,1000,6000,500,0,0,0,0,,,15;16;17,12;20;22,3,0,0,10000,4,,roce,
23076,0,8,137,0,2,30,inbound_arrival,13,500,1,,4,0,2,,0,0,0,500,500,50000000,30000,0,0,18500,0,0,0,19000,0,0,blocked,0,compute,1000,6000,500,0,0,0,0,,,18;19;20,13;15;23,3,0,0,10000,4,,roce,
23076,0,10,137,0,3,31,inbound_arrival,16,500,1,,4,0,3,,0,0,0,500,500,50000000,30000,0,0,18500,0,0,0,19000,0,0,blocked,0,compute,1000,6000,500,0,0,0,0,,,21;22;23,14;16;18,3,0,0,10000,4,,roce,
23576,0,4,143,0,0,28,inbound_arrival,17,500,1,,4,0,0,,0,0,0,500,500,50000000,30000,0,0,19000,0,0,0,19500,0,0,blocked,0,compute,1000,6000,500,0,0,0,0,,,12;13;14,17;19;21,3,0,0,10000,4,,roce,
23576,0,6,140,0,1,29,inbound_arrival,20,500,1,,4,0,1,,0,0,0,500,500,50000000,30000,0,0,19000,0,0,0,19500,0,0,blocked,0,compute,1000,6000,500,0,0,0,0,,,15;16;17,12;20;22,3,0,0,10000,4,,roce,
23576,0,10,140,0,3,31,inbound_arrival,14,500,1,,4,0,3,,0,0,0,500,500,50000000,30000,0,0,19000,0,0,0,19500,0,0,blocked,0,compute,1000,6000,500,0,0,0,0,,,21;22;23,14;16;18,3,0,0,10000,4,,roce,
23640,0,8,143,0,2,30,inbound_arrival,23,500,1,,4,0,2,,0,0,0,500,500,50000000,30000,0,0,19000,0,0,0,19500,0,0,blocked,0,compute,1000,6000,500,0,0,0,0,,,18;19;20,13;15;23,3,0,0,10000,4,,roce,
24140,0,4,149,0,0,28,inbound_arrival,21,500,1,,4,0,0,,0,0,0,500,500,50000000,30000,0,0,19500,0,0,0,20000,0,0,blocked,0,compute,1000,6500,500,0,0,0,0,,,12;13;14,17;19;21,3,0,0,10000,4,,roce,
24140,0,10,146,0,3,31,inbound_arrival,18,500,1,,4,0,3,,0,0,0,500,500,50000000,30000,0,0,19500,0,0,0,20000,0,0,blocked,0,compute,1000,6500,500,0,0,0,0,,,21;22;23,14;16;18,3,0,0,10000,4,,roce,
24204,0,6,149,0,1,29,inbound_arrival,12,500,1,,4,0,1,,0,0,0,500,500,50000000,30000,0,0,19500,0,0,0,20000,0,0,blocked,0,compute,1000,6500,500,0,0,0,0,,,15;16;17,12;20;22,3,0,0,10000,4,,roce,
24204,0,8,149,0,2,30,inbound_arrival,15,500,1,,4,0,2,,0,0,0,500,500,50000000,30000,0,0,19500,0,0,0,20000,0,0,blocked,0,compute,1000,6500,500,0,0,0,0,,,18;19;20,13;15;23,3,0,0,10000,4,,roce,
24640,0,4,152,0,0,28,inbound_arrival,19,500,1,,4,0,0,,0,0,0,500,500,50000000,30000,0,0,20000,0,0,0,20500,0,0,blocked,0,compute,1000,6500,500,0,0,0,0,,,12;13;14,17;19;21,3,0,0,10000,4,,roce,
24640,0,10,149,0,3,31,inbound_arrival,16,500,1,,4,0,3,,0,0,0,500,500,50000000,30000,0,0,20000,0,0,0,20500,0,0,blocked,0,compute,1000,6500,500,0,0,0,0,,,21;22;23,14;16;18,3,0,0,10000,4,,roce,
24704,0,6,152,0,1,29,inbound_arrival,22,500,1,,4,0,1,,0,0,0,500,500,50000000,30000,0,0,20000,0,0,0,20500,0,0,blocked,0,compute,1000,6500,500,0,0,0,0,,,15;16;17,12;20;22,3,0,0,10000,4,,roce,
24704,0,8,152,0,2,30,inbound_arrival,13,500,1,,4,0,2,,0,0,0,500,500,50000000,30000,0,0,20000,0,0,0,20500,0,0,blocked,0,compute,1000,6500,500,0,0,0,0,,,18;19;20,13;15;23,3,0,0,10000,4,,roce,
25140,0,4,155,0,0,28,inbound_arrival,17,500,1,,4,0,0,,0,0,0,500,500,50000000,30000,0,0,20500,0,0,0,21000,0,0,blocked,0,compute,1000,6500,500,0,0,0,0,,,12;13;14,17;19;21,3,0,0,10000,4,,roce,
25140,0,10,152,0,3,31,inbound_arrival,14,500,1,,4,0,3,,0,0,0,500,500,50000000,30000,0,0,20500,0,0,0,21000,0,0,blocked,0,compute,1000,6500,500,0,0,0,0,,,21;22;23,14;16;18,3,0,0,10000,4,,roce,
25204,0,6,155,0,1,29,inbound_arrival,20,500,1,,4,0,1,,0,0,0,500,500,50000000,30000,0,0,20500,0,0,0,21000,0,0,blocked,0,compute,1000,6500,500,0,0,0,0,,,15;16;17,12;20;22,3,0,0,10000,4,,roce,
25204,0,8,155,0,2,30,inbound_arrival,23,500,1,,4,0,2,,0,0,0,500,500,50000000,30000,0,0,20500,0,0,0,21000,0,0,blocked,0,compute,1000,6500,500,0,0,0,0,,,18;19;20,13;15;23,3,0,0,10000,4,,roce,
25704,0,4,161,0,0,28,inbound_arrival,21,500,1,,4,0,0,,0,0,0,500,500,50000000,30000,0,0,21000,0,0,0,21500,0,0,blocked,0,compute,1000,7000,500,0,0,0,0,,,12;13;14,17;19;21,3,0,0,10000,4,,roce,
25704,0,8,158,0,2,30,inbound_arrival,15,500,1,,4,0,2,,0,0,0,500,500,50000000,30000,0,0,21000,0,0,0,21500,0,0,blocked,0,compute,1000,7000,500,0,0,0,0,,,18;19;20,13;15;23,3,0,0,10000,4,,roce,
25704,0,10,158,0,3,31,inbound_arrival,18,500,1,,4,0,3,,0,0,0,500,500,50000000,30000,0,0,21000,0,0,0,21500,0,0,blocked,0,compute,1000,7000,500,0,0,0,0,,,21;22;23,14;16;18,3,0,0,10000,4,,roce,
25768,0,6,161,0,1,29,inbound_arrival,12,500,1,,4,0,1,,0,0,0,500,500,50000000,30000,0,0,21000,0,0,0,21500,0,0,blocked,0,compute,1000,7000,500,0,0,0,0,,,15;16;17,12;20;22,3,0,0,10000,4,,roce,
26204,0,4,164,0,0,28,inbound_arrival,19,500,1,,4,0,0,,0,0,0,500,500,50000000,30000,0,0,21500,0,0,0,22000,0,0,blocked,0,compute,1000,7000,500,0,0,0,0,,,12;13;14,17;19;21,3,0,0,10000,4,,roce,
26204,0,8,161,0,2,30,inbound_arrival,13,500,1,,4,0,2,,0,0,0,500,500,50000000,30000,0,0,21500,0,0,0,22000,0,0,blocked,0,compute,1000,7000,500,0,0,0,0,,,18;19;20,13;15;23,3,0,0,10000,4,,roce,
26204,0,10,161,0,3,31,inbound_arrival,16,500,1,,4,0,3,,0,0,0,500,500,50000000,30000,0,0,21500,0,0,0,22000,0,0,blocked,0,compute,1000,7000,500,0,0,0,0,,,21;22;23,14;16;18,3,0,0,10000,4,,roce,
26268,0,6,164,0,1,29,inbound_arrival,22,500,1,,4,0,1,,0,0,0,500,500,50000000,30000,0,0,21500,0,0,0,22000,0,0,blocked,0,compute,1000,7000,500,0,0,0,0,,,15;16;17,12;20;22,3,0,0,10000,4,,roce,
26704,0,4,167,0,0,28,inbound_arrival,17,500,1,,4,0,0,,0,0,0,500,500,50000000,30000,0,0,22000,0,0,0,22500,0,0,blocked,0,compute,1000,7000,500,0,0,0,0,,,12;13;14,17;19;21,3,0,0,10000,4,,roce,
26704,0,10,164,0,3,31,inbound_arrival,14,500,1,,4,0,3,,0,0,0,500,500,50000000,30000,0,0,22000,0,0,0,22500,0,0,blocked,0,compute,1000,7000,500,0,0,0,0,,,21;22;23,14;16;18,3,0,0,10000,4,,roce,
26768,0,6,167,0,1,29,inbound_arrival,20,500,1,,4,0,1,,0,0,0,500,500,50000000,30000,0,0,22000,0,0,0,22500,0,0,blocked,0,compute,1000,7000,500,0,0,0,0,,,15;16;17,12;20;22,3,0,0,10000,4,,roce,
26768,0,8,167,0,2,30,inbound_arrival,23,500,1,,4,0,2,,0,0,0,500,500,50000000,30000,0,0,22000,0,0,0,22500,0,0,blocked,0,compute,1000,7000,500,0,0,0,0,,,18;19;20,13;15;23,3,0,0,10000,4,,roce,
27268,0,4,173,0,0,28,inbound_arrival,21,500,1,,4,0,0,,0,0,0,500,500,50000000,30000,0,0,22500,0,0,0,23000,0,0,blocked,0,compute,1000,7500,500,0,0,0,0,,,12;13;14,17;19;21,3,0,0,10000,4,,roce,
27268,0,6,170,0,1,29,inbound_arrival,12,500,1,,4,0,1,,0,0,0,500,500,50000000,30000,0,0,22500,0,0,0,23000,0,0,blocked,0,compute,1000,7500,500,0,0,0,0,,,15;16;17,12;20;22,3,0,0,10000,4,,roce,
27268,0,8,170,0,2,30,inbound_arrival,15,500,1,,4,0,2,,0,0,0,500,500,50000000,30000,0,0,22500,0,0,0,23000,0,0,blocked,0,compute,1000,7500,500,0,0,0,0,,,18;19;20,13;15;23,3,0,0,10000,4,,roce,
27268,0,10,170,0,3,31,inbound_arrival,18,500,1,,4,0,3,,0,0,0,500,500,50000000,30000,0,0,22500,0,0,0,23000,0,0,blocked,0,compute,1000,7500,500,0,0,0,0,,,21;22;23,14;16;18,3,0,0,10000,4,,roce,
27768,0,4,176,0,0,28,inbound_arrival,19,500,1,,4,0,0,,0,0,0,500,500,50000000,30000,0,0,23000,0,0,0,23500,0,0,blocked,0,compute,1000,7500,500,0,0,0,0,,,12;13;14,17;19;21,3,0,0,10000,4,,roce,
27768,0,6,173,0,1,29,inbound_arrival,22,500,1,,4,0,1,,0,0,0,500,500,50000000,30000,0,0,23000,0,0,0,23500,0,0,blocked,0,compute,1000,7500,500,0,0,0,0,,,15;16;17,12;20;22,3,0,0,10000,4,,roce,
27768,0,8,173,0,2,30,inbound_arrival,13,500,1,,4,0,2,,0,0,0,500,500,50000000,30000,0,0,23000,0,0,0,23500,0,0,blocked,0,compute,1000,7500,500,0,0,0,0,,,18;19;20,13;15;23,3,0,0,10000,4,,roce,
27768,0,10,173,0,3,31,inbound_arrival,16,500,1,,4,0,3,,0,0,0,500,500,50000000,30000,0,0,23000,0,0,0,23500,0,0,blocked,0,compute,1000,7500,500,0,0,0,0,,,21;22;23,14;16;18,3,0,0,10000,4,,roce,
28268,0,4,179,0,0,28,inbound_arrival,17,500,1,,4,0,0,,0,0,0,500,500,50000000,30000,0,0,23500,0,0,0,24000,0,0,blocked,0,compute,1000,7500,500,0,0,0,0,,,12;13;14,17;19;21,3,0,0,10000,4,,roce,
28268,0,6,176,0,1,29,inbound_arrival,20,500,1,,4,0,1,,0,0,0,500,500,50000000,30000,0,0,23500,0,0,0,24000,0,0,blocked,0,compute,1000,7500,500,0,0,0,0,,,15;16;17,12;20;22,3,0,0,10000,4,,roce,
28268,0,10,176,0,3,31,inbound_arrival,14,500,1,,4,0,3,,0,0,0,500,500,50000000,30000,0,0,23500,0,0,0,24000,0,0,blocked,0,compute,1000,7500,500,0,0,0,0,,,21;22;23,14;16;18,3,0,0,10000,4,,roce,
28332,0,8,179,0,2,30,inbound_arrival,23,500,1,,4,0,2,,0,0,0,500,500,50000000,30000,0,0,23500,0,0,0,24000,0,0,blocked,0,compute,1000,7500,500,0,0,0,0,,,18;19;20,13;15;23,3,0,0,10000,4,,roce,
28768,0,4,182,0,0,28,inbound_arrival,21,500,1,,4,0,0,,0,0,0,500,500,50000000,30000,0,0,24000,0,0,0,24500,0,0,blocked,0,compute,1000,8000,500,0,0,0,0,,,12;13;14,17;19;21,3,0,0,10000,4,,roce,
28832,0,6,182,0,1,29,inbound_arrival,12,500,1,,4,0,1,,0,0,0,500,500,50000000,30000,0,0,24000,0,0,0,24500,0,0,blocked,0,compute,1000,8000,500,0,0,0,0,,,15;16;17,12;20;22,3,0,0,10000,4,,roce,
28832,0,8,182,0,2,30,inbound_arrival,15,500,1,,4,0,2,,0,0,0,500,500,50000000,30000,0,0,24000,0,0,0,24500,0,0,blocked,0,compute,1000,8000,500,0,0,0,0,,,18;19;20,13;15;23,3,0,0,10000,4,,roce,
28832,0,10,182,0,3,31,inbound_arrival,18,500,1,,4,0,3,,0,0,0,500,500,50000000,30000,0,0,24000,0,0,0,24500,0,0,blocked,0,compute,1000,8000,500,0,0,0,0,,,21;22;23,14;16;18,3,0,0,10000,4,,roce,
29268,0,4,185,0,0,28,inbound_arrival,19,500,1,,4,0,0,,0,0,0,500,500,50000000,30000,0,0,24500,0,0,0,25000,0,0,blocked,0,compute,1000,8000,500,0,0,0,0,,,12;13;14,17;19;21,3,0,0,10000,4,,roce,
29332,0,6,185,0,1,29,inbound_arrival,22,500,1,,4,0,1,,0,0,0,500,500,50000000,30000,0,0,24500,0,0,0,25000,0,0,blocked,0,compute,1000,8000,500,0,0,0,0,,,15;16;17,12;20;22,3,0,0,10000,4,,roce,
29332,0,8,185,0,2,30,inbound_arrival,13,500,1,,4,0,2,,0,0,0,500,500,50000000,30000,0,0,24500,0,0,0,25000,0,0,blocked,0,compute,1000,8000,500,0,0,0,0,,,18;19;20,13;15;23,3,0,0,10000,4,,roce,
29332,0,10,185,0,3,31,inbound_arrival,16,500,1,,4,0,3,,0,0,0,500,500,50000000,30000,0,0,24500,0,0,0,25000,0,0,blocked,0,compute,1000,8000,500,0,0,0,0,,,21;22;23,14;16;18,3,0,0,10000,4,,roce,
29768,0,4,188,0,0,28,inbound_arrival,17,500,1,,4,0,0,,0,0,0,500,500,50000000,30000,0,0,25000,0,0,0,25500,0,0,blocked,0,compute,1000,8000,500,0,0,0,0,,,12;13;14,17;19;21,3,0,0,10000,4,,roce,
29832,0,6,188,0,1,29,inbound_arrival,20,500,1,,4,0,1,,0,0,0,500,500,50000000,30000,0,0,25000,0,0,0,25500,0,0,blocked,0,compute,1000,8000,500,0,0,0,0,,,15;16;17,12;20;22,3,0,0,10000,4,,roce,
29832,0,8,188,0,2,30,inbound_arrival,23,500,1,,4,0,2,,0,0,0,500,500,50000000,30000,0,0,25000,0,0,0,25500,0,0,blocked,0,compute,1000,8000,500,0,0,0,0,,,18;19;20,13;15;23,3,0,0,10000,4,,roce,
29832,0,10,188,0,3,31,inbound_arrival,14,500,1,,4,0,3,,0,0,0,500,500,50000000,30000,0,0,25000,0,0,0,25500,0,0,blocked,0,compute,1000,8000,500,0,0,0,0,,,21;22;23,14;16;18,3,0,0,10000,4,,roce,
30332,0,4,194,0,0,28,inbound_arrival,21,500,1,,4,0,0,,0,0,0,500,500,50000000,30000,0,0,25500,0,0,0,26000,0,0,blocked,0,compute,1000,8500,500,0,0,0,0,,,12;13;14,17;19;21,3,0,0,10000,4,,roce,
30396,0,6,194,0,1,29,inbound_arrival,12,500,1,,4,0,1,,0,0,0,500,500,50000000,30000,0,0,25500,0,0,0,26000,0,0,blocked,0,compute,1000,8500,500,0,0,0,0,,,15;16;17,12;20;22,3,0,0,10000,4,,roce,
30396,0,8,194,0,2,30,inbound_arrival,15,500,1,,4,0,2,,0,0,0,500,500,50000000,30000,0,0,25500,0,0,0,26000,0,0,blocked,0,compute,1000,8500,500,0,0,0,0,,,18;19;20,13;15;23,3,0,0,10000,4,,roce,
30396,0,10,194,0,3,31,inbound_arrival,18,500,1,,4,0,3,,0,0,0,500,500,50000000,30000,0,0,25500,0,0,0,26000,0,0,blocked,0,compute,1000,8500,500,0,0,0,0,,,21;22;23,14;16;18,3,0,0,10000,4,,roce,
30832,0,4,197,0,0,28,inbound_arrival,19,500,1,,4,0,0,,0,0,0,500,500,50000000,30000,0,0,26000,0,0,0,26500,0,0,blocked,0,compute,1000,8500,500,0,0,0,0,,,12;13;14,17;19;21,3,0,0,10000,4,,roce,
30896,0,6,197,0,1,29,inbound_arrival,22,500,1,,4,0,1,,0,0,0,500,500,50000000,30000,0,0,26000,0,0,0,26500,0,0,blocked,0,compute,1000,8500,500,0,0,0,0,,,15;16;17,12;20;22,3,0,0,10000,4,,roce,
30896,0,8,197,0,2,30,inbound_arrival,13,500,1,,4,0,2,,0,0,0,500,500,50000000,30000,0,0,26000,0,0,0,26500,0,0,blocked,0,compute,1000,8500,500,0,0,0,0,,,18;19;20,13;15;23,3,0,0,10000,4,,roce,
30896,0,10,197,0,3,31,inbound_arrival,16,500,1,,4,0,3,,0,0,0,500,500,50000000,30000,0,0,26000,0,0,0,26500,0,0,blocked,0,compute,1000,8500,500,0,0,0,0,,,21;22;23,14;16;18,3,0,0,10000,4,,roce,
31332,0,4,200,0,0,28,inbound_arrival,17,500,1,,4,0,0,,0,0,0,500,500,50000000,30000,0,0,26500,0,0,0,27000,0,0,blocked,0,compute,1000,8500,500,0,0,0,0,,,12;13;14,17;19;21,3,0,0,10000,4,,roce,
31396,0,6,200,0,1,29,inbound_arrival,20,500,1,,4,0,1,,0,0,0,500,500,50000000,30000,0,0,26500,0,0,0,27000,0,0,blocked,0,compute,1000,8500,500,0,0,0,0,,,15;16;17,12;20;22,3,0,0,10000,4,,roce,
31396,0,8,200,0,2,30,inbound_arrival,23,500,1,,4,0,2,,0,0,0,500,500,50000000,30000,0,0,26500,0,0,0,27000,0,0,blocked,0,compute,1000,8500,500,0,0,0,0,,,18;19;20,13;15;23,3,0,0,10000,4,,roce,
31396,0,10,200,0,3,31,inbound_arrival,14,500,1,,4,0,3,,0,0,0,500,500,50000000,30000,0,0,26500,0,0,0,27000,0,0,blocked,0,compute,1000,8500,500,0,0,0,0,,,21;22;23,14;16;18,3,0,0,10000,4,,roce,
31896,0,4,206,0,0,28,inbound_arrival,21,500,1,,4,0,0,,0,0,0,500,500,50000000,30000,0,0,27000,0,0,0,27500,0,0,blocked,0,compute,1000,9000,500,0,0,0,0,,,12;13;14,17;19;21,3,0,0,10000,4,,roce,
31960,0,6,206,0,1,29,inbound_arrival,12,500,1,,4,0,1,,0,0,0,500,500,50000000,30000,0,0,27000,0,0,0,27500,0,0,blocked,0,compute,1000,9000,500,0,0,0,0,,,15;16;17,12;20;22,3,0,0,10000,4,,roce,
31960,0,8,206,0,2,30,inbound_arrival,15,500,1,,4,0,2,,0,0,0,500,500,50000000,30000,0,0,27000,0,0,0,27500,0,0,blocked,0,compute,1000,9000,500,0,0,0,0,,,18;19;20,13;15;23,3,0,0,10000,4,,roce,
31960,0,10,206,0,3,31,inbound_arrival,18,500,1,,4,0,3,,0,0,0,500,500,50000000,30000,0,0,27000,0,0,0,27500,0,0,blocked,0,compute,1000,9000,500,0,0,0,0,,,21;22;23,14;16;18,3,0,0,10000,4,,roce,
32396,0,4,209,0,0,28,inbound_arrival,19,500,1,,4,0,0,,0,0,0,500,500,50000000,30000,0,0,27500,0,0,0,28000,0,0,blocked,0,compute,1000,9000,500,0,0,0,0,,,12;13;14,17;19;21,3,0,0,10000,4,,roce,
32460,0,6,209,0,1,29,inbound_arrival,22,500,1,,4,0,1,,0,0,0,500,500,50000000,30000,0,0,27500,0,0,0,28000,0,0,blocked,0,compute,1000,9000,500,0,0,0,0,,,15;16;17,12;20;22,3,0,0,10000,4,,roce,
32460,0,8,209,0,2,30,inbound_arrival,13,500,1,,4,0,2,,0,0,0,500,500,50000000,30000,0,0,27500,0,0,0,28000,0,0,blocked,0,compute,1000,9000,500,0,0,0,0,,,18;19;20,13;15;23,3,0,0,10000,4,,roce,
32460,0,10,209,0,3,31,inbound_arrival,16,500,1,,4,0,3,,0,0,0,500,500,50000000,30000,0,0,27500,0,0,0,28000,0,0,blocked,0,compute,1000,9000,500,0,0,0,0,,,21;22;23,14;16;18,3,0,0,10000,4,,roce,
32896,0,4,212,0,0,28,inbound_arrival,17,500,1,,4,0,0,,0,0,0,500,500,50000000,30000,0,0,28000,0,0,0,28500,0,0,blocked,0,compute,1000,9000,500,0,0,0,0,,,12;13;14,17;19;21,3,0,0,10000,4,,roce,
32960,0,6,212,0,1,29,inbound_arrival,20,500,1,,4,0,1,,0,0,0,500,500,50000000,30000,0,0,28000,0,0,0,28500,0,0,blocked,0,compute,1000,9000,500,0,0,0,0,,,15;16;17,12;20;22,3,0,0,10000,4,,roce,
32960,0,8,212,0,2,30,inbound_arrival,23,500,1,,4,0,2,,0,0,0,500,500,50000000,30000,0,0,28000,0,0,0,28500,0,0,blocked,0,compute,1000,9000,500,0,0,0,0,,,18;19;20,13;15;23,3,0,0,10000,4,,roce,
32960,0,10,212,0,3,31,inbound_arrival,14,500,1,,4,0,3,,0,0,0,500,500,50000000,30000,0,0,28000,0,0,0,28500,0,0,blocked,0,compute,1000,9000,500,0,0,0,0,,,21;22;23,14;16;18,3,0,0,10000,4,,roce,
33460,0,4,218,0,0,28,inbound_arrival,21,500,1,,4,0,0,,0,0,0,500,500,50000000,30000,0,0,28500,0,0,0,29000,0,0,blocked,0,compute,1000,9500,500,0,0,0,0,,,12;13;14,17;19;21,3,0,0,10000,4,,roce,
33524,0,6,218,0,1,29,inbound_arrival,12,500,1,,4,0,1,,0,0,0,500,500,50000000,30000,0,0,28500,0,0,0,29000,0,0,blocked,0,compute,1000,9500,500,0,0,0,0,,,15;16;17,12;20;22,3,0,0,10000,4,,roce,
33524,0,8,218,0,2,30,inbound_arrival,15,500,1,,4,0,2,,0,0,0,500,500,50000000,30000,0,0,28500,0,0,0,29000,0,0,blocked,0,compute,1000,9500,500,0,0,0,0,,,18;19;20,13;15;23,3,0,0,10000,4,,roce,
33524,0,10,218,0,3,31,inbound_arrival,18,500,1,,4,0,3,,0,0,0,500,500,50000000,30000,0,0,28500,0,0,0,29000,0,0,blocked,0,compute,1000,9500,500,0,0,0,0,,,21;22;23,14;16;18,3,0,0,10000,4,,roce,
33960,0,4,221,0,0,28,inbound_arrival,19,500,1,,4,0,0,,0,0,0,500,500,50000000,30000,0,0,29000,0,0,0,29500,0,0,blocked,0,compute,1000,9500,500,0,0,0,0,,,12;13;14,17;19;21,3,0,0,10000,4,,roce,
34024,0,6,221,0,1,29,inbound_arrival,22,500,1,,4,0,1,,0,0,0,500,500,50000000,30000,0,0,29000,0,0,0,29500,0,0,blocked,0,compute,1000,9500,500,0,0,0,0,,,15;16;17,12;20;22,3,0,0,10000,4,,roce,
34024,0,8,221,0,2,30,inbound_arrival,13,500,1,,4,0,2,,0,0,0,500,500,50000000,30000,0,0,29000,0,0,0,29500,0,0,blocked,0,compute,1000,9500,500,0,0,0,0,,,18;19;20,13;15;23,3,0,0,10000,4,,roce,
34024,0,10,221,0,3,31,inbound_arrival,16,500,1,,4,0,3,,0,0,0,500,500,50000000,30000,0,0,29000,0,0,0,29500,0,0,blocked,0,compute,1000,9500,500,0,0,0,0,,,21;22;23,14;16;18,3,0,0,10000,4,,roce,
34460,0,4,224,0,0,28,inbound_arrival,17,500,1,,4,0,0,,0,0,0,500,500,50000000,30000,0,0,29500,0,0,1,30000,0,0,blocked,0,compute,1000,9500,500,0,0,0,0,,,12;13;14,17;19;21,3,0,0,10000,4,,roce,
34524,0,6,224,0,1,29,inbound_arrival,20,500,1,,4,0,1,,0,0,0,500,500,50000000,30000,0,0,29500,0,0,1,30000,0,0,blocked,0,compute,1000,9500,500,0,0,0,0,,,15;16;17,12;20;22,3,0,0,10000,4,,roce,
34524,0,8,224,0,2,30,inbound_arrival,23,500,1,,4,0,2,,0,0,0,500,500,50000000,30000,0,0,29500,0,0,1,30000,0,0,blocked,0,compute,1000,9500,500,0,0,0,0,,,18;19;20,13;15;23,3,0,0,10000,4,,roce,
34524,0,10,224,0,3,31,inbound_arrival,14,500,1,,4,0,3,,0,0,0,500,500,50000000,30000,0,0,29500,0,0,1,30000,0,0,blocked,0,compute,1000,9500,500,0,0,0,0,,,21;22;23,14;16;18,3,0,0,10000,4,,roce,
37212,0,4,353,0,0,28,local_completion,12,0,1,,4,0,0,,0,0,0,500,500,50000000,30000,0,1,30000,0,0,1,30000,0,0,blocked,0,compute,1000,0,0,10000,11500,2256,0,,,12;13;14,17;19;21,3,0,1,10000,4,,roce,
37276,0,4,356,0,0,28,local_completion,13,0,1,,4,0,0,,0,0,0,500,500,50000000,30000,0,1,30000,0,0,1,30000,0,0,blocked,0,compute,1000,0,0,10000,11500,2256,0,,,12;13;14,17;19;21,3,1,2,10000,4,,roce,
37276,0,6,353,0,1,29,local_completion,15,0,1,,4,0,1,,0,0,0,500,500,50000000,30000,0,1,30000,0,0,1,30000,0,0,blocked,0,compute,1000,0,0,10000,11500,2256,0,,,15;16;17,12;20;22,3,0,1,10000,4,,roce,
37276,0,8,353,0,2,30,local_completion,18,0,1,,4,0,2,,0,0,0,500,500,50000000,30000,0,1,30000,0,0,1,30000,0,0,blocked,0,compute,1000,0,0,10000,11500,2256,0,,,18;19;20,13;15;23,3,0,1,10000,4,,roce,
37276,0,10,353,0,3,31,local_completion,21,0,1,,4,0,3,,0,0,0,500,500,50000000,30000,0,1,30000,0,0,1,30000,0,0,blocked,0,compute,1000,0,0,10000,11500,2256,0,,,21;22;23,14;16;18,3,0,1,10000,4,,roce,
37340,0,4,359,0,0,28,local_completion,14,0,1,,4,0,0,,0,0,0,500,500,50000000,30000,0,1,30000,1,1,1,30000,0,0,scheduled,38340,compute,1000,0,0,10000,11500,2256,0,,,12;13;14,17;19;21,3,2,3,10000,4,,roce,
37340,0,6,356,0,1,29,local_completion,16,0,1,,4,0,1,,0,0,0,500,500,50000000,30000,0,1,30000,0,0,1,30000,0,0,blocked,0,compute,1000,0,0,10000,11500,2256,0,,,15;16;17,12;20;22,3,1,2,10000,4,,roce,
37340,0,8,356,0,2,30,local_completion,19,0,1,,4,0,2,,0,0,0,500,500,50000000,30000,0,1,30000,0,0,1,30000,0,0,blocked,0,compute,1000,0,0,10000,11500,2256,0,,,18;19;20,13;15;23,3,1,2,10000,4,,roce,
37340,0,10,356,0,3,31,local_completion,22,0,1,,4,0,3,,0,0,0,500,500,50000000,30000,0,1,30000,0,0,1,30000,0,0,blocked,0,compute,1000,0,0,10000,11500,2256,0,,,21;22;23,14;16;18,3,1,2,10000,4,,roce,
37404,0,6,359,0,1,29,local_completion,17,0,1,,4,0,1,,0,0,0,500,500,50000000,30000,0,1,30000,1,1,1,30000,0,0,scheduled,38404,compute,1000,0,0,10000,11500,2256,0,,,15;16;17,12;20;22,3,2,3,10000,4,,roce,
37404,0,8,359,0,2,30,local_completion,20,0,1,,4,0,2,,0,0,0,500,500,50000000,30000,0,1,30000,1,1,1,30000,0,0,scheduled,38404,compute,1000,0,0,10000,11500,2256,0,,,18;19;20,13;15;23,3,2,3,10000,4,,roce,
37404,0,10,359,0,3,31,local_completion,23,0,1,,4,0,3,,0,0,0,500,500,50000000,30000,0,1,30000,1,1,1,30000,0,0,scheduled,38404,compute,1000,0,0,10000,11500,2256,0,,,21;22;23,14;16;18,3,2,3,10000,4,,roce,
38340,1,0,481,0,0,0,local_completion,28,0,0,all_to_all,4,40000,0,all_to_all,1,0,10000,500,500,50000000,0,0,1,0,1,1,1,0,0,0,scheduled,38340,roce,0,0,0,0,37340,1000,0,uniform_floor,all_pairs,28,,1,0,1,0,12,,compute,
38340,1,0,481,1,0,1,local_completion,28,0,0,all_to_all,4,40000,0,all_to_all,2,0,10000,500,500,50000000,0,0,1,0,1,1,1,0,0,0,scheduled,38340,roce,0,0,0,0,37340,1000,0,uniform_floor,all_pairs,28,,1,0,1,0,12,,compute,
38340,1,0,481,2,0,2,local_completion,28,0,0,all_to_all,4,40000,0,all_to_all,3,0,10000,500,500,50000000,0,0,1,0,1,1,1,0,0,0,scheduled,38340,roce,0,0,0,0,37340,1000,0,uniform_floor,all_pairs,28,,1,0,1,0,12,,compute,
38404,1,1,481,0,1,3,local_completion,29,0,0,all_to_all,4,40000,1,all_to_all,1,0,10000,500,500,50000000,0,0,1,0,1,1,1,0,0,0,scheduled,38404,roce,0,0,0,0,37404,1000,0,uniform_floor,all_pairs,29,,1,0,1,0,12,,compute,
38404,1,1,481,1,1,4,local_completion,29,0,0,all_to_all,4,40000,1,all_to_all,2,0,10000,500,500,50000000,0,0,1,0,1,1,1,0,0,0,scheduled,38404,roce,0,0,0,0,37404,1000,0,uniform_floor,all_pairs,29,,1,0,1,0,12,,compute,
38404,1,1,481,2,1,5,local_completion,29,0,0,all_to_all,4,40000,1,all_to_all,3,0,10000,500,500,50000000,0,0,1,0,1,1,1,0,0,0,scheduled,38404,roce,0,0,0,0,37404,1000,0,uniform_floor,all_pairs,29,,1,0,1,0,12,,compute,
38404,1,2,481,0,2,6,local_completion,30,0,0,all_to_all,4,40000,2,all_to_all,1,0,10000,500,500,50000000,0,0,1,0,1,1,1,0,0,0,scheduled,38404,roce,0,0,0,0,37404,1000,0,uniform_floor,all_pairs,30,,1,0,1,0,12,,compute,
38404,1,2,481,1,2,7,local_completion,30,0,0,all_to_all,4,40000,2,all_to_all,2,0,10000,500,500,50000000,0,0,1,0,1,1,1,0,0,0,scheduled,38404,roce,0,0,0,0,37404,1000,0,uniform_floor,all_pairs,30,,1,0,1,0,12,,compute,
38404,1,2,481,2,2,8,local_completion,30,0,0,all_to_all,4,40000,2,all_to_all,3,0,10000,500,500,50000000,0,0,1,0,1,1,1,0,0,0,scheduled,38404,roce,0,0,0,0,37404,1000,0,uniform_floor,all_pairs,30,,1,0,1,0,12,,compute,
38404,1,3,481,0,3,9,local_completion,31,0,0,all_to_all,4,40000,3,all_to_all,1,0,10000,500,500,50000000,0,0,1,0,1,1,1,0,0,0,scheduled,38404,roce,0,0,0,0,37404,1000,0,uniform_floor,all_pairs,31,,1,0,1,0,12,,compute,
38404,1,3,481,1,3,10,local_completion,31,0,0,all_to_all,4,40000,3,all_to_all,2,0,10000,500,500,50000000,0,0,1,0,1,1,1,0,0,0,scheduled,38404,roce,0,0,0,0,37404,1000,0,uniform_floor,all_pairs,31,,1,0,1,0,12,,compute,
38404,1,3,481,2,3,11,local_completion,31,0,0,all_to_all,4,40000,3,all_to_all,3,0,10000,500,500,50000000,0,0,1,0,1,1,1,0,0,0,scheduled,38404,roce,0,0,0,0,37404,1000,0,uniform_floor,all_pairs,31,,1,0,1,0,12,,compute,
40340,0,6,362,0,1,25,inbound_arrival,0,500,0,,4,0,1,,0,0,0,500,500,50000000,30000,0,0,0,0,0,0,500,0,0,blocked,0,compute,1000,0,500,0,0,0,0,,,3;4;5,0;8;10,3,0,0,10000,4,,roce,
40404,0,4,362,0,0,24,inbound_arrival,9,500,0,,4,0,0,,0,0,0,500,500,50000000,30000,0,0,0,0,0,0,500,0,0,blocked,0,compute,1000,0,500,0,0,0,0,,,0;1;2,5;7;9,3,0,0,10000,4,,roce,
40404,0,8,362,0,2,26,inbound_arrival,3,500,0,,4,0,2,,0,0,0,500,500,50000000,30000,0,0,0,0,0,0,500,0,0,blocked,0,compute,1000,0,500,0,0,0,0,,,6;7;8,1;3;11,3,0,0,10000,4,,roce,
40404,0,10,362,0,3,27,inbound_arrival,6,500,0,,4,0,3,,0,0,0,500,500,50000000,30000,0,0,0,0,0,0,500,0,0,blocked,0,compute,1000,0,500,0,0,0,0,,,9;10;11,2;4;6,3,0,0,10000,4,,roce,
40904,0,4,365,0,0,24,inbound_arrival,7,500,0,,4,0,0,,0,0,0,500,500,50000000,30000,0,0,500,0,0,0,1000,0,0,blocked,0,compute,1000,0,500,0,0,0,0,,,0;1;2,5;7;9,3,0,0,10000,4,,roce,
40904,0,6,365,0,1,25,inbound_arrival,10,500,0,,4,0,1,,0,0,0,500,500,50000000,30000,0,0,500,0,0,0,1000,0,0,blocked,0,compute,1000,0,500,0,0,0,0,,,3;4;5,0;8;10,3,0,0,10000,4,,roce,
40904,0,8,365,0,2,26,inbound_arrival,1,500,0,,4,0,2,,0,0,0,500,500,50000000,30000,0,0,500,0,0,0,1000,0,0,blocked,0,compute,1000,0,500,0,0,0,0,,,6;7;8,1;3;11,3,0,0,10000,4,,roce,
40904,0,10,365,0,3,27,inbound_arrival,4,500,0,,4,0,3,,0,0,0,500,500,50000000,30000,0,0,500,0,0,0,1000,0,0,blocked,0,compute,1000,0,500,0,0,0,0,,,9;10;11,2;4;6,3,0,0,10000,4,,roce,
41404,0,4,368,0,0,24,inbound_arrival,5,500,0,,4,0,0,,0,0,0,500,500,50000000,30000,0,0,1000,0,0,0,1500,0,0,blocked,0,compute,1000,0,500,0,0,0,0,,,0;1;2,5;7;9,3,0,0,10000,4,,roce,
41404,0,6,368,0,1,25,inbound_arrival,8,500,0,,4,0,1,,0,0,0,500,500,50000000,30000,0,0,1000,0,0,0,1500,0,0,blocked,0,compute,1000,0,500,0,0,0,0,,,3;4;5,0;8;10,3,0,0,10000,4,,roce,
41404,0,8,368,0,2,26,inbound_arrival,11,500,0,,4,0,2,,0,0,0,500,500,50000000,30000,0,0,1000,0,0,0,1500,0,0,blocked,0,compute,1000,0,500,0,0,0,0,,,6;7;8,1;3;11,3,0,0,10000,4,,roce,
41404,0,10,368,0,3,27,inbound_arrival,2,500,0,,4,0,3,,0,0,0,500,500,50000000,30000,0,0,1000,0,0,0,1500,0,0,blocked,0,compute,1000,0,500,0,0,0,0,,,9;10;11,2;4;6,3,0,0,10000,4,,roce,
41904,0,4,371,0,0,24,inbound_arrival,9,500,0,,4,0,0,,0,0,0,500,500,50000000,30000,0,0,1500,0,0,0,2000,0,0,blocked,0,compute,1000,500,500,0,0,0,0,,,0;1;2,5;7;9,3,0,0,10000,4,,roce,
41904,0,6,371,0,1,25,inbound_arrival,0,500,0,,4,0,1,,0,0,0,500,500,50000000,30000,0,0,1500,0,0,0,2000,0,0,blocked,0,compute,1000,500,500,0,0,0,0,,,3;4;5,0;8;10,3,0,0,10000,4,,roce,
41904,0,8,371,0,2,26,inbound_arrival,3,500,0,,4,0,2,,0,0,0,500,500,50000000,30000,0,0,1500,0,0,0,2000,0,0,blocked,0,compute,1000,500,500,0,0,0,0,,,6;7;8,1;3;11,3,0,0,10000,4,,roce,
41904,0,10,371,0,3,27,inbound_arrival,6,500,0,,4,0,3,,0,0,0,500,500,50000000,30000,0,0,1500,0,0,0,2000,0,0,blocked,0,compute,1000,500,500,0,0,0,0,,,9;10;11,2;4;6,3,0,0,10000,4,,roce,
42404,0,4,374,0,0,24,inbound_arrival,7,500,0,,4,0,0,,0,0,0,500,500,50000000,30000,0,0,2000,0,0,0,2500,0,0,blocked,0,compute,1000,500,500,0,0,0,0,,,0;1;2,5;7;9,3,0,0,10000,4,,roce,
42404,0,6,374,0,1,25,inbound_arrival,10,500,0,,4,0,1,,0,0,0,500,500,50000000,30000,0,0,2000,0,0,0,2500,0,0,blocked,0,compute,1000,500,500,0,0,0,0,,,3;4;5,0;8;10,3,0,0,10000,4,,roce,
42404,0,8,374,0,2,26,inbound_arrival,1,500,0,,4,0,2,,0,0,0,500,500,50000000,30000,0,0,2000,0,0,0,2500,0,0,blocked,0,compute,1000,500,500,0,0,0,0,,,6;7;8,1;3;11,3,0,0,10000,4,,roce,
42404,0,10,374,0,3,27,inbound_arrival,4,500,0,,4,0,3,,0,0,0,500,500,50000000,30000,0,0,2000,0,0,0,2500,0,0,blocked,0,compute,1000,500,500,0,0,0,0,,,9;10;11,2;4;6,3,0,0,10000,4,,roce,
42904,0,4,377,0,0,24,inbound_arrival,5,500,0,,4,0,0,,0,0,0,500,500,50000000,30000,0,0,2500,0,0,0,3000,0,0,blocked,0,compute,1000,500,500,0,0,0,0,,,0;1;2,5;7;9,3,0,0,10000,4,,roce,
42904,0,6,377,0,1,25,inbound_arrival,8,500,0,,4,0,1,,0,0,0,500,500,50000000,30000,0,0,2500,0,0,0,3000,0,0,blocked,0,compute,1000,500,500,0,0,0,0,,,3;4;5,0;8;10,3,0,0,10000,4,,roce,
42904,0,8,377,0,2,26,inbound_arrival,11,500,0,,4,0,2,,0,0,0,500,500,50000000,30000,0,0,2500,0,0,0,3000,0,0,blocked,0,compute,1000,500,500,0,0,0,0,,,6;7;8,1;3;11,3,0,0,10000,4,,roce,
42904,0,10,377,0,3,27,inbound_arrival,2,500,0,,4,0,3,,0,0,0,500,500,50000000,30000,0,0,2500,0,0,0,3000,0,0,blocked,0,compute,1000,500,500,0,0,0,0,,,9;10;11,2;4;6,3,0,0,10000,4,,roce,
43404,0,4,380,0,0,24,inbound_arrival,9,500,0,,4,0,0,,0,0,0,500,500,50000000,30000,0,0,3000,0,0,0,3500,0,0,blocked,0,compute,1000,1000,500,0,0,0,0,,,0;1;2,5;7;9,3,0,0,10000,4,,roce,
43404,0,6,380,0,1,25,inbound_arrival,0,500,0,,4,0,1,,0,0,0,500,500,50000000,30000,0,0,3000,0,0,0,3500,0,0,blocked,0,compute,1000,1000,500,0,0,0,0,,,3;4;5,0;8;10,3,0,0,10000,4,,roce,
43404,0,8,380,0,2,26,inbound_arrival,3,500,0,,4,0,2,,0,0,0,500,500,50000000,30000,0,0,3000,0,0,0,3500,0,0,blocked,0,compute,1000,1000,500,0,0,0,0,,,6;7;8,1;3;11,3,0,0,10000,4,,roce,
43404,0,10,380,0,3,27,inbound_arrival,6,500,0,,4,0,3,,0,0,0,500,500,50000000,30000,0,0,3000,0,0,0,3500,0,0,blocked,0,compute,1000,1000,500,0,0,0,0,,,9;10;11,2;4;6,3,0,0,10000,4,,roce,
43904,0,4,383,0,0,24,inbound_arrival,7,500,0,,4,0,0,,0,0,0,500,500,50000000,30000,0,0,3500,0,0,0,4000,0,0,blocked,0,compute,1000,1000,500,0,0,0,0,,,0;1;2,5;7;9,3,0,0,10000,4,,roce,
43904,0,6,383,0,1,25,inbound_arrival,10,500,0,,4,0,1,,0,0,0,500,500,50000000,30000,0,0,3500,0,0,0,4000,0,0,blocked,0,compute,1000,1000,500,0,0,0,0,,,3;4;5,0;8;10,3,0,0,10000,4,,roce,
43904,0,8,383,0,2,26,inbound_arrival,1,500,0,,4,0,2,,0,0,0,500,500,50000000,30000,0,0,3500,0,0,0,4000,0,0,blocked,0,compute,1000,1000,500,0,0,0,0,,,6;7;8,1;3;11,3,0,0,10000,4,,roce,
43904,0,10,383,0,3,27,inbound_arrival,4,500,0,,4,0,3,,0,0,0,500,500,50000000,30000,0,0,3500,0,0,0,4000,0,0,blocked,0,compute,1000,1000,500,0,0,0,0,,,9;10;11,2;4;6,3,0,0,10000,4,,roce,
44404,0,4,386,0,0,24,inbound_arrival,5,500,0,,4,0,0,,0,0,0,500,500,50000000,30000,0,0,4000,0,0,0,4500,0,0,blocked,0,compute,1000,1000,500,0,0,0,0,,,0;1;2,5;7;9,3,0,0,10000,4,,roce,
44404,0,6,386,0,1,25,inbound_arrival,8,500,0,,4,0,1,,0,0,0,500,500,50000000,30000,0,0,4000,0,0,0,4500,0,0,blocked,0,compute,1000,1000,500,0,0,0,0,,,3;4;5,0;8;10,3,0,0,10000,4,,roce,
44404,0,8,386,0,2,26,inbound_arrival,11,500,0,,4,0,2,,0,0,0,500,500,50000000,30000,0,0,4000,0,0,0,4500,0,0,blocked,0,compute,1000,1000,500,0,0,0,0,,,6;7;8,1;3;11,3,0,0,10000,4,,roce,
44404,0,10,386,0,3,27,inbound_arrival,2,500,0,,4,0,3,,0,0,0,500,500,50000000,30000,0,0,4000,0,0,0,4500,0,0,blocked,0,compute,1000,1000,500,0,0,0,0,,,9;10;11,2;4;6,3,0,0,10000,4,,roce,
44904,0,4,389,0,0,24,inbound_arrival,9,500,0,,4,0,0,,0,0,0,500,500,50000000,30000,0,0,4500,0,0,0,5000,0,0,blocked,0,compute,1000,1500,500,0,0,0,0,,,0;1;2,5;7;9,3,0,0,10000,4,,roce,
44904,0,6,389,0,1,25,inbound_arrival,0,500,0,,4,0,1,,0,0,0,500,500,50000000,30000,0,0,4500,0,0,0,5000,0,0,blocked,0,compute,1000,1500,500,0,0,0,0,,,3;4;5,0;8;10,3,0,0,10000,4,,roce,
44904,0,8,389,0,2,26,inbound_arrival,3,500,0,,4,0,2,,0,0,0,500,500,50000000,30000,0,0,4500,0,0,0,5000,0,0,blocked,0,compute,1000,1500,500,0,0,0,0,,,6;7;8,1;3;11,3,0,0,10000,4,,roce,
44904,0,10,389,0,3,27,inbound_arrival,6,500,0,,4,0,3,,0,0,0,500,500,50000000,30000,0,0,4500,0,0,0,5000,0,0,blocked,0,compute,1000,1500,500,0,0,0,0,,,9;10;11,2;4;6,3,0,0,10000,4,,roce,
45404,0,4,392,0,0,24,inbound_arrival,7,500,0,,4,0,0,,0,0,0,500,500,50000000,30000,0,0,5000,0,0,0,5500,0,0,blocked,0,compute,1000,1500,500,0,0,0,0,,,0;1;2,5;7;9,3,0,0,10000,4,,roce,
45404,0,6,392,0,1,25,inbound_arrival,10,500,0,,4,0,1,,0,0,0,500,500,50000000,30000,0,0,5000,0,0,0,5500,0,0,blocked,0,compute,1000,1500,500,0,0,0,0,,,3;4;5,0;8;10,3,0,0,10000,4,,roce,
45404,0,8,392,0,2,26,inbound_arrival,1,500,0,,4,0,2,,0,0,0,500,500,50000000,30000,0,0,5000,0,0,0,5500,0,0,blocked,0,compute,1000,1500,500,0,0,0,0,,,6;7;8,1;3;11,3,0,0,10000,4,,roce,
45404,0,10,392,0,3,27,inbound_arrival,4,500,0,,4,0,3,,0,0,0,500,500,50000000,30000,0,0,5000,0,0,0,5500,0,0,blocked,0,compute,1000,1500,500,0,0,0,0,,,9;10;11,2;4;6,3,0,0,10000,4,,roce,
45904,0,4,395,0,0,24,inbound_arrival,5,500,0,,4,0,0,,0,0,0,500,500,50000000,30000,0,0,5500,0,0,0,6000,0,0,blocked,0,compute,1000,1500,500,0,0,0,0,,,0;1;2,5;7;9,3,0,0,10000,4,,roce,
45904,0,6,395,0,1,25,inbound_arrival,8,500,0,,4,0,1,,0,0,0,500,500,50000000,30000,0,0,5500,0,0,0,6000,0,0,blocked,0,compute,1000,1500,500,0,0,0,0,,,3;4;5,0;8;10,3,0,0,10000,4,,roce,
45904,0,8,395,0,2,26,inbound_arrival,11,500,0,,4,0,2,,0,0,0,500,500,50000000,30000,0,0,5500,0,0,0,6000,0,0,blocked,0,compute,1000,1500,500,0,0,0,0,,,6;7;8,1;3;11,3,0,0,10000,4,,roce,
45904,0,10,395,0,3,27,inbound_arrival,2,500,0,,4,0,3,,0,0,0,500,500,50000000,30000,0,0,5500,0,0,0,6000,0,0,blocked,0,compute,1000,1500,500,0,0,0,0,,,9;10;11,2;4;6,3,0,0,10000,4,,roce,
46468,0,4,401,0,0,24,inbound_arrival,9,500,0,,4,0,0,,0,0,0,500,500,50000000,30000,0,0,6000,0,0,0,6500,0,0,blocked,0,compute,1000,2000,500,0,0,0,0,,,0;1;2,5;7;9,3,0,0,10000,4,,roce,
46468,0,6,401,0,1,25,inbound_arrival,0,500,0,,4,0,1,,0,0,0,500,500,50000000,30000,0,0,6000,0,0,0,6500,0,0,blocked,0,compute,1000,2000,500,0,0,0,0,,,3;4;5,0;8;10,3,0,0,10000,4,,roce,
46468,0,8,401,0,2,26,inbound_arrival,3,500,0,,4,0,2,,0,0,0,500,500,50000000,30000,0,0,6000,0,0,0,6500,0,0,blocked,0,compute,1000,2000,500,0,0,0,0,,,6;7;8,1;3;11,3,0,0,10000,4,,roce,
46468,0,10,398,0,3,27,inbound_arrival,6,500,0,,4,0,3,,0,0,0,500,500,50000000,30000,0,0,6000,0,0,0,6500,0,0,blocked,0,compute,1000,2000,500,0,0,0,0,,,9;10;11,2;4;6,3,0,0,10000,4,,roce,
46968,0,4,404,0,0,24,inbound_arrival,7,500,0,,4,0,0,,0,0,0,500,500,50000000,30000,0,0,6500,0,0,0,7000,0,0,blocked,0,compute,1000,2000,500,0,0,0,0,,,0;1;2,5;7;9,3,0,0,10000,4,,roce,
46968,0,6,404,0,1,25,inbound_arrival,10,500,0,,4,0,1,,0,0,0,500,500,50000000,30000,0,0,6500,0,0,0,7000,0,0,blocked,0,compute,1000,2000,500,0,0,0,0,,,3;4;5,0;8;10,3,0,0,10000,4,,roce,
46968,0,8,404,0,2,26,inbound_arrival,1,500,0,,4,0,2,,0,0,0,500,500,50000000,30000,0,0,6500,0,0,0,7000,0,0,blocked,0,compute,1000,2000,500,0,0,0,0,,,6;7;8,1;3;11,3,0,0,10000,4,,roce,
46968,0,10,401,0,3,27,inbound_arrival,4,500,0,,4,0,3,,0,0,0,500,500,50000000,30000,0,0,6500,0,0,0,7000,0,0,blocked,0,compute,1000,2000,500,0,0,0,0,,,9;10;11,2;4;6,3,0,0,10000,4,,roce,
47468,0,4,407,0,0,24,inbound_arrival,5,500,0,,4,0,0,,0,0,0,500,500,50000000,30000,0,0,7000,0,0,0,7500,0,0,blocked,0,compute,1000,2000,500,0,0,0,0,,,0;1;2,5;7;9,3,0,0,10000,4,,roce,
47468,0,6,407,0,1,25,inbound_arrival,8,500,0,,4,0,1,,0,0,0,500,500,50000000,30000,0,0,7000,0,0,0,7500,0,0,blocked,0,compute,1000,2000,500,0,0,0,0,,,3;4;5,0;8;10,3,0,0,10000,4,,roce,
47468,0,8,407,0,2,26,inbound_arrival,11,500,0,,4,0,2,,0,0,0,500,500,50000000,30000,0,0,7000,0,0,0,7500,0,0,blocked,0,compute,1000,2000,500,0,0,0,0,,,6;7;8,1;3;11,3,0,0,10000,4,,roce,
47468,0,10,404,0,3,27,inbound_arrival,2,500,0,,4,0,3,,0,0,0,500,500,50000000,30000,0,0,7000,0,0,0,7500,0,0,blocked,0,compute,1000,2000,500,0,0,0,0,,,9;10;11,2;4;6,3,0,0,10000,4,,roce,
47968,0,8,410,0,2,26,inbound_arrival,3,500,0,,4,0,2,,0,0,0,500,500,50000000,30000,0,0,7500,0,0,0,8000,0,0,blocked,0,compute,1000,2500,500,0,0,0,0,,,6;7;8,1;3;11,3,0,0,10000,4,,roce,
48032,0,4,413,0,0,24,inbound_arrival,9,500,0,,4,0,0,,0,0,0,500,500,50000000,30000,0,0,7500,0,0,0,8000,0,0,blocked,0,compute,1000,2500,500,0,0,0,0,,,0;1;2,5;7;9,3,0,0,10000,4,,roce,
48032,0,6,413,0,1,25,inbound_arrival,0,500,0,,4,0,1,,0,0,0,500,500,50000000,30000,0,0,7500,0,0,0,8000,0,0,blocked,0,compute,1000,2500,500,0,0,0,0,,,3;4;5,0;8;10,3,0,0,10000,4,,roce,
48032,0,10,410,0,3,27,inbound_arrival,6,500,0,,4,0,3,,0,0,0,500,500,50000000,30000,0,0,7500,0,0,0,8000,0,0,blocked,0,compute,1000,2500,500,0,0,0,0,,,9;10;11,2;4;6,3,0,0,10000,4,,roce,
48468,0,8,413,0,2,26,inbound_arrival,1,500,0,,4,0,2,,0,0,0,500,500,50000000,30000,0,0,8000,0,0,0,8500,0,0,blocked,0,compute,1000,2500,500,0,0,0,0,,,6;7;8,1;3;11,3,0,0,10000,4,,roce,
48532,0,4,416,0,0,24,inbound_arrival,7,500,0,,4,0,0,,0,0,0,500,500,50000000,30000,0,0,8000,0,0,0,8500,0,0,blocked,0,compute,1000,2500,500,0,0,0,0,,,0;1;2,5;7;9,3,0,0,10000,4,,roce,
48532,0,6,416,0,1,25,inbound_arrival,10,500,0,,4,0,1,,0,0,0,500,500,50000000,30000,0,0,8000,0,0,0,8500,0,0,blocked,0,compute,1000,2500,500,0,0,0,0,,,3;4;5,0;8;10,3,0,0,10000,4,,roce,
48532,0,10,413,0,3,27,inbound_arrival,4,500,0,,4,0,3,,0,0,0,500,500,50000000,30000,0,0,8000,0,0,0,8500,0,0,blocked,0,compute,1000,2500,500,0,0,0,0,,,9;10;11,2;4;6,3,0,0,10000,4,,roce,
49032,0,4,419,0,0,24,inbound_arrival,5,500,0,,4,0,0,,0,0,0,500,500,50000000,30000,0,0,8500,0,0,0,9000,0,0,blocked,0,compute,1000,2500,500,0,0,0,0,,,0;1;2,5;7;9,3,0,0,10000,4,,roce,
49032,0,6,419,0,1,25,inbound_arrival,8,500,0,,4,0,1,,0,0,0,500,500,50000000,30000,0,0,8500,0,0,0,9000,0,0,blocked,0,compute,1000,2500,500,0,0,0,0,,,3;4;5,0;8;10,3,0,0,10000,4,,roce,
49032,0,8,419,0,2,26,inbound_arrival,11,500,0,,4,0,2,,0,0,0,500,500,50000000,30000,0,0,8500,0,0,0,9000,0,0,blocked,0,compute,1000,2500,500,0,0,0,0,,,6;7;8,1;3;11,3,0,0,10000,4,,roce,
49032,0,10,416,0,3,27,inbound_arrival,2,500,0,,4,0,3,,0,0,0,500,500,50000000,30000,0,0,8500,0,0,0,9000,0,0,blocked,0,compute,1000,2500,500,0,0,0,0,,,9;10;11,2;4;6,3,0,0,10000,4,,roce,
49532,0,6,422,0,1,25,inbound_arrival,0,500,0,,4,0,1,,0,0,0,500,500,50000000,30000,0,0,9000,0,0,0,9500,0,0,blocked,0,compute,1000,3000,500,0,0,0,0,,,3;4;5,0;8;10,3,0,0,10000,4,,roce,
49532,0,8,422,0,2,26,inbound_arrival,3,500,0,,4,0,2,,0,0,0,500,500,50000000,30000,0,0,9000,0,0,0,9500,0,0,blocked,0,compute,1000,3000,500,0,0,0,0,,,6;7;8,1;3;11,3,0,0,10000,4,,roce,
49596,0,4,425,0,0,24,inbound_arrival,9,500,0,,4,0,0,,0,0,0,500,500,50000000,30000,0,0,9000,0,0,0,9500,0,0,blocked,0,compute,1000,3000,500,0,0,0,0,,,0;1;2,5;7;9,3,0,0,10000,4,,roce,
49596,0,10,422,0,3,27,inbound_arrival,6,500,0,,4,0,3,,0,0,0,500,500,50000000,30000,0,0,9000,0,0,0,9500,0,0,blocked,0,compute,1000,3000,500,0,0,0,0,,,9;10;11,2;4;6,3,0,0,10000,4,,roce,
50032,0,8,425,0,2,26,inbound_arrival,1,500,0,,4,0,2,,0,0,0,500,500,50000000,30000,0,0,9500,0,0,0,10000,0,0,blocked,0,compute,1000,3000,500,0,0,0,0,,,6;7;8,1;3;11,3,0,0,10000,4,,roce,
50096,0,4,428,0,0,24,inbound_arrival,7,500,0,,4,0,0,,0,0,0,500,500,50000000,30000,0,0,9500,0,0,0,10000,0,0,blocked,0,compute,1000,3000,500,0,0,0,0,,,0;1;2,5;7;9,3,0,0,10000,4,,roce,
50096,0,6,425,0,1,25,inbound_arrival,10,500,0,,4,0,1,,0,0,0,500,500,50000000,30000,0,0,9500,0,0,0,10000,0,0,blocked,0,compute,1000,3000,500,0,0,0,0,,,3;4;5,0;8;10,3,0,0,10000,4,,roce,
50096,0,10,425,0,3,27,inbound_arrival,4,500,0,,4,0,3,,0,0,0,500,500,50000000,30000,0,0,9500,0,0,0,10000,0,0,blocked,0,compute,1000,3000,500,0,0,0,0,,,9;10;11,2;4;6,3,0,0,10000,4,,roce,
50596,0,4,431,0,0,24,inbound_arrival,5,500,0,,4,0,0,,0,0,0,500,500,50000000,30000,0,0,10000,0,0,0,10500,0,0,blocked,0,compute,1000,3000,500,0,0,0,0,,,0;1;2,5;7;9,3,0,0,10000,4,,roce,
50596,0,10,428,0,3,27,inbound_arrival,2,500,0,,4,0,3,,0,0,0,500,500,50000000,30000,0,0,10000,0,0,0,10500,0,0,blocked,0,compute,1000,3000,500,0,0,0,0,,,9;10;11,2;4;6,3,0,0,10000,4,,roce,
50660,0,6,431,0,1,25,inbound_arrival,8,500,0,,4,0,1,,0,0,0,500,500,50000000,30000,0,0,10000,0,0,0,10500,0,0,blocked,0,compute,1000,3000,500,0,0,0,0,,,3;4;5,0;8;10,3,0,0,10000,4,,roce,
50660,0,8,431,0,2,26,inbound_arrival,11,500,0,,4,0,2,,0,0,0,500,500,50000000,30000,0,0,10000,0,0,0,10500,0,0,blocked,0,compute,1000,3000,500,0,0,0,0,,,6;7;8,1;3;11,3,0,0,10000,4,,roce,
51160,0,4,437,0,0,24,inbound_arrival,9,500,0,,4,0,0,,0,0,0,500,500,50000000,30000,0,0,10500,0,0,0,11000,0,0,blocked,0,compute,1000,3500,500,0,0,0,0,,,0;1;2,5;7;9,3,0,0,10000,4,,roce,
51160,0,10,434,0,3,27,inbound_arrival,6,500,0,,4,0,3,,0,0,0,500,500,50000000,30000,0,0,10500,0,0,0,11000,0,0,blocked,0,compute,1000,3500,500,0,0,0,0,,,9;10;11,2;4;6,3,0,0,10000,4,,roce,
51224,0,6,437,0,1,25,inbound_arrival,0,500,0,,4,0,1,,0,0,0,500,500,50000000,30000,0,0,10500,0,0,0,11000,0,0,blocked,0,compute,1000,3500,500,0,0,0,0,,,3;4;5,0;8;10,3,0,0,10000,4,,roce,
51224,0,8,437,0,2,26,inbound_arrival,3,500,0,,4,0,2,,0,0,0,500,500,50000000,30000,0,0,10500,0,0,0,11000,0,0,blocked,0,compute,1000,3500,500,0,0,0,0,,,6;7;8,1;3;11,3,0,0,10000,4,,roce,
51660,0,4,440,0,0,24,inbound_arrival,7,500,0,,4,0,0,,0,0,0,500,500,50000000,30000,0,0,11000,0,0,0,11500,0,0,blocked,0,compute,1000,3500,500,0,0,0,0,,,0;1;2,5;7;9,3,0,0,10000,4,,roce,
51660,0,10,437,0,3,27,inbound_arrival,4,500,0,,4,0,3,,0,0,0,500,500,50000000,30000,0,0,11000,0,0,0,11500,0,0,blocked,0,compute,1000,3500,500,0,0,0,0,,,9;10;11,2;4;6,3,0,0,10000,4,,roce,
51724,0,6,440,0,1,25,inbound_arrival,10,500,0,,4,0,1,,0,0,0,500,500,50000000,30000,0,0,11000,0,0,0,11500,0,0,blocked,0,compute,1000,3500,500,0,0,0,0,,,3;4;5,0;8;10,3,0,0,10000,4,,roce,
51724,0,8,440,0,2,26,inbound_arrival,1,500,0,,4,0,2,,0,0,0,500,500,50000000,30000,0,0,11000,0,0,0,11500,0,0,blocked,0,compute,1000,3500,500,0,0,0,0,,,6;7;8,1;3;11,3,0,0,10000,4,,roce,
52160,0,4,443,0,0,24,inbound_arrival,5,500,0,,4,0,0,,0,0,0,500,500,50000000,30000,0,0,11500,0,0,0,12000,0,0,blocked,0,compute,1000,3500,500,0,0,0,0,,,0;1;2,5;7;9,3,0,0,10000,4,,roce,
52160,0,10,440,0,3,27,inbound_arrival,2,500,0,,4,0,3,,0,0,0,500,500,50000000,30000,0,0,11500,0,0,0,12000,0,0,blocked,0,compute,1000,3500,500,0,0,0,0,,,9;10;11,2;4;6,3,0,0,10000,4,,roce,
52224,0,6,443,0,1,25,inbound_arrival,8,500,0,,4,0,1,,0,0,0,500,500,50000000,30000,0,0,11500,0,0,0,12000,0,0,blocked,0,compute,1000,3500,500,0,0,0,0,,,3;4;5,0;8;10,3,0,0,10000,4,,roce,
52224,0,8,443,0,2,26,inbound_arrival,11,500,0,,4,0,2,,0,0,0,500,500,50000000,30000,0,0,11500,0,0,0,12000,0,0,blocked,0,compute,1000,3500,500,0,0,0,0,,,6;7;8,1;3;11,3,0,0,10000,4,,roce,
52724,0,4,449,0,0,24,inbound_arrival,9,500,0,,4,0,0,,0,0,0,500,500,50000000,30000,0,0,12000,0,0,0,12500,0,0,blocked,0,compute,1000,4000,500,0,0,0,0,,,0;1;2,5;7;9,3,0,0,10000,4,,roce,
52724,0,8,446,0,2,26,inbound_arrival,3,500,0,,4,0,2,,0,0,0,500,500,50000000,30000,0,0,12000,0,0,0,12500,0,0,blocked,0,compute,1000,4000,500,0,0,0,0,,,6;7;8,1;3;11,3,0,0,10000,4,,roce,
52724,0,10,446,0,3,27,inbound_arrival,6,500,0,,4,0,3,,0,0,0,500,500,50000000,30000,0,0,12000,0,0,0,12500,0,0,blocked,0,compute,1000,4000,500,0,0,0,0,,,9;10;11,2;4;6,3,0,0,10000,4,,roce,
52788,0,6,449,0,1,25,inbound_arrival,0,500,0,,4,0,1,,0,0,0,500,500,50000000,30000,0,0,12000,0,0,0,12500,0,0,blocked,0,compute,1000,4000,500,0,0,0,0,,,3;4;5,0;8;10,3,0,0,10000,4,,roce,
53224,0,4,452,0,0,24,inbound_arrival,7,500,0,,4,0,0,,0,0,0,500,500,50000000,30000,0,0,12500,0,0,0,13000,0,0,blocked,0,compute,1000,4000,500,0,0,0,0,,,0;1;2,5;7;9,3,0,0,10000,4,,roce,
53224,0,8,449,0,2,26,inbound_arrival,1,500,0,,4,0,2,,0,0,0,500,500,50000000,30000,0,0,12500,0,0,0,13000,0,0,blocked,0,compute,1000,4000,500,0,0,0,0,,,6;7;8,1;3;11,3,0,0,10000,4,,roce,
53224,0,10,449,0,3,27,inbound_arrival,4,500,0,,4,0,3,,0,0,0,500,500,50000000,30000,0,0,12500,0,0,0,13000,0,0,blocked,0,compute,1000,4000,500,0,0,0,0,,,9;10;11,2;4;6,3,0,0,10000,4,,roce,
53288,0,6,452,0,1,25,inbound_arrival,10,500,0,,4,0,1,,0,0,0,500,500,50000000,30000,0,0,12500,0,0,0,13000,0,0,blocked,0,compute,1000,4000,500,0,0,0,0,,,3;4;5,0;8;10,3,0,0,10000,4,,roce,
53724,0,4,455,0,0,24,inbound_arrival,5,500,0,,4,0,0,,0,0,0,500,500,50000000,30000,0,0,13000,0,0,0,13500,0,0,blocked,0,compute,1000,4000,500,0,0,0,0,,,0;1;2,5;7;9,3,0,0,10000,4,,roce,
53724,0,10,452,0,3,27,inbound_arrival,2,500,0,,4,0,3,,0,0,0,500,500,50000000,30000,0,0,13000,0,0,0,13500,0,0,blocked,0,compute,1000,4000,500,0,0,0,0,,,9;10;11,2;4;6,3,0,0,10000,4,,roce,
53788,0,6,455,0,1,25,inbound_arrival,8,500,0,,4,0,1,,0,0,0,500,500,50000000,30000,0,0,13000,0,0,0,13500,0,0,blocked,0,compute,1000,4000,500,0,0,0,0,,,3;4;5,0;8;10,3,0,0,10000,4,,roce,
53788,0,8,455,0,2,26,inbound_arrival,11,500,0,,4,0,2,,0,0,0,500,500,50000000,30000,0,0,13000,0,0,0,13500,0,0,blocked,0,compute,1000,4000,500,0,0,0,0,,,6;7;8,1;3;11,3,0,0,10000,4,,roce,
54288,0,4,461,0,0,24,inbound_arrival,9,500,0,,4,0,0,,0,0,0,500,500,50000000,30000,0,0,13500,0,0,0,14000,0,0,blocked,0,compute,1000,4500,500,0,0,0,0,,,0;1;2,5;7;9,3,0,0,10000,4,,roce,
54288,0,6,458,0,1,25,inbound_arrival,0,500,0,,4,0,1,,0,0,0,500,500,50000000,30000,0,0,13500,0,0,0,14000,0,0,blocked,0,compute,1000,4500,500,0,0,0,0,,,3;4;5,0;8;10,3,0,0,10000,4,,roce,
54288,0,8,458,0,2,26,inbound_arrival,3,500,0,,4,0,2,,0,0,0,500,500,50000000,30000,0,0,13500,0,0,0,14000,0,0,blocked,0,compute,1000,4500,500,0,0,0,0,,,6;7;8,1;3;11,3,0,0,10000,4,,roce,
54288,0,10,458,0,3,27,inbound_arrival,6,500,0,,4,0,3,,0,0,0,500,500,50000000,30000,0,0,13500,0,0,0,14000,0,0,blocked,0,compute,1000,4500,500,0,0,0,0,,,9;10;11,2;4;6,3,0,0,10000,4,,roce,
54788,0,4,464,0,0,24,inbound_arrival,7,500,0,,4,0,0,,0,0,0,500,500,50000000,30000,0,0,14000,0,0,0,14500,0,0,blocked,0,compute,1000,4500,500,0,0,0,0,,,0;1;2,5;7;9,3,0,0,10000,4,,roce,
54788,0,6,461,0,1,25,inbound_arrival,10,500,0,,4,0,1,,0,0,0,500,500,50000000,30000,0,0,14000,0,0,0,14500,0,0,blocked,0,compute,1000,4500,500,0,0,0,0,,,3;4;5,0;8;10,3,0,0,10000,4,,roce,
54788,0,8,461,0,2,26,inbound_arrival,1,500,0,,4,0,2,,0,0,0,500,500,50000000,30000,0,0,14000,0,0,0,14500,0,0,blocked,0,compute,1000,4500,500,0,0,0,0,,,6;7;8,1;3;11,3,0,0,10000,4,,roce,
54788,0,10,461,0,3,27,inbound_arrival,4,500,0,,4,0,3,,0,0,0,500,500,50000000,30000,0,0,14000,0,0,0,14500,0,0,blocked,0,compute,1000,4500,500,0,0,0,0,,,9;10;11,2;4;6,3,0,0,10000,4,,roce,
55288,0,4,467,0,0,24,inbound_arrival,5,500,0,,4,0,0,,0,0,0,500,500,50000000,30000,0,0,14500,0,0,0,15000,0,0,blocked,0,compute,1000,4500,500,0,0,0,0,,,0;1;2,5;7;9,3,0,0,10000,4,,roce,
55288,0,10,464,0,3,27,inbound_arrival,2,500,0,,4,0,3,,0,0,0,500,500,50000000,30000,0,0,14500,0,0,0,15000,0,0,blocked,0,compute,1000,4500,500,0,0,0,0,,,9;10;11,2;4;6,3,0,0,10000,4,,roce,
55352,0,6,467,0,1,25,inbound_arrival,8,500,0,,4,0,1,,0,0,0,500,500,50000000,30000,0,0,14500,0,0,0,15000,0,0,blocked,0,compute,1000,4500,500,0,0,0,0,,,3;4;5,0;8;10,3,0,0,10000,4,,roce,
55352,0,8,467,0,2,26,inbound_arrival,11,500,0,,4,0,2,,0,0,0,500,500,50000000,30000,0,0,14500,0,0,0,15000,0,0,blocked,0,compute,1000,4500,500,0,0,0,0,,,6;7;8,1;3;11,3,0,0,10000,4,,roce,
55852,0,4,473,0,0,24,inbound_arrival,9,500,0,,4,0,0,,0,0,0,500,500,50000000,30000,0,0,15000,0,0,0,15500,0,0,blocked,0,compute,1000,5000,500,0,0,0,0,,,0;1;2,5;7;9,3,0,0,10000,4,,roce,
55852,0,10,470,0,3,27,inbound_arrival,6,500,0,,4,0,3,,0,0,0,500,500,50000000,30000,0,0,15000,0,0,0,15500,0,0,blocked,0,compute,1000,5000,500,0,0,0,0,,,9;10;11,2;4;6,3,0,0,10000,4,,roce,
55916,0,6,473,0,1,25,inbound_arrival,0,500,0,,4,0,1,,0,0,0,500,500,50000000,30000,0,0,15000,0,0,0,15500,0,0,blocked,0,compute,1000,5000,500,0,0,0,0,,,3;4;5,0;8;10,3,0,0,10000,4,,roce,
55916,0,8,473,0,2,26,inbound_arrival,3,500,0,,4,0,2,,0,0,0,500,500,50000000,30000,0,0,15000,0,0,0,15500,0,0,blocked,0,compute,1000,5000,500,0,0,0,0,,,6;7;8,1;3;11,3,0,0,10000,4,,roce,
56352,0,4,476,0,0,24,inbound_arrival,7,500,0,,4,0,0,,0,0,0,500,500,50000000,30000,0,0,15500,0,0,0,16000,0,0,blocked,0,compute,1000,5000,500,0,0,0,0,,,0;1;2,5;7;9,3,0,0,10000,4,,roce,
56352,0,10,473,0,3,27,inbound_arrival,4,500,0,,4,0,3,,0,0,0,500,500,50000000,30000,0,0,15500,0,0,0,16000,0,0,blocked,0,compute,1000,5000,500,0,0,0,0,,,9;10;11,2;4;6,3,0,0,10000,4,,roce,
56416,0,6,476,0,1,25,inbound_arrival,10,500,0,,4,0,1,,0,0,0,500,500,50000000,30000,0,0,15500,0,0,0,16000,0,0,blocked,0,compute,1000,5000,500,0,0,0,0,,,3;4;5,0;8;10,3,0,0,10000,4,,roce,
56416,0,8,476,0,2,26,inbound_arrival,1,500,0,,4,0,2,,0,0,0,500,500,50000000,30000,0,0,15500,0,0,0,16000,0,0,blocked,0,compute,1000,5000,500,0,0,0,0,,,6;7;8,1;3;11,3,0,0,10000,4,,roce,
56852,0,4,479,0,0,24,inbound_arrival,5,500,0,,4,0,0,,0,0,0,500,500,50000000,30000,0,0,16000,0,0,0,16500,0,0,blocked,0,compute,1000,5000,500,0,0,0,0,,,0;1;2,5;7;9,3,0,0,10000,4,,roce,
56852,0,10,476,0,3,27,inbound_arrival,2,500,0,,4,0,3,,0,0,0,500,500,50000000,30000,0,0,16000,0,0,0,16500,0,0,blocked,0,compute,1000,5000,500,0,0,0,0,,,9;10;11,2;4;6,3,0,0,10000,4,,roce,
56916,0,6,479,0,1,25,inbound_arrival,8,500,0,,4,0,1,,0,0,0,500,500,50000000,30000,0,0,16000,0,0,0,16500,0,0,blocked,0,compute,1000,5000,500,0,0,0,0,,,3;4;5,0;8;10,3,0,0,10000,4,,roce,
56916,0,8,479,0,2,26,inbound_arrival,11,500,0,,4,0,2,,0,0,0,500,500,50000000,30000,0,0,16000,0,0,0,16500,0,0,blocked,0,compute,1000,5000,500,0,0,0,0,,,6;7;8,1;3;11,3,0,0,10000,4,,roce,
57416,0,4,485,0,0,24,inbound_arrival,9,500,0,,4,0,0,,0,0,0,500,500,50000000,30000,0,0,16500,0,0,0,17000,0,0,blocked,0,compute,1000,5500,500,0,0,0,0,,,0;1;2,5;7;9,3,0,0,10000,4,,roce,
57416,0,8,482,0,2,26,inbound_arrival,3,500,0,,4,0,2,,0,0,0,500,500,50000000,30000,0,0,16500,0,0,0,17000,0,0,blocked,0,compute,1000,5500,500,0,0,0,0,,,6;7;8,1;3;11,3,0,0,10000,4,,roce,
57416,0,10,482,0,3,27,inbound_arrival,6,500,0,,4,0,3,,0,0,0,500,500,50000000,30000,0,0,16500,0,0,0,17000,0,0,blocked,0,compute,1000,5500,500,0,0,0,0,,,9;10;11,2;4;6,3,0,0,10000,4,,roce,
57480,0,6,485,0,1,25,inbound_arrival,0,500,0,,4,0,1,,0,0,0,500,500,50000000,30000,0,0,16500,0,0,0,17000,0,0,blocked,0,compute,1000,5500,500,0,0,0,0,,,3;4;5,0;8;10,3,0,0,10000,4,,roce,
57916,0,4,488,0,0,24,inbound_arrival,7,500,0,,4,0,0,,0,0,0,500,500,50000000,30000,0,0,17000,0,0,0,17500,0,0,blocked,0,compute,1000,5500,500,0,0,0,0,,,0;1;2,5;7;9,3,0,0,10000,4,,roce,
57916,0,8,485,0,2,26,inbound_arrival,1,500,0,,4,0,2,,0,0,0,500,500,50000000,30000,0,0,17000,0,0,0,17500,0,0,blocked,0,compute,1000,5500,500,0,0,0,0,,,6;7;8,1;3;11,3,0,0,10000,4,,roce,
57916,0,10,485,0,3,27,inbound_arrival,4,500,0,,4,0,3,,0,0,0,500,500,50000000,30000,0,0,17000,0,0,0,17500,0,0,blocked,0,compute,1000,5500,500,0,0,0,0,,,9;10;11,2;4;6,3,0,0,10000,4,,roce,
57980,0,6,488,0,1,25,inbound_arrival,10,500,0,,4,0,1,,0,0,0,500,500,50000000,30000,0,0,17000,0,0,0,17500,0,0,blocked,0,compute,1000,5500,500,0,0,0,0,,,3;4;5,0;8;10,3,0,0,10000,4,,roce,
58416,0,4,491,0,0,24,inbound_arrival,5,500,0,,4,0,0,,0,0,0,500,500,50000000,30000,0,0,17500,0,0,0,18000,0,0,blocked,0,compute,1000,5500,500,0,0,0,0,,,0;1;2,5;7;9,3,0,0,10000,4,,roce,
58416,0,10,488,0,3,27,inbound_arrival,2,500,0,,4,0,3,,0,0,0,500,500,50000000,30000,0,0,17500,0,0,0,18000,0,0,blocked,0,compute,1000,5500,500,0,0,0,0,,,9;10;11,2;4;6,3,0,0,10000,4,,roce,
58480,0,6,491,0,1,25,inbound_arrival,8,500,0,,4,0,1,,0,0,0,500,500,50000000,30000,0,0,17500,0,0,0,18000,0,0,blocked,0,compute,1000,5500,500,0,0,0,0,,,3;4;5,0;8;10,3,0,0,10000,4,,roce,
58480,0,8,491,0,2,26,inbound_arrival,11,500,0,,4,0,2,,0,0,0,500,500,50000000,30000,0,0,17500,0,0,0,18000,0,0,blocked,0,compute,1000,5500,500,0,0,0,0,,,6;7;8,1;3;11,3,0,0,10000,4,,roce,
58980,0,4,497,0,0,24,inbound_arrival,9,500,0,,4,0,0,,0,0,0,500,500,50000000,30000,0,0,18000,0,0,0,18500,0,0,blocked,0,compute,1000,6000,500,0,0,0,0,,,0;1;2,5;7;9,3,0,0,10000,4,,roce,
58980,0,6,494,0,1,25,inbound_arrival,0,500,0,,4,0,1,,0,0,0,500,500,50000000,30000,0,0,18000,0,0,0,18500,0,0,blocked,0,compute,1000,6000,500,0,0,0,0,,,3;4;5,0;8;10,3,0,0,10000,4,,roce,
58980,0,8,494,0,2,26,inbound_arrival,3,500,0,,4,0,2,,0,0,0,500,500,50000000,30000,0,0,18000,0,0,0,18500,0,0,blocked,0,compute,1000,6000,500,0,0,0,0,,,6;7;8,1;3;11,3,0,0,10000,4,,roce,
58980,0,10,494,0,3,27,inbound_arrival,6,500,0,,4,0,3,,0,0,0,500,500,50000000,30000,0,0,18000,0,0,0,18500,0,0,blocked,0,compute,1000,6000,500,0,0,0,0,,,9;10;11,2;4;6,3,0,0,10000,4,,roce,
59480,0,4,500,0,0,24,inbound_arrival,7,500,0,,4,0,0,,0,0,0,500,500,50000000,30000,0,0,18500,0,0,0,19000,0,0,blocked,0,compute,1000,6000,500,0,0,0,0,,,0;1;2,5;7;9,3,0,0,10000,4,,roce,
59480,0,6,497,0,1,25,inbound_arrival,10,500,0,,4,0,1,,0,0,0,500,500,50000000,30000,0,0,18500,0,0,0,19000,0,0,blocked,0,compute,1000,6000,500,0,0,0,0,,,3;4;5,0;8;10,3,0,0,10000,4,,roce,
59480,0,8,497,0,2,26,inbound_arrival,1,500,0,,4,0,2,,0,0,0,500,500,50000000,30000,0,0,18500,0,0,0,19000,0,0,blocked,0,compute,1000,6000,500,0,0,0,0,,,6;7;8,1;3;11,3,0,0,10000,4,,roce,
59480,0,10,497,0,3,27,inbound_arrival,4,500,0,,4,0,3,,0,0,0,500,500,50000000,30000,0,0,18500,0,0,0,19000,0,0,blocked,0,compute,1000,6000,500,0,0,0,0,,,9;10;11,2;4;6,3,0,0,10000,4,,roce,
59980,0,4,503,0,0,24,inbound_arrival,5,500,0,,4,0,0,,0,0,0,500,500,50000000,30000,0,0,19000,0,0,0,19500,0,0,blocked,0,compute,1000,6000,500,0,0,0,0,,,0;1;2,5;7;9,3,0,0,10000,4,,roce,
59980,0,10,500,0,3,27,inbound_arrival,2,500,0,,4,0,3,,0,0,0,500,500,50000000,30000,0,0,19000,0,0,0,19500,0,0,blocked,0,compute,1000,6000,500,0,0,0,0,,,9;10;11,2;4;6,3,0,0,10000,4,,roce,
60044,0,6,503,0,1,25,inbound_arrival,8,500,0,,4,0,1,,0,0,0,500,500,50000000,30000,0,0,19000,0,0,0,19500,0,0,blocked,0,compute,1000,6000,500,0,0,0,0,,,3;4;5,0;8;10,3,0,0,10000,4,,roce,
60044,0,8,503,0,2,26,inbound_arrival,11,500,0,,4,0,2,,0,0,0,500,500,50000000,30000,0,0,19000,0,0,0,19500,0,0,blocked,0,compute,1000,6000,500,0,0,0,0,,,6;7;8,1;3;11,3,0,0,10000,4,,roce,
60544,0,4,509,0,0,24,inbound_arrival,9,500,0,,4,0,0,,0,0,0,500,500,50000000,30000,0,0,19500,0,0,0,20000,0,0,blocked,0,compute,1000,6500,500,0,0,0,0,,,0;1;2,5;7;9,3,0,0,10000,4,,roce,
60544,0,10,506,0,3,27,inbound_arrival,6,500,0,,4,0,3,,0,0,0,500,500,50000000,30000,0,0,19500,0,0,0,20000,0,0,blocked,0,compute,1000,6500,500,0,0,0,0,,,9;10;11,2;4;6,3,0,0,10000,4,,roce,
60608,0,6,509,0,1,25,inbound_arrival,0,500,0,,4,0,1,,0,0,0,500,500,50000000,30000,0,0,19500,0,0,0,20000,0,0,blocked,0,compute,1000,6500,500,0,0,0,0,,,3;4;5,0;8;10,3,0,0,10000,4,,roce,
60608,0,8,509,0,2,26,inbound_arrival,3,500,0,,4,0,2,,0,0,0,500,500,50000000,30000,0,0,19500,0,0,0,20000,0,0,blocked,0,compute,1000,6500,500,0,0,0,0,,,6;7;8,1;3;11,3,0,0,10000,4,,roce,
61044,0,4,512,0,0,24,inbound_arrival,7,500,0,,4,0,0,,0,0,0,500,500,50000000,30000,0,0,20000,0,0,0,20500,0,0,blocked,0,compute,1000,6500,500,0,0,0,0,,,0;1;2,5;7;9,3,0,0,10000,4,,roce,
61044,0,10,509,0,3,27,inbound_arrival,4,500,0,,4,0,3,,0,0,0,500,500,50000000,30000,0,0,20000,0,0,0,20500,0,0,blocked,0,compute,1000,6500,500,0,0,0,0,,,9;10;11,2;4;6,3,0,0,10000,4,,roce,
61108,0,6,512,0,1,25,inbound_arrival,10,500,0,,4,0,1,,0,0,0,500,500,50000000,30000,0,0,20000,0,0,0,20500,0,0,blocked,0,compute,1000,6500,500,0,0,0,0,,,3;4;5,0;8;10,3,0,0,10000,4,,roce,
61108,0,8,512,0,2,26,inbound_arrival,1,500,0,,4,0,2,,0,0,0,500,500,50000000,30000,0,0,20000,0,0,0,20500,0,0,blocked,0,compute,1000,6500,500,0,0,0,0,,,6;7;8,1;3;11,3,0,0,10000,4,,roce,
61544,0,4,515,0,0,24,inbound_arrival,5,500,0,,4,0,0,,0,0,0,500,500,50000000,30000,0,0,20500,0,0,0,21000,0,0,blocked,0,compute,1000,6500,500,0,0,0,0,,,0;1;2,5;7;9,3,0,0,10000,4,,roce,
61544,0,10,512,0,3,27,inbound_arrival,2,500,0,,4,0,3,,0,0,0,500,500,50000000,30000,0,0,20500,0,0,0,21000,0,0,blocked,0,compute,1000,6500,500,0,0,0,0,,,9;10;11,2;4;6,3,0,0,10000,4,,roce,
61608,0,6,515,0,1,25,inbound_arrival,8,500,0,,4,0,1,,0,0,0,500,500,50000000,30000,0,0,20500,0,0,0,21000,0,0,blocked,0,compute,1000,6500,500,0,0,0,0,,,3;4;5,0;8;10,3,0,0,10000,4,,roce,
61608,0,8,515,0,2,26,inbound_arrival,11,500,0,,4,0,2,,0,0,0,500,500,50000000,30000,0,0,20500,0,0,0,21000,0,0,blocked,0,compute,1000,6500,500,0,0,0,0,,,6;7;8,1;3;11,3,0,0,10000,4,,roce,
62108,0,4,521,0,0,24,inbound_arrival,9,500,0,,4,0,0,,0,0,0,500,500,50000000,30000,0,0,21000,0,0,0,21500,0,0,blocked,0,compute,1000,7000,500,0,0,0,0,,,0;1;2,5;7;9,3,0,0,10000,4,,roce,
62108,0,8,518,0,2,26,inbound_arrival,3,500,0,,4,0,2,,0,0,0,500,500,50000000,30000,0,0,21000,0,0,0,21500,0,0,blocked,0,compute,1000,7000,500,0,0,0,0,,,6;7;8,1;3;11,3,0,0,10000,4,,roce,
62108,0,10,518,0,3,27,inbound_arrival,6,500,0,,4,0,3,,0,0,0,500,500,50000000,30000,0,0,21000,0,0,0,21500,0,0,blocked,0,compute,1000,7000,500,0,0,0,0,,,9;10;11,2;4;6,3,0,0,10000,4,,roce,
62172,0,6,521,0,1,25,inbound_arrival,0,500,0,,4,0,1,,0,0,0,500,500,50000000,30000,0,0,21000,0,0,0,21500,0,0,blocked,0,compute,1000,7000,500,0,0,0,0,,,3;4;5,0;8;10,3,0,0,10000,4,,roce,
62608,0,4,524,0,0,24,inbound_arrival,7,500,0,,4,0,0,,0,0,0,500,500,50000000,30000,0,0,21500,0,0,0,22000,0,0,blocked,0,compute,1000,7000,500,0,0,0,0,,,0;1;2,5;7;9,3,0,0,10000,4,,roce,
62608,0,8,521,0,2,26,inbound_arrival,1,500,0,,4,0,2,,0,0,0,500,500,50000000,30000,0,0,21500,0,0,0,22000,0,0,blocked,0,compute,1000,7000,500,0,0,0,0,,,6;7;8,1;3;11,3,0,0,10000,4,,roce,
62608,0,10,521,0,3,27,inbound_arrival,4,500,0,,4,0,3,,0,0,0,500,500,50000000,30000,0,0,21500,0,0,0,22000,0,0,blocked,0,compute,1000,7000,500,0,0,0,0,,,9;10;11,2;4;6,3,0,0,10000,4,,roce,
62672,0,6,524,0,1,25,inbound_arrival,10,500,0,,4,0,1,,0,0,0,500,500,50000000,30000,0,0,21500,0,0,0,22000,0,0,blocked,0,compute,1000,7000,500,0,0,0,0,,,3;4;5,0;8;10,3,0,0,10000,4,,roce,
63108,0,4,527,0,0,24,inbound_arrival,5,500,0,,4,0,0,,0,0,0,500,500,50000000,30000,0,0,22000,0,0,0,22500,0,0,blocked,0,compute,1000,7000,500,0,0,0,0,,,0;1;2,5;7;9,3,0,0,10000,4,,roce,
63108,0,10,524,0,3,27,inbound_arrival,2,500,0,,4,0,3,,0,0,0,500,500,50000000,30000,0,0,22000,0,0,0,22500,0,0,blocked,0,compute,1000,7000,500,0,0,0,0,,,9;10;11,2;4;6,3,0,0,10000,4,,roce,
63172,0,6,527,0,1,25,inbound_arrival,8,500,0,,4,0,1,,0,0,0,500,500,50000000,30000,0,0,22000,0,0,0,22500,0,0,blocked,0,compute,1000,7000,500,0,0,0,0,,,3;4;5,0;8;10,3,0,0,10000,4,,roce,
63172,0,8,527,0,2,26,inbound_arrival,11,500,0,,4,0,2,,0,0,0,500,500,50000000,30000,0,0,22000,0,0,0,22500,0,0,blocked,0,compute,1000,7000,500,0,0,0,0,,,6;7;8,1;3;11,3,0,0,10000,4,,roce,
63672,0,4,533,0,0,24,inbound_arrival,9,500,0,,4,0,0,,0,0,0,500,500,50000000,30000,0,0,22500,0,0,0,23000,0,0,blocked,0,compute,1000,7500,500,0,0,0,0,,,0;1;2,5;7;9,3,0,0,10000,4,,roce,
63672,0,6,530,0,1,25,inbound_arrival,0,500,0,,4,0,1,,0,0,0,500,500,50000000,30000,0,0,22500,0,0,0,23000,0,0,blocked,0,compute,1000,7500,500,0,0,0,0,,,3;4;5,0;8;10,3,0,0,10000,4,,roce,
63672,0,8,530,0,2,26,inbound_arrival,3,500,0,,4,0,2,,0,0,0,500,500,50000000,30000,0,0,22500,0,0,0,23000,0,0,blocked,0,compute,1000,7500,500,0,0,0,0,,,6;7;8,1;3;11,3,0,0,10000,4,,roce,
63672,0,10,530,0,3,27,inbound_arrival,6,500,0,,4,0,3,,0,0,0,500,500,50000000,30000,0,0,22500,0,0,0,23000,0,0,blocked,0,compute,1000,7500,500,0,0,0,0,,,9;10;11,2;4;6,3,0,0,10000,4,,roce,
64172,0,4,536,0,0,24,inbound_arrival,7,500,0,,4,0,0,,0,0,0,500,500,50000000,30000,0,0,23000,0,0,0,23500,0,0,blocked,0,compute,1000,7500,500,0,0,0,0,,,0;1;2,5;7;9,3,0,0,10000,4,,roce,
64172,0,6,533,0,1,25,inbound_arrival,10,500,0,,4,0,1,,0,0,0,500,500,50000000,30000,0,0,23000,0,0,0,23500,0,0,blocked,0,compute,1000,7500,500,0,0,0,0,,,3;4;5,0;8;10,3,0,0,10000,4,,roce,
64172,0,8,533,0,2,26,inbound_arrival,1,500,0,,4,0,2,,0,0,0,500,500,50000000,30000,0,0,23000,0,0,0,23500,0,0,blocked,0,compute,1000,7500,500,0,0,0,0,,,6;7;8,1;3;11,3,0,0,10000,4,,roce,
64172,0,10,533,0,3,27,inbound_arrival,4,500,0,,4,0,3,,0,0,0,500,500,50000000,30000,0,0,23000,0,0,0,23500,0,0,blocked,0,compute,1000,7500,500,0,0,0,0,,,9;10;11,2;4;6,3,0,0,10000,4,,roce,
64672,0,4,539,0,0,24,inbound_arrival,5,500,0,,4,0,0,,0,0,0,500,500,50000000,30000,0,0,23500,0,0,0,24000,0,0,blocked,0,compute,1000,7500,500,0,0,0,0,,,0;1;2,5;7;9,3,0,0,10000,4,,roce,
64672,0,10,536,0,3,27,inbound_arrival,2,500,0,,4,0,3,,0,0,0,500,500,50000000,30000,0,0,23500,0,0,0,24000,0,0,blocked,0,compute,1000,7500,500,0,0,0,0,,,9;10;11,2;4;6,3,0,0,10000,4,,roce,
64736,0,6,539,0,1,25,inbound_arrival,8,500,0,,4,0,1,,0,0,0,500,500,50000000,30000,0,0,23500,0,0,0,24000,0,0,blocked,0,compute,1000,7500,500,0,0,0,0,,,3;4;5,0;8;10,3,0,0,10000,4,,roce,
64736,0,8,539,0,2,26,inbound_arrival,11,500,0,,4,0,2,,0,0,0,500,500,50000000,30000,0,0,23500,0,0,0,24000,0,0,blocked,0,compute,1000,7500,500,0,0,0,0,,,6;7;8,1;3;11,3,0,0,10000,4,,roce,
65172,0,4,542,0,0,24,inbound_arrival,9,500,0,,4,0,0,,0,0,0,500,500,50000000,30000,0,0,24000,0,0,0,24500,0,0,blocked,0,compute,1000,8000,500,0,0,0,0,,,0;1;2,5;7;9,3,0,0,10000,4,,roce,
65236,0,6,542,0,1,25,inbound_arrival,0,500,0,,4,0,1,,0,0,0,500,500,50000000,30000,0,0,24000,0,0,0,24500,0,0,blocked,0,compute,1000,8000,500,0,0,0,0,,,3;4;5,0;8;10,3,0,0,10000,4,,roce,
65236,0,8,542,0,2,26,inbound_arrival,3,500,0,,4,0,2,,0,0,0,500,500,50000000,30000,0,0,24000,0,0,0,24500,0,0,blocked,0,compute,1000,8000,500,0,0,0,0,,,6;7;8,1;3;11,3,0,0,10000,4,,roce,
65236,0,10,542,0,3,27,inbound_arrival,6,500,0,,4,0,3,,0,0,0,500,500,50000000,30000,0,0,24000,0,0,0,24500,0,0,blocked,0,compute,1000,8000,500,0,0,0,0,,,9;10;11,2;4;6,3,0,0,10000,4,,roce,
65672,0,4,545,0,0,24,inbound_arrival,7,500,0,,4,0,0,,0,0,0,500,500,50000000,30000,0,0,24500,0,0,0,25000,0,0,blocked,0,compute,1000,8000,500,0,0,0,0,,,0;1;2,5;7;9,3,0,0,10000,4,,roce,
65736,0,6,545,0,1,25,inbound_arrival,10,500,0,,4,0,1,,0,0,0,500,500,50000000,30000,0,0,24500,0,0,0,25000,0,0,blocked,0,compute,1000,8000,500,0,0,0,0,,,3;4;5,0;8;10,3,0,0,10000,4,,roce,
65736,0,8,545,0,2,26,inbound_arrival,1,500,0,,4,0,2,,0,0,0,500,500,50000000,30000,0,0,24500,0,0,0,25000,0,0,blocked,0,compute,1000,8000,500,0,0,0,0,,,6;7;8,1;3;11,3,0,0,10000,4,,roce,
65736,0,10,545,0,3,27,inbound_arrival,4,500,0,,4,0,3,,0,0,0,500,500,50000000,30000,0,0,24500,0,0,0,25000,0,0,blocked,0,compute,1000,8000,500,0,0,0,0,,,9;10;11,2;4;6,3,0,0,10000,4,,roce,
66172,0,4,548,0,0,24,inbound_arrival,5,500,0,,4,0,0,,0,0,0,500,500,50000000,30000,0,0,25000,0,0,0,25500,0,0,blocked,0,compute,1000,8000,500,0,0,0,0,,,0;1;2,5;7;9,3,0,0,10000,4,,roce,
66236,0,6,548,0,1,25,inbound_arrival,8,500,0,,4,0,1,,0,0,0,500,500,50000000,30000,0,0,25000,0,0,0,25500,0,0,blocked,0,compute,1000,8000,500,0,0,0,0,,,3;4;5,0;8;10,3,0,0,10000,4,,roce,
66236,0,8,548,0,2,26,inbound_arrival,11,500,0,,4,0,2,,0,0,0,500,500,50000000,30000,0,0,25000,0,0,0,25500,0,0,blocked,0,compute,1000,8000,500,0,0,0,0,,,6;7;8,1;3;11,3,0,0,10000,4,,roce,
66236,0,10,548,0,3,27,inbound_arrival,2,500,0,,4,0,3,,0,0,0,500,500,50000000,30000,0,0,25000,0,0,0,25500,0,0,blocked,0,compute,1000,8000,500,0,0,0,0,,,9;10;11,2;4;6,3,0,0,10000,4,,roce,
66736,0,4,554,0,0,24,inbound_arrival,9,500,0,,4,0,0,,0,0,0,500,500,50000000,30000,0,0,25500,0,0,0,26000,0,0,blocked,0,compute,1000,8500,500,0,0,0,0,,,0;1;2,5;7;9,3,0,0,10000,4,,roce,
66800,0,6,554,0,1,25,inbound_arrival,0,500,0,,4,0,1,,0,0,0,500,500,50000000,30000,0,0,25500,0,0,0,26000,0,0,blocked,0,compute,1000,8500,500,0,0,0,0,,,3;4;5,0;8;10,3,0,0,10000,4,,roce,
66800,0,8,554,0,2,26,inbound_arrival,3,500,0,,4,0,2,,0,0,0,500,500,50000000,30000,0,0,25500,0,0,0,26000,0,0,blocked,0,compute,1000,8500,500,0,0,0,0,,,6;7;8,1;3;11,3,0,0,10000,4,,roce,
66800,0,10,554,0,3,27,inbound_arrival,6,500,0,,4,0,3,,0,0,0,500,500,50000000,30000,0,0,25500,0,0,0,26000,0,0,blocked,0,compute,1000,8500,500,0,0,0,0,,,9;10;11,2;4;6,3,0,0,10000,4,,roce,
67236,0,4,557,0,0,24,inbound_arrival,7,500,0,,4,0,0,,0,0,0,500,500,50000000,30000,0,0,26000,0,0,0,26500,0,0,blocked,0,compute,1000,8500,500,0,0,0,0,,,0;1;2,5;7;9,3,0,0,10000,4,,roce,
67300,0,6,557,0,1,25,inbound_arrival,10,500,0,,4,0,1,,0,0,0,500,500,50000000,30000,0,0,26000,0,0,0,26500,0,0,blocked,0,compute,1000,8500,500,0,0,0,0,,,3;4;5,0;8;10,3,0,0,10000,4,,roce,
67300,0,8,557,0,2,26,inbound_arrival,1,500,0,,4,0,2,,0,0,0,500,500,50000000,30000,0,0,26000,0,0,0,26500,0,0,blocked,0,compute,1000,8500,500,0,0,0,0,,,6;7;8,1;3;11,3,0,0,10000,4,,roce,
67300,0,10,557,0,3,27,inbound_arrival,4,500,0,,4,0,3,,0,0,0,500,500,50000000,30000,0,0,26000,0,0,0,26500,0,0,blocked,0,compute,1000,8500,500,0,0,0,0,,,9;10;11,2;4;6,3,0,0,10000,4,,roce,
67736,0,4,560,0,0,24,inbound_arrival,5,500,0,,4,0,0,,0,0,0,500,500,50000000,30000,0,0,26500,0,0,0,27000,0,0,blocked,0,compute,1000,8500,500,0,0,0,0,,,0;1;2,5;7;9,3,0,0,10000,4,,roce,
67800,0,6,560,0,1,25,inbound_arrival,8,500,0,,4,0,1,,0,0,0,500,500,50000000,30000,0,0,26500,0,0,0,27000,0,0,blocked,0,compute,1000,8500,500,0,0,0,0,,,3;4;5,0;8;10,3,0,0,10000,4,,roce,
67800,0,10,560,0,3,27,inbound_arrival,2,500,0,,4,0,3,,0,0,0,500,500,50000000,30000,0,0,26500,0,0,0,27000,0,0,blocked,0,compute,1000,8500,500,0,0,0,0,,,9;10;11,2;4;6,3,0,0,10000,4,,roce,
67864,0,8,563,0,2,26,inbound_arrival,11,500,0,,4,0,2,,0,0,0,500,500,50000000,30000,0,0,26500,0,0,0,27000,0,0,blocked,0,compute,1000,8500,500,0,0,0,0,,,6;7;8,1;3;11,3,0,0,10000,4,,roce,
68300,0,4,566,0,0,24,inbound_arrival,9,500,0,,4,0,0,,0,0,0,500,500,50000000,30000,0,0,27000,0,0,0,27500,0,0,blocked,0,compute,1000,9000,500,0,0,0,0,,,0;1;2,5;7;9,3,0,0,10000,4,,roce,
68364,0,6,566,0,1,25,inbound_arrival,0,500,0,,4,0,1,,0,0,0,500,500,50000000,30000,0,0,27000,0,0,0,27500,0,0,blocked,0,compute,1000,9000,500,0,0,0,0,,,3;4;5,0;8;10,3,0,0,10000,4,,roce,
68364,0,8,566,0,2,26,inbound_arrival,3,500,0,,4,0,2,,0,0,0,500,500,50000000,30000,0,0,27000,0,0,0,27500,0,0,blocked,0,compute,1000,9000,500,0,0,0,0,,,6;7;8,1;3;11,3,0,0,10000,4,,roce,
68364,0,10,566,0,3,27,inbound_arrival,6,500,0,,4,0,3,,0,0,0,500,500,50000000,30000,0,0,27000,0,0,0,27500,0,0,blocked,0,compute,1000,9000,500,0,0,0,0,,,9;10;11,2;4;6,3,0,0,10000,4,,roce,
68800,0,4,569,0,0,24,inbound_arrival,7,500,0,,4,0,0,,0,0,0,500,500,50000000,30000,0,0,27500,0,0,0,28000,0,0,blocked,0,compute,1000,9000,500,0,0,0,0,,,0;1;2,5;7;9,3,0,0,10000,4,,roce,
68864,0,6,569,0,1,25,inbound_arrival,10,500,0,,4,0,1,,0,0,0,500,500,50000000,30000,0,0,27500,0,0,0,28000,0,0,blocked,0,compute,1000,9000,500,0,0,0,0,,,3;4;5,0;8;10,3,0,0,10000,4,,roce,
68864,0,8,569,0,2,26,inbound_arrival,1,500,0,,4,0,2,,0,0,0,500,500,50000000,30000,0,0,27500,0,0,0,28000,0,0,blocked,0,compute,1000,9000,500,0,0,0,0,,,6;7;8,1;3;11,3,0,0,10000,4,,roce,
68864,0,10,569,0,3,27,inbound_arrival,4,500,0,,4,0,3,,0,0,0,500,500,50000000,30000,0,0,27500,0,0,0,28000,0,0,blocked,0,compute,1000,9000,500,0,0,0,0,,,9;10;11,2;4;6,3,0,0,10000,4,,roce,
69300,0,4,572,0,0,24,inbound_arrival,5,500,0,,4,0,0,,0,0,0,500,500,50000000,30000,0,0,28000,0,0,0,28500,0,0,blocked,0,compute,1000,9000,500,0,0,0,0,,,0;1;2,5;7;9,3,0,0,10000,4,,roce,
69364,0,8,572,0,2,26,inbound_arrival,11,500,0,,4,0,2,,0,0,0,500,500,50000000,30000,0,0,28000,0,0,0,28500,0,0,blocked,0,compute,1000,9000,500,0,0,0,0,,,6;7;8,1;3;11,3,0,0,10000,4,,roce,
69364,0,10,572,0,3,27,inbound_arrival,2,500,0,,4,0,3,,0,0,0,500,500,50000000,30000,0,0,28000,0,0,0,28500,0,0,blocked,0,compute,1000,9000,500,0,0,0,0,,,9;10;11,2;4;6,3,0,0,10000,4,,roce,
69428,0,6,575,0,1,25,inbound_arrival,8,500,0,,4,0,1,,0,0,0,500,500,50000000,30000,0,0,28000,0,0,0,28500,0,0,blocked,0,compute,1000,9000,500,0,0,0,0,,,3;4;5,0;8;10,3,0,0,10000,4,,roce,
69864,0,4,578,0,0,24,inbound_arrival,9,500,0,,4,0,0,,0,0,0,500,500,50000000,30000,0,0,28500,0,0,0,29000,0,0,blocked,0,compute,1000,9500,500,0,0,0,0,,,0;1;2,5;7;9,3,0,0,10000,4,,roce,
69928,0,6,578,0,1,25,inbound_arrival,0,500,0,,4,0,1,,0,0,0,500,500,50000000,30000,0,0,28500,0,0,0,29000,0,0,blocked,0,compute,1000,9500,500,0,0,0,0,,,3;4;5,0;8;10,3,0,0,10000,4,,roce,
69928,0,8,578,0,2,26,inbound_arrival,3,500,0,,4,0,2,,0,0,0,500,500,50000000,30000,0,0,28500,0,0,0,29000,0,0,blocked,0,compute,1000,9500,500,0,0,0,0,,,6;7;8,1;3;11,3,0,0,10000,4,,roce,
69928,0,10,578,0,3,27,inbound_arrival,6,500,0,,4,0,3,,0,0,0,500,500,50000000,30000,0,0,28500,0,0,0,29000,0,0,blocked,0,compute,1000,9500,500,0,0,0,0,,,9;10;11,2;4;6,3,0,0,10000,4,,roce,
70364,0,4,581,0,0,24,inbound_arrival,7,500,0,,4,0,0,,0,0,0,500,500,50000000,30000,0,0,29000,0,0,0,29500,0,0,blocked,0,compute,1000,9500,500,0,0,0,0,,,0;1;2,5;7;9,3,0,0,10000,4,,roce,
70428,0,6,581,0,1,25,inbound_arrival,10,500,0,,4,0,1,,0,0,0,500,500,50000000,30000,0,0,29000,0,0,0,29500,0,0,blocked,0,compute,1000,9500,500,0,0,0,0,,,3;4;5,0;8;10,3,0,0,10000,4,,roce,
70428,0,8,581,0,2,26,inbound_arrival,1,500,0,,4,0,2,,0,0,0,500,500,50000000,30000,0,0,29000,0,0,0,29500,0,0,blocked,0,compute,1000,9500,500,0,0,0,0,,,6;7;8,1;3;11,3,0,0,10000,4,,roce,
70428,0,10,581,0,3,27,inbound_arrival,4,500,0,,4,0,3,,0,0,0,500,500,50000000,30000,0,0,29000,0,0,0,29500,0,0,blocked,0,compute,1000,9500,500,0,0,0,0,,,9;10;11,2;4;6,3,0,0,10000,4,,roce,
70864,0,4,584,0,0,24,inbound_arrival,5,500,0,,4,0,0,,0,0,0,500,500,50000000,30000,0,0,29500,0,0,1,30000,0,0,blocked,0,compute,1000,9500,500,0,0,0,0,,,0;1;2,5;7;9,3,0,0,10000,4,,roce,
70928,0,6,584,0,1,25,inbound_arrival,8,500,0,,4,0,1,,0,0,0,500,500,50000000,30000,0,0,29500,0,0,1,30000,0,0,blocked,0,compute,1000,9500,500,0,0,0,0,,,3;4;5,0;8;10,3,0,0,10000,4,,roce,
70928,0,8,584,0,2,26,inbound_arrival,11,500,0,,4,0,2,,0,0,0,500,500,50000000,30000,0,0,29500,0,0,1,30000,0,0,blocked,0,compute,1000,9500,500,0,0,0,0,,,6;7;8,1;3;11,3,0,0,10000,4,,roce,
70928,0,10,584,0,3,27,inbound_arrival,2,500,0,,4,0,3,,0,0,0,500,500,50000000,30000,0,0,29500,0,0,1,30000,0,0,blocked,0,compute,1000,9500,500,0,0,0,0,,,9;10;11,2;4;6,3,0,0,10000,4,,roce,
73616,0,4,713,0,0,24,local_completion,0,0,0,,4,0,0,,0,0,0,500,500,50000000,30000,0,1,30000,0,0,1,30000,0,0,blocked,0,compute,1000,0,0,10000,47840,2256,0,,,0;1;2,5;7;9,3,0,1,10000,4,,roce,
73616,0,10,710,0,3,27,local_completion,9,0,0,,4,0,3,,0,0,0,500,500,50000000,30000,0,1,30000,0,0,1,30000,0,0,blocked,0,compute,1000,0,0,10000,47904,2256,0,,,9;10;11,2;4;6,3,0,1,10000,4,,roce,
73680,0,4,716,0,0,24,local_completion,1,0,0,,4,0,0,,0,0,0,500,500,50000000,30000,0,1,30000,0,0,1,30000,0,0,blocked,0,compute,1000,0,0,10000,47840,2256,0,,,0;1;2,5;7;9,3,1,2,10000,4,,roce,
73680,0,6,713,0,1,25,local_completion,3,0,0,,4,0,1,,0,0,0,500,500,50000000,30000,0,1,30000,0,0,1,30000,0,0,blocked,0,compute,1000,0,0,10000,47904,2256,0,,,3;4;5,0;8;10,3,0,1,10000,4,,roce,
73680,0,8,713,0,2,26,local_completion,7,0,0,,4,0,2,,0,0,0,500,500,50000000,30000,0,1,30000,0,0,1,30000,0,0,blocked,0,compute,1000,0,0,10000,47904,2256,0,,,6;7;8,1;3;11,3,0,1,10000,4,,roce,
73744,0,4,719,0,0,24,local_completion,2,0,0,,4,0,0,,0,0,0,500,500,50000000,30000,0,1,30000,1,1,1,30000,0,0,scheduled,74744,compute,1000,0,0,10000,47840,2256,0,,,0;1;2,5;7;9,3,2,3,10000,4,,roce,
73744,0,6,716,0,1,25,local_completion,5,0,0,,4,0,1,,0,0,0,500,500,50000000,30000,0,1,30000,0,0,1,30000,0,0,blocked,0,compute,1000,0,0,10000,47904,2256,0,,,3;4;5,0;8;10,3,1,2,10000,4,,roce,
73744,0,8,716,0,2,26,local_completion,6,0,0,,4,0,2,,0,0,0,500,500,50000000,30000,0,1,30000,0,0,1,30000,0,0,blocked,0,compute,1000,0,0,10000,47904,2256,0,,,6;7;8,1;3;11,3,1,2,10000,4,,roce,
73744,0,10,716,0,3,27,local_completion,10,0,0,,4,0,3,,0,0,0,500,500,50000000,30000,0,1,30000,0,0,1,30000,0,0,blocked,0,compute,1000,0,0,10000,47904,2256,0,,,9;10;11,2;4;6,3,1,2,10000,4,,roce,
73808,0,6,719,0,1,25,local_completion,4,0,0,,4,0,1,,0,0,0,500,500,50000000,30000,0,1,30000,1,1,1,30000,0,0,scheduled,74808,compute,1000,0,0,10000,47904,2256,0,,,3;4;5,0;8;10,3,2,3,10000,4,,roce,
73808,0,8,719,0,2,26,local_completion,8,0,0,,4,0,2,,0,0,0,500,500,50000000,30000,0,1,30000,1,1,1,30000,0,0,scheduled,74808,compute,1000,0,0,10000,47904,2256,0,,,6;7;8,1;3;11,3,2,3,10000,4,,roce,
73808,0,10,719,0,3,27,local_completion,11,0,0,,4,0,3,,0,0,0,500,500,50000000,30000,0,1,30000,1,1,1,30000,0,0,scheduled,74808,compute,1000,0,0,10000,47904,2256,0,,,9;10;11,2;4;6,3,2,3,10000,4,,roce,
