time_ns,event_phase,event_origin_node,event_origin_sequence,kind,node_id,flow_id,algorithm,mss_bytes,acked_bytes,rtt_ns,flight_bytes,acknowledgment,recovery_high_input,before_phase,before_cwnd_bytes,before_ssthresh_bytes,before_dupacks,before_recovery_high,before_ca_credit,before_cwnd_scaled,before_ssthresh_scaled,before_w_max_scaled,before_w_last_max_scaled,before_epoch_ns,before_srtt_ns,before_k_ns,after_phase,after_cwnd_bytes,after_ssthresh_bytes,after_dupacks,after_recovery_high,after_ca_credit,after_cwnd_scaled,after_ssthresh_scaled,after_w_max_scaled,after_w_last_max_scaled,after_epoch_ns,after_srtt_ns,after_k_ns
33280,0,5,2,new_ack,0,0,Reno,1000,1000,33280,2000,1000,,slow_start,2000,65535,0,0,0,2000000000,65535000000,0,0,,0,0,slow_start,3000,65535,0,0,0,3000000000,65535000000,0,0,,0,0
41280,0,7,2,new_ack,1,1,Reno,1000,1000,41280,2000,1000,,slow_start,2000,65535,0,0,0,2000000000,65535000000,0,0,,0,0,slow_start,3000,65535,0,0,0,3000000000,65535000000,0,0,,0,0
49280,0,9,2,new_ack,2,2,Reno,1000,1000,49280,2000,1000,,slow_start,2000,65535,0,0,0,2000000000,65535000000,0,0,,0,0,slow_start,3000,65535,0,0,0,3000000000,65535000000,0,0,,0,0
57280,0,11,2,new_ack,3,3,Reno,1000,1000,57280,2000,1000,,slow_start,2000,65535,0,0,0,2000000000,65535000000,0,0,,0,0,slow_start,3000,65535,0,0,0,3000000000,65535000000,0,0,,0,0
65280,0,5,5,new_ack,0,0,Reno,1000,1000,65280,3000,2000,,slow_start,3000,65535,0,0,0,3000000000,65535000000,0,0,,0,0,slow_start,4000,65535,0,0,0,4000000000,65535000000,0,0,,0,0
73280,0,7,5,new_ack,1,1,Reno,1000,1000,73280,3000,2000,,slow_start,3000,65535,0,0,0,3000000000,65535000000,0,0,,0,0,slow_start,4000,65535,0,0,0,4000000000,65535000000,0,0,,0,0
81280,0,9,5,new_ack,2,2,Reno,1000,1000,81280,3000,2000,,slow_start,3000,65535,0,0,0,3000000000,65535000000,0,0,,0,0,slow_start,4000,65535,0,0,0,4000000000,65535000000,0,0,,0,0
89280,0,11,5,new_ack,3,3,Reno,1000,1000,89280,3000,2000,,slow_start,3000,65535,0,0,0,3000000000,65535000000,0,0,,0,0,slow_start,4000,65535,0,0,0,4000000000,65535000000,0,0,,0,0
97280,0,5,8,new_ack,0,0,Reno,1000,1000,64000,4000,3000,,slow_start,4000,65535,0,0,0,4000000000,65535000000,0,0,,0,0,slow_start,5000,65535,0,0,0,5000000000,65535000000,0,0,,0,0
105280,0,5,11,new_ack,0,0,Reno,1000,1000,72000,5000,4000,,slow_start,5000,65535,0,0,0,5000000000,65535000000,0,0,,0,0,slow_start,6000,65535,0,0,0,6000000000,65535000000,0,0,,0,0
113280,0,7,8,new_ack,1,1,Reno,1000,1000,72000,4000,3000,,slow_start,4000,65535,0,0,0,4000000000,65535000000,0,0,,0,0,slow_start,5000,65535,0,0,0,5000000000,65535000000,0,0,,0,0
121280,0,7,11,new_ack,1,1,Reno,1000,1000,80000,5000,4000,,slow_start,5000,65535,0,0,0,5000000000,65535000000,0,0,,0,0,slow_start,6000,65535,0,0,0,6000000000,65535000000,0,0,,0,0
129280,0,9,8,new_ack,2,2,Reno,1000,1000,80000,4000,3000,,slow_start,4000,65535,0,0,0,4000000000,65535000000,0,0,,0,0,slow_start,5000,65535,0,0,0,5000000000,65535000000,0,0,,0,0
137280,0,9,11,new_ack,2,2,Reno,1000,1000,88000,5000,4000,,slow_start,5000,65535,0,0,0,5000000000,65535000000,0,0,,0,0,slow_start,6000,65535,0,0,0,6000000000,65535000000,0,0,,0,0
145280,0,11,8,new_ack,3,3,Reno,1000,1000,88000,4000,3000,,slow_start,4000,65535,0,0,0,4000000000,65535000000,0,0,,0,0,slow_start,5000,65535,0,0,0,5000000000,65535000000,0,0,,0,0
153280,0,5,14,new_ack,0,0,Reno,1000,1000,88000,6000,5000,,slow_start,6000,65535,0,0,0,6000000000,65535000000,0,0,,0,0,slow_start,7000,65535,0,0,0,7000000000,65535000000,0,0,,0,0
161280,0,11,11,new_ack,3,3,Reno,1000,1000,104000,5000,4000,,slow_start,5000,65535,0,0,0,5000000000,65535000000,0,0,,0,0,slow_start,6000,65535,0,0,0,6000000000,65535000000,0,0,,0,0
169280,0,5,17,new_ack,0,0,Reno,1000,1000,104000,7000,6000,,slow_start,7000,65535,0,0,0,7000000000,65535000000,0,0,,0,0,slow_start,8000,65535,0,0,0,8000000000,65535000000,0,0,,0,0
177280,0,7,14,new_ack,1,1,Reno,1000,1000,104000,6000,5000,,slow_start,6000,65535,0,0,0,6000000000,65535000000,0,0,,0,0,slow_start,7000,65535,0,0,0,7000000000,65535000000,0,0,,0,0
185280,0,7,17,new_ack,1,1,Reno,1000,1000,112000,7000,6000,,slow_start,7000,65535,0,0,0,7000000000,65535000000,0,0,,0,0,slow_start,8000,65535,0,0,0,8000000000,65535000000,0,0,,0,0
193280,0,9,14,new_ack,2,2,Reno,1000,1000,112000,6000,5000,,slow_start,6000,65535,0,0,0,6000000000,65535000000,0,0,,0,0,slow_start,7000,65535,0,0,0,7000000000,65535000000,0,0,,0,0
201280,0,9,17,new_ack,2,2,Reno,1000,1000,120000,7000,6000,,slow_start,7000,65535,0,0,0,7000000000,65535000000,0,0,,0,0,slow_start,8000,65535,0,0,0,8000000000,65535000000,0,0,,0,0
209280,0,5,20,new_ack,0,0,Reno,1000,1000,112000,8000,7000,,slow_start,8000,65535,0,0,0,8000000000,65535000000,0,0,,0,0,slow_start,9000,65535,0,0,0,9000000000,65535000000,0,0,,0,0
217280,0,5,23,new_ack,0,0,Reno,1000,1000,120000,9000,8000,,slow_start,9000,65535,0,0,0,9000000000,65535000000,0,0,,0,0,slow_start,10000,65535,0,0,0,10000000000,65535000000,0,0,,0,0
225280,0,5,26,new_ack,0,0,Reno,1000,1000,120000,10000,9000,,slow_start,10000,65535,0,0,0,10000000000,65535000000,0,0,,0,0,slow_start,11000,65535,0,0,0,11000000000,65535000000,0,0,,0,0
233280,0,5,29,new_ack,0,0,Reno,1000,1000,128000,11000,10000,,slow_start,11000,65535,0,0,0,11000000000,65535000000,0,0,,0,0,slow_start,12000,65535,0,0,0,12000000000,65535000000,0,0,,0,0
241280,0,7,20,duplicate_ack,1,1,Reno,1000,,,8000,,14000,slow_start,8000,65535,0,0,0,8000000000,65535000000,0,0,,0,0,slow_start,8000,65535,1,0,0,8000000000,65535000000,0,0,,0,0
249280,0,7,23,duplicate_ack,1,1,Reno,1000,,,8000,,14000,slow_start,8000,65535,1,0,0,8000000000,65535000000,0,0,,0,0,slow_start,8000,65535,2,0,0,8000000000,65535000000,0,0,,0,0
257280,0,9,20,duplicate_ack,2,2,Reno,1000,,,8000,,14000,slow_start,8000,65535,0,0,0,8000000000,65535000000,0,0,,0,0,slow_start,8000,65535,1,0,0,8000000000,65535000000,0,0,,0,0
265280,0,5,32,new_ack,0,0,Reno,1000,1000,112000,10000,11000,,slow_start,12000,65535,0,0,0,12000000000,65535000000,0,0,,0,0,slow_start,13000,65535,0,0,0,13000000000,65535000000,0,0,,0,0
273280,0,5,35,new_ack,0,0,Reno,1000,1000,120000,9000,12000,,slow_start,13000,65535,0,0,0,13000000000,65535000000,0,0,,0,0,slow_start,14000,65535,0,0,0,14000000000,65535000000,0,0,,0,0
281280,0,5,38,new_ack,0,0,Reno,1000,1000,112000,8000,13000,,slow_start,14000,65535,0,0,0,14000000000,65535000000,0,0,,0,0,slow_start,15000,65535,0,0,0,15000000000,65535000000,0,0,,0,0
289280,0,5,41,new_ack,0,0,Reno,1000,1000,120000,7000,14000,,slow_start,15000,65535,0,0,0,15000000000,65535000000,0,0,,0,0,slow_start,16000,65535,0,0,0,16000000000,65535000000,0,0,,0,0
297280,0,7,26,duplicate_ack,1,1,Reno,1000,,,8000,,14000,slow_start,8000,65535,2,0,0,8000000000,65535000000,0,0,,0,0,fast_recovery,7000,4000,3,14000,0,7000000000,4000000000,0,0,,0,0
305280,0,7,29,duplicate_ack,1,1,Reno,1000,,,8000,,14000,fast_recovery,7000,4000,3,14000,0,7000000000,4000000000,0,0,,0,0,fast_recovery,8000,4000,4,14000,0,8000000000,4000000000,0,0,,0,0
313280,0,7,32,duplicate_ack,1,1,Reno,1000,,,8000,,14000,fast_recovery,8000,4000,4,14000,0,8000000000,4000000000,0,0,,0,0,fast_recovery,9000,4000,5,14000,0,9000000000,4000000000,0,0,,0,0
321280,0,5,44,new_ack,0,0,Reno,1000,1000,112000,6000,15000,,slow_start,16000,65535,0,0,0,16000000000,65535000000,0,0,,0,0,slow_start,17000,65535,0,0,0,17000000000,65535000000,0,0,,0,0
329280,0,5,47,new_ack,0,0,Reno,1000,1000,120000,5000,16000,,slow_start,17000,65535,0,0,0,17000000000,65535000000,0,0,,0,0,slow_start,18000,65535,0,0,0,18000000000,65535000000,0,0,,0,0
337280,0,5,50,new_ack,0,0,Reno,1000,1000,120000,4000,17000,,slow_start,18000,65535,0,0,0,18000000000,65535000000,0,0,,0,0,slow_start,19000,65535,0,0,0,19000000000,65535000000,0,0,,0,0
345280,0,5,53,new_ack,0,0,Reno,1000,1000,128000,3000,18000,,slow_start,19000,65535,0,0,0,19000000000,65535000000,0,0,,0,0,slow_start,20000,65535,0,0,0,20000000000,65535000000,0,0,,0,0
353280,0,5,56,new_ack,0,0,Reno,1000,1000,128000,2000,19000,,slow_start,20000,65535,0,0,0,20000000000,65535000000,0,0,,0,0,slow_start,21000,65535,0,0,0,21000000000,65535000000,0,0,,0,0
361280,0,5,59,new_ack,0,0,Reno,1000,1000,136000,1000,20000,,slow_start,21000,65535,0,0,0,21000000000,65535000000,0,0,,0,0,slow_start,22000,65535,0,0,0,22000000000,65535000000,0,0,,0,0
369280,0,7,35,new_ack,1,1,Reno,1000,1000,72000,9000,7000,,fast_recovery,9000,4000,5,14000,0,9000000000,4000000000,0,0,,0,0,fast_recovery,5000,4000,0,14000,0,5000000000,4000000000,0,0,,0,0
377280,0,7,38,duplicate_ack,1,1,Reno,1000,,,8000,,15000,fast_recovery,5000,4000,0,14000,0,5000000000,4000000000,0,0,,0,0,fast_recovery,5000,4000,1,14000,0,5000000000,4000000000,0,0,,0,0
402560,0,7,41,new_ack,1,1,Reno,1000,3000,33280,8000,10000,,fast_recovery,5000,4000,1,14000,0,5000000000,4000000000,0,0,,0,0,fast_recovery,5000,4000,0,14000,0,5000000000,4000000000,0,0,,0,0
435840,0,7,44,new_ack,1,1,Reno,1000,5000,33280,5000,15000,,fast_recovery,5000,4000,0,14000,0,5000000000,4000000000,0,0,,0,0,congestion_avoidance,4000,4000,0,0,0,4000000000,4000000000,0,0,,0,0
469120,0,7,47,new_ack,1,1,Reno,1000,1000,33280,4000,16000,,congestion_avoidance,4000,4000,0,0,0,4000000000,4000000000,0,0,,0,0,congestion_avoidance,4000,4000,0,0,1000,4000000000,4000000000,0,0,,0,0
477120,0,7,50,new_ack,1,1,Reno,1000,1000,41280,4000,17000,,congestion_avoidance,4000,4000,0,0,1000,4000000000,4000000000,0,0,,0,0,congestion_avoidance,4000,4000,0,0,2000,4000000000,4000000000,0,0,,0,0
485120,0,7,53,new_ack,1,1,Reno,1000,1000,49280,3000,18000,,congestion_avoidance,4000,4000,0,0,2000,4000000000,4000000000,0,0,,0,0,congestion_avoidance,4000,4000,0,0,3000,4000000000,4000000000,0,0,,0,0
493120,0,7,56,new_ack,1,1,Reno,1000,1000,57280,2000,19000,,congestion_avoidance,4000,4000,0,0,3000,4000000000,4000000000,0,0,,0,0,congestion_avoidance,5000,4000,0,0,0,5000000000,4000000000,0,0,,0,0
502400,0,7,59,new_ack,1,1,Reno,1000,1000,33280,1000,20000,,congestion_avoidance,5000,4000,0,0,0,5000000000,4000000000,0,0,,0,0,congestion_avoidance,5000,4000,0,0,1000,5000000000,4000000000,0,0,,0,0
1000161280,1,3,29,timeout,3,3,Reno,1000,,,6000,,,slow_start,6000,65535,0,0,0,6000000000,65535000000,0,0,,0,0,slow_start,1000,3000,0,0,0,1000000000,3000000000,0,0,,0,0
1000194560,0,11,14,new_ack,3,3,Reno,1000,1000,33280,6000,5000,,slow_start,1000,3000,0,0,0,1000000000,3000000000,0,0,,0,0,slow_start,2000,3000,0,0,0,2000000000,3000000000,0,0,,0,0
1000201280,1,2,40,timeout,2,2,Reno,1000,,,8000,,,slow_start,8000,65535,1,0,0,8000000000,65535000000,0,0,,0,0,slow_start,1000,4000,0,0,0,1000000000,4000000000,0,0,,0,0
1000234560,0,9,23,new_ack,2,2,Reno,1000,1000,33280,8000,7000,,slow_start,1000,4000,0,0,0,1000000000,4000000000,0,0,,0,0,slow_start,2000,4000,0,0,0,2000000000,4000000000,0,0,,0,0
