time_ns,event_phase,event_origin_node,event_origin_sequence,node_id,queue_id,payload_id,packet_kind,queued_bytes_before,packet_size_bytes,ecn_before,ecn_after,seed,capacity_bytes,kmin_bytes,kmax_bytes,pmax_numerator,pmax_denominator,action
100,0,0,42,1,0,0,data,0,100,0,0,25,100000,300,3000,1,2,enqueue
200,0,0,45,1,0,3,data,0,100,0,0,25,100000,300,3000,1,2,enqueue
300,0,0,48,1,0,6,data,100,100,0,0,25,100000,300,3000,1,2,enqueue
400,0,0,51,1,0,9,data,200,100,0,0,25,100000,300,3000,1,2,enqueue
500,0,0,54,1,0,12,data,300,100,0,0,25,100000,300,3000,1,2,enqueue
600,0,0,57,1,0,15,data,400,100,0,0,25,100000,300,3000,1,2,enqueue
700,0,0,60,1,0,18,data,500,100,0,0,25,100000,300,3000,1,2,enqueue
800,0,0,63,1,0,21,data,600,100,0,0,25,100000,300,3000,1,2,enqueue
900,0,0,66,1,0,24,data,700,100,0,0,25,100000,300,3000,1,2,enqueue
1000,0,0,69,1,0,27,data,800,100,0,0,25,100000,300,3000,1,2,enqueue
1100,0,0,72,1,0,30,data,900,100,0,0,25,100000,300,3000,1,2,enqueue
1200,0,0,75,1,0,33,data,1000,100,0,0,25,100000,300,3000,1,2,enqueue
1300,0,0,78,1,0,36,data,1100,100,0,1,25,100000,300,3000,1,2,mark
1400,0,0,81,1,0,39,data,1200,100,0,0,25,100000,300,3000,1,2,enqueue
1500,0,0,84,1,0,42,data,1300,100,0,1,25,100000,300,3000,1,2,mark
1600,0,0,87,1,0,45,data,1400,100,0,0,25,100000,300,3000,1,2,enqueue
1700,0,0,90,1,0,48,data,1500,100,0,0,25,100000,300,3000,1,2,enqueue
1800,0,0,93,1,0,51,data,1600,100,0,0,25,100000,300,3000,1,2,enqueue
1900,0,0,96,1,0,54,data,1700,100,0,1,25,100000,300,3000,1,2,mark
2000,0,0,99,1,0,57,data,1800,100,0,1,25,100000,300,3000,1,2,mark
2100,0,0,102,1,0,60,data,1900,100,0,0,25,100000,300,3000,1,2,enqueue
2200,0,0,105,1,0,63,data,2000,100,0,0,25,100000,300,3000,1,2,enqueue
2300,0,0,108,1,0,66,data,2100,100,0,1,25,100000,300,3000,1,2,mark
2400,0,0,111,1,0,69,data,2200,100,0,1,25,100000,300,3000,1,2,mark
2500,0,0,114,1,0,72,data,2300,100,0,0,25,100000,300,3000,1,2,enqueue
2600,0,0,117,1,0,75,data,2400,100,0,1,25,100000,300,3000,1,2,mark
2700,0,0,120,1,0,78,data,2500,100,0,0,25,100000,300,3000,1,2,enqueue
2800,0,0,123,1,0,81,data,2600,100,0,0,25,100000,300,3000,1,2,enqueue
2900,0,0,126,1,0,84,data,2700,100,0,0,25,100000,300,3000,1,2,enqueue
3000,0,0,129,1,0,87,data,2800,100,0,0,25,100000,300,3000,1,2,enqueue
3100,0,0,132,1,0,90,data,2900,100,0,1,25,100000,300,3000,1,2,mark
3200,0,0,135,1,0,93,data,3000,100,0,1,25,100000,300,3000,1,2,mark
3300,0,0,138,1,0,96,data,3100,100,0,1,25,100000,300,3000,1,2,mark
3400,0,0,141,1,0,99,data,3200,100,0,1,25,100000,300,3000,1,2,mark
3500,0,0,144,1,0,102,data,3300,100,0,1,25,100000,300,3000,1,2,mark
3600,0,0,147,1,0,105,data,3400,100,0,1,25,100000,300,3000,1,2,mark
3700,0,0,150,1,0,108,data,3500,100,0,1,25,100000,300,3000,1,2,mark
3800,0,0,153,1,0,111,data,3600,100,0,1,25,100000,300,3000,1,2,mark
3900,0,0,156,1,0,114,data,3700,100,0,1,25,100000,300,3000,1,2,mark
4000,0,0,159,1,0,117,data,3800,100,0,1,25,100000,300,3000,1,2,mark
