time_ns,event_phase,event_origin_node,event_origin_sequence,node_id,queue_id,payload_id,packet_kind,queued_packets_before,queued_bytes_before,packet_size_bytes,ecn_before,ecn_after,policy,depth_unit,capacity,threshold,min_threshold,max_threshold,max_probability_numerator,max_probability_denominator,mark_ecn,before_average_scaled,before_counter,after_average_scaled,after_counter,action
15000,0,0,12,4,0,12,roce_data,0,0,1000,0,0,threshold,packets,20,5,,,,,0,,,,,enqueue
15000,0,1,12,6,0,13,roce_data,0,0,1000,0,0,threshold,packets,20,5,,,,,0,,,,,enqueue
15000,0,2,12,8,0,14,roce_data,0,0,1000,0,0,threshold,packets,20,5,,,,,0,,,,,enqueue
23000,0,0,23,4,0,24,roce_data,0,0,1000,0,0,threshold,packets,20,5,,,,,0,,,,,enqueue
23000,0,1,23,6,0,25,roce_data,0,0,1000,0,0,threshold,packets,20,5,,,,,0,,,,,enqueue
23000,0,2,23,8,0,26,roce_data,0,0,1000,0,0,threshold,packets,20,5,,,,,0,,,,,enqueue
23000,0,4,2,11,0,12,roce_data,0,0,1000,0,0,threshold,packets,20,5,,,,,0,,,,,enqueue
23000,0,6,2,9,0,13,roce_data,0,0,1000,0,0,threshold,packets,20,5,,,,,0,,,,,enqueue
23000,0,8,2,9,0,14,roce_data,1,1000,1000,0,0,threshold,packets,20,5,,,,,0,,,,,enqueue
31000,0,0,34,4,0,36,roce_data,0,0,1000,0,0,threshold,packets,20,5,,,,,0,,,,,enqueue
31000,0,1,34,6,0,37,roce_data,0,0,1000,0,0,threshold,packets,20,5,,,,,0,,,,,enqueue
31000,0,2,34,8,0,38,roce_data,0,0,1000,0,0,threshold,packets,20,5,,,,,0,,,,,enqueue
31000,0,4,5,11,0,24,roce_data,0,0,1000,0,0,threshold,packets,20,5,,,,,0,,,,,enqueue
31000,0,6,5,9,0,25,roce_data,1,1000,1000,0,0,threshold,packets,20,5,,,,,0,,,,,enqueue
31000,0,8,5,9,0,26,roce_data,2,2000,1000,0,0,threshold,packets,20,5,,,,,0,,,,,enqueue
31000,0,9,2,3,0,13,roce_data,0,0,1000,0,0,threshold,packets,20,5,,,,,0,,,,,enqueue
31000,0,11,2,7,0,12,roce_data,0,0,1000,0,0,threshold,packets,20,5,,,,,0,,,,,enqueue
39000,0,0,45,4,0,48,roce_data,0,0,1000,0,0,threshold,packets,20,5,,,,,0,,,,,enqueue
39000,0,1,45,6,0,49,roce_data,0,0,1000,0,0,threshold,packets,20,5,,,,,0,,,,,enqueue
39000,0,2,45,8,0,50,roce_data,0,0,1000,0,0,threshold,packets,20,5,,,,,0,,,,,enqueue
39000,0,4,8,11,0,36,roce_data,0,0,1000,0,0,threshold,packets,20,5,,,,,0,,,,,enqueue
39000,0,6,8,9,0,37,roce_data,2,2000,1000,0,0,threshold,packets,20,5,,,,,0,,,,,enqueue
39000,0,8,8,9,0,38,roce_data,3,3000,1000,0,0,threshold,packets,20,5,,,,,0,,,,,enqueue
39000,0,9,5,3,0,14,roce_data,0,0,1000,0,0,threshold,packets,20,5,,,,,0,,,,,enqueue
39000,0,11,5,7,0,24,roce_data,0,0,1000,0,0,threshold,packets,20,5,,,,,0,,,,,enqueue
39512,0,2,56,8,0,62,roce_ack,0,0,64,0,0,threshold,packets,20,5,,,,,0,,,,,enqueue
47000,0,0,56,4,0,72,roce_data,0,0,1000,0,0,threshold,packets,20,5,,,,,0,,,,,enqueue
47000,0,1,56,6,0,61,roce_data,0,0,1000,0,0,threshold,packets,20,5,,,,,0,,,,,enqueue
47000,0,4,11,11,0,48,roce_data,0,0,1000,0,0,threshold,packets,20,5,,,,,0,,,,,enqueue
47000,0,6,11,9,0,49,roce_data,3,3000,1000,0,0,threshold,packets,20,5,,,,,0,,,,,enqueue
47000,0,8,11,9,0,50,roce_ack,4,4000,1000,0,1,threshold,packets,20,5,,,,,0,,,,,mark
47000,0,9,8,3,0,25,roce_data,0,0,1000,0,0,threshold,packets,20,5,,,,,0,,,,,enqueue
47000,0,11,8,7,0,36,roce_data,0,0,1000,0,0,threshold,packets,20,5,,,,,0,,,,,enqueue
47512,0,0,67,4,0,60,roce_ack,0,0,64,0,0,threshold,packets,20,5,,,,,0,,,,,enqueue
47512,0,2,59,8,0,74,roce_data,0,0,1000,0,0,threshold,packets,20,5,,,,,0,,,,,enqueue
47512,0,8,14,9,0,62,roce_ack,4,4000,64,0,0,threshold,packets,20,5,,,,,0,,,,,enqueue
48024,0,2,70,8,0,86,roce_ack,0,0,64,0,0,threshold,packets,20,5,,,,,0,,,,,enqueue
55000,0,1,67,6,0,73,roce_data,0,0,1000,0,0,threshold,packets,20,5,,,,,0,,,,,enqueue
55000,0,4,14,11,0,72,roce_data,0,0,1000,0,0,threshold,packets,20,5,,,,,0,,,,,enqueue
55000,0,6,14,9,0,61,roce_data,5,4064,1000,0,1,threshold,packets,20,5,,,,,0,,,,,mark
55000,0,9,11,3,0,26,roce_data,0,0,1000,0,0,threshold,packets,20,5,,,,,0,,,,,enqueue
55000,0,11,11,7,0,48,roce_data,0,0,1000,0,0,threshold,packets,20,5,,,,,0,,,,,enqueue
55512,0,0,70,4,0,96,roce_data,0,0,1000,0,0,threshold,packets,20,5,,,,,0,,,,,enqueue
55512,0,4,17,10,0,60,roce_ack,0,0,64,0,0,threshold,packets,20,5,,,,,0,,,,,enqueue
55512,0,8,17,9,0,74,roce_data,5,4064,1000,0,1,threshold,packets,20,5,,,,,0,,,,,mark
56024,0,0,81,4,0,84,roce_ack,0,0,64,0,0,threshold,packets,20,5,,,,,0,,,,,enqueue
56024,0,2,74,8,0,98,roce_data,0,0,1000,0,0,threshold,packets,20,5,,,,,0,,,,,enqueue
56024,0,8,20,9,0,86,roce_ack,6,5064,64,0,0,threshold,packets,20,5,,,,,0,,,,,enqueue
56024,0,10,2,5,0,60,roce_ack,0,0,64,0,0,threshold,packets,20,5,,,,,0,,,,,enqueue
56536,0,2,85,8,0,110,roce_ack,0,0,64,0,0,threshold,packets,20,5,,,,,0,,,,,enqueue
63000,0,1,78,6,0,85,roce_data,0,0,1000,0,0,threshold,packets,20,5,,,,,0,,,,,enqueue
63000,0,6,17,9,0,73,roce_data,7,5128,1000,0,1,threshold,packets,20,5,,,,,0,,,,,mark
63000,0,9,14,3,0,37,roce_data,0,0,1000,0,0,threshold,packets,20,5,,,,,0,,,,,enqueue
63000,0,11,14,7,0,72,roce_data,0,0,1000,0,0,threshold,packets,20,5,,,,,0,,,,,enqueue
63512,0,4,20,11,0,96,roce_data,0,0,1000,0,0,threshold,packets,20,5,,,,,0,,,,,enqueue
64024,0,0,85,4,0,120,roce_data,0,0,1000,0,0,threshold,packets,20,5,,,,,0,,,,,enqueue
64024,0,4,23,11,0,84,roce_ack,0,0,64,0,0,threshold,packets,20,5,,,,,0,,,,,enqueue
64024,0,8,23,9,0,98,roce_data,7,5128,1000,0,1,threshold,packets,20,5,,,,,0,,,,,mark
64536,0,0,96,4,0,108,roce_ack,0,0,64,0,0,threshold,packets,20,5,,,,,0,,,,,enqueue
64536,0,2,88,8,0,122,roce_data,0,0,1000,0,0,threshold,packets,20,5,,,,,0,,,,,enqueue
64536,0,8,26,9,0,110,roce_ack,8,6128,64,0,0,threshold,packets,20,5,,,,,0,,,,,enqueue
65048,0,2,99,8,0,134,roce_ack,0,0,64,0,0,threshold,packets,20,5,,,,,0,,,,,enqueue
71000,0,1,90,6,0,97,roce_data,0,0,1000,0,0,threshold,packets,20,5,,,,,0,,,,,enqueue
71000,0,6,20,9,0,85,roce_data,9,6192,1000,0,1,threshold,packets,20,5,,,,,0,,,,,mark
71000,0,9,17,3,0,38,roce_data,0,0,1000,0,0,threshold,packets,20,5,,,,,0,,,,,enqueue
71512,0,11,17,7,0,96,roce_data,0,0,1000,0,0,threshold,packets,20,5,,,,,0,,,,,enqueue
72024,0,4,26,11,0,120,roce_data,0,0,1000,0,0,threshold,packets,20,5,,,,,0,,,,,enqueue
72024,0,11,20,7,0,84,roce_ack,0,0,64,0,0,threshold,packets,20,5,,,,,0,,,,,enqueue
72536,0,0,99,4,0,144,roce_data,0,0,1000,0,0,threshold,packets,20,5,,,,,0,,,,,enqueue
72536,0,4,29,10,0,108,roce_ack,0,0,64,0,0,threshold,packets,20,5,,,,,0,,,,,enqueue
72536,0,8,29,9,0,122,roce_data,9,6192,1000,0,1,threshold,packets,20,5,,,,,0,,,,,mark
73048,0,0,110,4,0,132,roce_ack,0,0,64,0,0,threshold,packets,20,5,,,,,0,,,,,enqueue
73048,0,2,103,8,0,146,roce_data,0,0,1000,0,0,threshold,packets,20,5,,,,,0,,,,,enqueue
73048,0,8,32,9,0,134,roce_ack,10,7192,64,0,0,threshold,packets,20,5,,,,,0,,,,,enqueue
73048,0,10,5,5,0,108,roce_ack,0,0,64,0,0,threshold,packets,20,5,,,,,0,,,,,enqueue
73560,0,2,114,8,0,158,roce_ack,0,0,64,0,0,threshold,packets,20,5,,,,,0,,,,,enqueue
79000,0,1,101,6,0,109,roce_data,0,0,1000,0,0,threshold,packets,20,5,,,,,0,,,,,enqueue
79000,0,6,23,9,0,97,roce_data,11,7256,1000,0,1,threshold,packets,20,5,,,,,0,,,,,mark
79000,0,9,20,3,0,49,roce_data,0,0,1000,0,0,threshold,packets,20,5,,,,,0,,,,,enqueue
80024,0,11,23,7,0,120,roce_data,0,0,1000,0,0,threshold,packets,20,5,,,,,0,,,,,enqueue
80536,0,4,32,11,0,144,roce_data,0,0,1000,0,0,threshold,packets,20,5,,,,,0,,,,,enqueue
81048,0,0,114,4,0,168,roce_data,0,0,1000,0,0,threshold,packets,20,5,,,,,0,,,,,enqueue
81048,0,4,35,11,0,132,roce_ack,0,0,64,0,0,threshold,packets,20,5,,,,,0,,,,,enqueue
81048,0,8,35,9,0,146,roce_data,11,7256,1000,0,1,threshold,packets,20,5,,,,,0,,,,,mark
81560,0,0,125,4,0,156,roce_ack,0,0,64,0,0,threshold,packets,20,5,,,,,0,,,,,enqueue
81560,0,2,117,8,0,170,roce_data,0,0,1000,0,0,threshold,packets,20,5,,,,,0,,,,,enqueue
81560,0,8,38,9,0,158,roce_ack,12,8256,64,0,0,threshold,packets,20,5,,,,,0,,,,,enqueue
87000,0,1,113,6,0,121,roce_data,0,0,1000,0,0,threshold,packets,20,5,,,,,0,,,,,enqueue
87000,0,6,26,9,0,109,roce_data,13,8320,1000,0,1,threshold,packets,20,5,,,,,0,,,,,mark
87000,0,9,23,3,0,50,roce_data,0,0,1000,1,1,threshold,packets,20,5,,,,,0,,,,,enqueue
87512,0,9,26,3,0,62,roce_ack,0,0,64,0,0,threshold,packets,20,5,,,,,0,,,,,enqueue
88536,0,11,26,7,0,144,roce_data,0,0,1000,0,0,threshold,packets,20,5,,,,,0,,,,,enqueue
89048,0,4,38,11,0,168,roce_data,0,0,1000,0,0,threshold,packets,20,5,,,,,0,,,,,enqueue
89048,0,11,29,7,0,132,roce_ack,0,0,64,0,0,threshold,packets,20,5,,,,,0,,,,,enqueue
89560,0,0,128,4,0,192,roce_data,0,0,1000,0,0,threshold,packets,20,5,,,,,0,,,,,enqueue
89560,0,2,129,8,0,182,roce_data,0,0,1000,0,0,threshold,packets,20,5,,,,,0,,,,,enqueue
89560,0,4,41,10,0,156,roce_ack,0,0,64,0,0,threshold,packets,20,5,,,,,0,,,,,enqueue
89560,0,8,41,9,0,170,roce_data,12,8256,1000,0,1,threshold,packets,20,5,,,,,0,,,,,mark
90072,0,0,139,4,0,180,roce_ack,0,0,64,0,0,threshold,packets,20,5,,,,,0,,,,,enqueue
90072,0,2,140,8,0,194,roce_ack,0,0,64,0,0,threshold,packets,20,5,,,,,0,,,,,enqueue
90072,0,10,8,5,0,156,roce_ack,0,0,64,0,0,threshold,packets,20,5,,,,,0,,,,,enqueue
95000,0,1,124,6,0,133,roce_data,0,0,1000,0,0,threshold,packets,20,5,,,,,0,,,,,enqueue
95000,0,6,29,9,0,121,roce_data,13,9256,1000,0,1,threshold,packets,20,5,,,,,0,,,,,mark
95512,0,9,29,3,0,61,roce_data,0,0,1000,1,1,threshold,packets,20,5,,,,,0,,,,,enqueue
97048,0,11,32,7,0,168,roce_data,0,0,1000,0,0,threshold,packets,20,5,,,,,0,,,,,enqueue
97560,0,4,44,11,0,192,roce_data,0,0,1000,0,0,threshold,packets,20,5,,,,,0,,,,,enqueue
97560,0,8,44,9,0,182,roce_data,13,9256,1000,0,1,threshold,packets,20,5,,,,,0,,,,,mark
98072,0,0,143,4,0,216,roce_data,0,0,1000,0,0,threshold,packets,20,5,,,,,0,,,,,enqueue
98072,0,2,144,8,0,206,roce_data,0,0,1000,0,0,threshold,packets,20,5,,,,,0,,,,,enqueue
98072,0,4,47,11,0,180,roce_ack,0,0,64,0,0,threshold,packets,20,5,,,,,0,,,,,enqueue
98072,0,8,47,9,0,194,roce_ack,14,10256,64,0,0,threshold,packets,20,5,,,,,0,,,,,enqueue
98584,0,0,155,4,0,204,roce_ack,0,0,64,0,0,threshold,packets,20,5,,,,,0,,,,,enqueue
98584,0,2,156,8,0,218,roce_ack,0,0,64,0,0,threshold,packets,20,5,,,,,0,,,,,enqueue
103000,0,1,136,6,0,145,roce_data,0,0,1000,0,0,threshold,packets,20,5,,,,,0,,,,,enqueue
103000,0,6,32,9,0,133,roce_data,15,10320,1000,0,1,threshold,packets,20,5,,,,,0,,,,,mark
103512,0,9,32,3,0,74,roce_data,0,0,1000,1,1,threshold,packets,20,5,,,,,0,,,,,enqueue
104024,0,9,35,3,0,86,roce_ack,0,0,64,0,0,threshold,packets,20,5,,,,,0,,,,,enqueue
105560,0,11,35,7,0,192,roce_data,0,0,1000,0,0,threshold,packets,20,5,,,,,0,,,,,enqueue
106072,0,4,50,11,0,216,roce_data,0,0,1000,0,0,threshold,packets,20,5,,,,,0,,,,,enqueue
106072,0,8,50,9,0,206,roce_data,14,10256,1000,0,1,threshold,packets,20,5,,,,,0,,,,,mark
106072,0,11,38,7,0,180,roce_ack,0,0,64,0,0,threshold,packets,20,5,,,,,0,,,,,enqueue
106584,0,0,158,4,0,240,roce_data,0,0,1000,0,0,threshold,packets,20,5,,,,,0,,,,,enqueue
106584,0,2,159,8,0,230,roce_data,0,0,1000,0,0,threshold,packets,20,5,,,,,0,,,,,enqueue
106584,0,4,53,10,0,204,roce_ack,0,0,64,0,0,threshold,packets,20,5,,,,,0,,,,,enqueue
106584,0,8,53,9,0,218,roce_ack,15,11256,64,0,0,threshold,packets,20,5,,,,,0,,,,,enqueue
107096,0,0,169,4,0,228,roce_ack,0,0,64,0,0,threshold,packets,20,5,,,,,0,,,,,enqueue
107096,0,2,170,8,0,242,roce_ack,0,0,64,0,0,threshold,packets,20,5,,,,,0,,,,,enqueue
107096,0,10,11,5,0,204,roce_ack,0,0,64,0,0,threshold,packets,20,5,,,,,0,,,,,enqueue
111000,0,1,147,6,0,157,roce_data,0,0,1000,0,0,threshold,packets,20,5,,,,,0,,,,,enqueue
111000,0,6,35,9,0,145,roce_data,16,11320,1000,0,1,threshold,packets,20,5,,,,,0,,,,,mark
112024,0,9,38,3,0,73,roce_data,0,0,1000,1,1,threshold,packets,20,5,,,,,0,,,,,enqueue
114072,0,11,41,7,0,216,roce_data,0,0,1000,0,0,threshold,packets,20,5,,,,,0,,,,,enqueue
114584,0,4,56,11,0,240,roce_data,0,0,1000,0,0,threshold,packets,20,5,,,,,0,,,,,enqueue
114584,0,8,56,9,0,230,roce_data,16,11320,1000,0,1,threshold,packets,20,5,,,,,0,,,,,mark
115096,0,0,173,4,0,252,roce_data,0,0,1000,0,0,threshold,packets,20,5,,,,,0,,,,,enqueue
115096,0,2,174,8,0,254,roce_data,0,0,1000,0,0,threshold,packets,20,5,,,,,0,,,,,enqueue
115096,0,4,59,11,0,228,roce_ack,0,0,64,0,0,threshold,packets,20,5,,,,,0,,,,,enqueue
115096,0,8,59,9,0,242,roce_ack,17,12320,64,0,0,threshold,packets,20,5,,,,,0,,,,,enqueue
115608,0,0,185,4,0,264,roce_ack,0,0,64,0,0,threshold,packets,20,5,,,,,0,,,,,enqueue
115608,0,2,186,8,0,266,roce_ack,0,0,64,0,0,threshold,packets,20,5,,,,,0,,,,,enqueue
119000,0,1,159,6,0,169,roce_data,0,0,1000,0,0,threshold,packets,20,5,,,,,0,,,,,enqueue
119000,0,6,38,9,0,157,roce_data,18,12384,1000,0,1,threshold,packets,20,5,,,,,0,,,,,mark
120024,0,9,41,3,0,98,roce_data,0,0,1000,1,1,threshold,packets,20,5,,,,,0,,,,,enqueue
120536,0,9,44,3,0,110,roce_ack,0,0,64,0,0,threshold,packets,20,5,,,,,0,,,,,enqueue
122584,0,11,44,7,0,240,roce_data,0,0,1000,0,0,threshold,packets,20,5,,,,,0,,,,,enqueue
123096,0,4,62,11,0,252,roce_data,0,0,1000,0,0,threshold,packets,20,5,,,,,0,,,,,enqueue
123096,0,8,62,9,0,254,roce_data,17,12320,1000,0,1,threshold,packets,20,5,,,,,0,,,,,mark
123096,0,11,47,7,0,228,roce_ack,0,0,64,0,0,threshold,packets,20,5,,,,,0,,,,,enqueue
123608,0,0,188,4,0,276,roce_data,0,0,1000,0,0,threshold,packets,20,5,,,,,0,,,,,enqueue
123608,0,2,189,8,0,278,roce_data,0,0,1000,0,0,threshold,packets,20,5,,,,,0,,,,,enqueue
123608,0,4,65,10,0,264,roce_ack,0,0,64,0,0,threshold,packets,20,5,,,,,0,,,,,enqueue
123608,0,8,65,9,0,266,roce_ack,18,13320,64,0,0,threshold,packets,20,5,,,,,0,,,,,enqueue
124120,0,0,199,4,0,288,roce_ack,0,0,64,0,0,threshold,packets,20,5,,,,,0,,,,,enqueue
124120,0,2,200,8,0,290,roce_ack,0,0,64,0,0,threshold,packets,20,5,,,,,0,,,,,enqueue
124120,0,10,14,5,0,264,roce_ack,0,0,64,0,0,threshold,packets,20,5,,,,,0,,,,,enqueue
127000,0,1,170,6,0,181,roce_data,0,0,1000,0,0,threshold,packets,20,5,,,,,0,,,,,enqueue
127000,0,6,41,9,0,169,roce_data,19,13384,1000,0,1,threshold,packets,20,5,,,,,0,,,,,mark
128536,0,9,47,3,0,85,roce_data,0,0,1000,1,1,threshold,packets,20,5,,,,,0,,,,,enqueue
131096,0,11,50,7,0,252,roce_data,0,0,1000,0,0,threshold,packets,20,5,,,,,0,,,,,enqueue
131608,0,4,68,11,0,276,roce_data,0,0,1000,0,0,threshold,packets,20,5,,,,,0,,,,,enqueue
131608,0,8,68,9,0,278,roce_data,19,13384,1000,0,1,threshold,packets,20,5,,,,,0,,,,,mark
132120,0,0,203,4,0,300,roce_data,0,0,1000,0,0,threshold,packets,20,5,,,,,0,,,,,enqueue
132120,0,2,204,8,0,302,roce_data,0,0,1000,0,0,threshold,packets,20,5,,,,,0,,,,,enqueue
132120,0,4,71,11,0,288,roce_ack,0,0,64,0,0,threshold,packets,20,5,,,,,0,,,,,enqueue
132120,0,8,71,9,0,290,roce_ack,20,14384,64,0,0,threshold,packets,20,5,,,,,0,,,,,drop
132632,0,0,215,4,0,312,roce_ack,0,0,64,0,0,threshold,packets,20,5,,,,,0,,,,,enqueue
132632,0,2,216,8,0,314,roce_ack,0,0,64,0,0,threshold,packets,20,5,,,,,0,,,,,enqueue
135000,0,1,182,6,0,193,roce_data,0,0,1000,0,0,threshold,packets,20,5,,,,,0,,,,,enqueue
135000,0,6,44,9,0,181,roce_data,20,14384,1000,0,0,threshold,packets,20,5,,,,,0,,,,,drop
136536,0,9,50,3,0,122,roce_data,0,0,1000,1,1,threshold,packets,20,5,,,,,0,,,,,enqueue
137048,0,9,53,3,0,134,roce_ack,0,0,64,0,0,threshold,packets,20,5,,,,,0,,,,,enqueue
139608,0,11,53,7,0,276,roce_data,0,0,1000,0,0,threshold,packets,20,5,,,,,0,,,,,enqueue
140120,0,4,74,11,0,300,roce_data,0,0,1000,0,0,threshold,packets,20,5,,,,,0,,,,,enqueue
140120,0,8,74,9,0,302,roce_data,18,13320,1000,0,1,threshold,packets,20,5,,,,,0,,,,,mark
140120,0,11,56,7,0,288,roce_ack,0,0,64,0,0,threshold,packets,20,5,,,,,0,,,,,enqueue
140632,0,0,218,4,0,324,roce_data,0,0,1000,0,0,threshold,packets,20,5,,,,,0,,,,,enqueue
140632,0,2,219,8,0,326,roce_data,0,0,1000,0,0,threshold,packets,20,5,,,,,0,,,,,enqueue
140632,0,4,77,10,0,312,roce_ack,0,0,64,0,0,threshold,packets,20,5,,,,,0,,,,,enqueue
140632,0,8,77,9,0,314,roce_ack,19,14320,64,0,0,threshold,packets,20,5,,,,,0,,,,,enqueue
141144,0,0,229,4,0,336,roce_ack,0,0,64,0,0,threshold,packets,20,5,,,,,0,,,,,enqueue
141144,0,2,230,8,0,338,roce_ack,0,0,64,0,0,threshold,packets,20,5,,,,,0,,,,,enqueue
141144,0,10,17,5,0,312,roce_ack,0,0,64,0,0,threshold,packets,20,5,,,,,0,,,,,enqueue
143000,0,6,47,9,0,193,roce_data,20,14384,1000,0,0,threshold,packets,20,5,,,,,0,,,,,drop
145048,0,9,56,3,0,97,roce_data,0,0,1000,1,1,threshold,packets,20,5,,,,,0,,,,,enqueue
148120,0,11,59,7,0,300,roce_data,0,0,1000,0,0,threshold,packets,20,5,,,,,0,,,,,enqueue
148632,0,4,80,11,0,324,roce_data,0,0,1000,0,0,threshold,packets,20,5,,,,,0,,,,,enqueue
148632,0,8,80,9,0,326,roce_data,19,13384,1000,0,1,threshold,packets,20,5,,,,,0,,,,,mark
149144,0,0,233,4,0,348,roce_data,0,0,1000,0,0,threshold,packets,20,5,,,,,0,,,,,enqueue
149144,0,2,234,8,0,350,roce_data,0,0,1000,0,0,threshold,packets,20,5,,,,,0,,,,,enqueue
149144,0,4,83,11,0,336,roce_ack,0,0,64,0,0,threshold,packets,20,5,,,,,0,,,,,enqueue
149144,0,8,83,9,0,338,roce_ack,20,14384,64,0,0,threshold,packets,20,5,,,,,0,,,,,drop
149656,0,0,245,4,0,360,roce_ack,0,0,64,0,0,threshold,packets,20,5,,,,,0,,,,,enqueue
149656,0,2,246,8,0,362,roce_ack,0,0,64,0,0,threshold,packets,20,5,,,,,0,,,,,enqueue
150000,0,1,201,6,0,205,roce_data,0,0,1000,0,0,threshold,packets,20,5,,,,,0,,,,,enqueue
150168,0,2,249,8,0,374,roce_ack,1,64,64,0,0,threshold,packets,20,5,,,,,0,,,,,enqueue
153048,0,9,59,3,0,146,roce_data,0,0,1000,1,1,threshold,packets,20,5,,,,,0,,,,,enqueue
153560,0,9,62,3,0,158,roce_ack,0,0,64,0,0,threshold,packets,20,5,,,,,0,,,,,enqueue
156632,0,11,62,7,0,324,roce_data,0,0,1000,0,0,threshold,packets,20,5,,,,,0,,,,,enqueue
157144,0,4,86,11,0,348,roce_data,0,0,1000,0,0,threshold,packets,20,5,,,,,0,,,,,enqueue
157144,0,8,86,9,0,350,roce_data,18,13320,1000,0,1,threshold,packets,20,5,,,,,0,,,,,mark
157144,0,11,65,7,0,336,roce_ack,0,0,64,0,0,threshold,packets,20,5,,,,,0,,,,,enqueue
157656,0,0,248,4,0,372,roce_data,0,0,1000,0,0,threshold,packets,20,5,,,,,0,,,,,enqueue
157656,0,4,89,10,0,360,roce_ack,0,0,64,0,0,threshold,packets,20,5,,,,,0,,,,,enqueue
157656,0,8,89,9,0,362,roce_ack,19,14320,64,0,0,threshold,packets,20,5,,,,,0,,,,,enqueue
158000,0,6,50,9,0,205,roce_data,20,14384,1000,0,0,threshold,packets,20,5,,,,,0,,,,,drop
158168,0,0,259,4,0,384,roce_ack,0,0,64,0,0,threshold,packets,20,5,,,,,0,,,,,enqueue
158168,0,8,92,9,0,374,roce_ack,20,14384,64,0,0,threshold,packets,20,5,,,,,0,,,,,drop
158168,0,10,20,5,0,360,roce_ack,0,0,64,0,0,threshold,packets,20,5,,,,,0,,,,,enqueue
159000,0,2,254,8,0,386,roce_data,0,0,1000,0,0,threshold,packets,20,5,,,,,0,,,,,enqueue
159512,0,2,265,8,0,398,roce_ack,0,0,64,0,0,threshold,packets,20,5,,,,,0,,,,,enqueue
161560,0,9,65,3,0,109,roce_data,0,0,1000,1,1,threshold,packets,20,5,,,,,0,,,,,enqueue
165144,0,2,273,8,0,410,roce_ack,1,64,64,0,0,threshold,packets,20,5,,,,,0,,,,,enqueue
165144,0,11,68,7,0,348,roce_data,0,0,1000,0,0,threshold,packets,20,5,,,,,0,,,,,enqueue
165656,0,4,92,11,0,372,roce_data,0,0,1000,0,0,threshold,packets,20,5,,,,,0,,,,,enqueue
166168,0,0,263,4,0,396,roce_data,0,0,1000,0,0,threshold,packets,20,5,,,,,0,,,,,enqueue
166168,0,4,95,11,0,384,roce_ack,0,0,64,0,0,threshold,packets,20,5,,,,,0,,,,,enqueue
166680,0,0,267,4,0,408,roce_ack,0,0,64,0,0,threshold,packets,20,5,,,,,0,,,,,enqueue
167000,0,8,95,9,0,386,roce_data,19,13384,1000,0,1,threshold,packets,20,5,,,,,0,,,,,mark
167512,0,8,98,9,0,398,roce_ack,20,14384,64,0,0,threshold,packets,20,5,,,,,0,,,,,drop
168024,0,8,101,9,0,410,roce_ack,20,14384,64,0,0,threshold,packets,20,5,,,,,0,,,,,drop
169560,0,9,68,3,0,170,roce_data,0,0,1000,1,1,threshold,packets,20,5,,,,,0,,,,,enqueue
173656,0,2,286,8,0,422,roce_ack,0,0,64,0,0,threshold,packets,20,5,,,,,0,,,,,enqueue
173656,0,11,71,7,0,372,roce_data,0,0,1000,0,0,threshold,packets,20,5,,,,,0,,,,,enqueue
174168,0,4,98,11,0,396,roce_data,0,0,1000,0,0,threshold,packets,20,5,,,,,0,,,,,enqueue
174168,0,8,104,9,0,422,roce_ack,19,13384,64,0,0,threshold,packets,20,5,,,,,0,,,,,enqueue
174168,0,11,74,7,0,384,roce_ack,0,0,64,0,0,threshold,packets,20,5,,,,,0,,,,,enqueue
174680,0,0,270,4,0,420,roce_data,0,0,1000,0,0,threshold,packets,20,5,,,,,0,,,,,enqueue
174680,0,4,101,10,0,408,roce_ack,0,0,64,0,0,threshold,packets,20,5,,,,,0,,,,,enqueue
175192,0,0,273,4,0,432,roce_ack,0,0,64,0,0,threshold,packets,20,5,,,,,0,,,,,enqueue
175192,0,10,23,5,0,408,roce_ack,0,0,64,0,0,threshold,packets,20,5,,,,,0,,,,,enqueue
175704,0,0,276,4,0,444,roce_ack,1,64,64,0,0,threshold,packets,20,5,,,,,0,,,,,enqueue
177560,0,9,71,3,0,121,roce_data,0,0,1000,1,1,threshold,packets,20,5,,,,,0,,,,,enqueue
178072,0,0,279,4,0,456,roce_ack,2,128,64,0,0,threshold,packets,20,5,,,,,0,,,,,enqueue
182168,0,2,297,8,0,434,roce_ack,0,0,64,0,0,threshold,packets,20,5,,,,,0,,,,,enqueue
182168,0,11,77,7,0,396,roce_data,0,0,1000,0,0,threshold,packets,20,5,,,,,0,,,,,enqueue
182680,0,4,104,11,0,420,roce_data,0,0,1000,0,0,threshold,packets,20,5,,,,,0,,,,,enqueue
182680,0,8,107,9,0,434,roce_ack,19,12448,64,0,0,threshold,packets,20,5,,,,,0,,,,,enqueue
183192,0,4,107,11,0,432,roce_ack,0,0,64,0,0,threshold,packets,20,5,,,,,0,,,,,enqueue
183704,0,4,110,10,0,444,roce_ack,0,0,64,0,0,threshold,packets,20,5,,,,,0,,,,,enqueue
184216,0,4,113,11,0,456,roce_ack,1,64,64,0,0,threshold,packets,20,5,,,,,0,,,,,enqueue
184216,0,10,26,5,0,444,roce_ack,0,0,64,0,0,threshold,packets,20,5,,,,,0,,,,,enqueue
185000,0,1,241,6,0,217,roce_data,0,0,1000,0,0,threshold,packets,20,5,,,,,0,,,,,enqueue
185560,0,9,74,3,0,182,roce_data,0,0,1000,1,1,threshold,packets,20,5,,,,,0,,,,,enqueue
186072,0,0,282,4,0,468,roce_ack,0,0,64,0,0,threshold,packets,20,5,,,,,0,,,,,enqueue
186072,0,9,77,3,0,194,roce_ack,0,0,64,0,0,threshold,packets,20,5,,,,,0,,,,,enqueue
186584,0,4,116,10,0,468,roce_ack,0,0,64,0,0,threshold,packets,20,5,,,,,0,,,,,enqueue
187096,0,10,29,5,0,468,roce_ack,0,0,64,0,0,threshold,packets,20,5,,,,,0,,,,,enqueue
190680,0,2,310,8,0,446,roce_ack,0,0,64,0,0,threshold,packets,20,5,,,,,0,,,,,enqueue
190680,0,11,80,7,0,420,roce_data,0,0,1000,0,0,threshold,packets,20,5,,,,,0,,,,,enqueue
191192,0,8,110,9,0,446,roce_ack,18,11448,64,0,0,threshold,packets,20,5,,,,,0,,,,,enqueue
191192,0,11,83,7,0,432,roce_ack,0,0,64,0,0,threshold,packets,20,5,,,,,0,,,,,enqueue
191704,0,11,86,7,0,456,roce_ack,1,64,64,0,0,threshold,packets,20,5,,,,,0,,,,,enqueue
193000,0,6,53,9,0,217,roce_data,19,11512,1000,0,1,threshold,packets,20,5,,,,,0,,,,,mark
194072,0,0,285,4,0,480,roce_ack,0,0,64,0,0,threshold,packets,20,5,,,,,0,,,,,enqueue
194072,0,9,80,3,0,133,roce_data,0,0,1000,1,1,threshold,packets,20,5,,,,,0,,,,,enqueue
194584,0,4,119,11,0,480,roce_ack,0,0,64,0,0,threshold,packets,20,5,,,,,0,,,,,enqueue
195096,0,11,89,7,0,480,roce_ack,2,128,64,0,0,threshold,packets,20,5,,,,,0,,,,,enqueue
202072,0,9,83,3,0,206,roce_data,0,0,1000,1,1,threshold,packets,20,5,,,,,0,,,,,enqueue
202584,0,0,289,4,0,492,roce_ack,0,0,64,0,0,threshold,packets,20,5,,,,,0,,,,,enqueue
202584,0,9,86,3,0,218,roce_ack,0,0,64,0,0,threshold,packets,20,5,,,,,0,,,,,enqueue
203096,0,4,122,10,0,492,roce_ack,0,0,64,0,0,threshold,packets,20,5,,,,,0,,,,,enqueue
203608,0,10,32,5,0,492,roce_ack,0,0,64,0,0,threshold,packets,20,5,,,,,0,,,,,enqueue
204000,0,2,319,8,0,458,roce_data,0,0,1000,0,0,threshold,packets,20,5,,,,,0,,,,,enqueue
204512,0,2,333,8,0,470,roce_ack,0,0,64,0,0,threshold,packets,20,5,,,,,0,,,,,enqueue
210584,0,0,292,4,0,504,roce_ack,0,0,64,0,0,threshold,packets,20,5,,,,,0,,,,,enqueue
210584,0,9,89,3,0,145,roce_data,0,0,1000,1,1,threshold,packets,20,5,,,,,0,,,,,enqueue
211096,0,4,125,11,0,504,roce_ack,0,0,64,0,0,threshold,packets,20,5,,,,,0,,,,,enqueue
211608,0,11,92,7,0,504,roce_ack,0,0,64,0,0,threshold,packets,20,5,,,,,0,,,,,enqueue
212000,0,8,113,9,0,458,roce_data,16,9448,1000,0,1,threshold,packets,20,5,,,,,0,,,,,mark
212512,0,8,116,9,0,470,roce_ack,17,10448,64,0,0,threshold,packets,20,5,,,,,0,,,,,enqueue
218584,0,9,92,3,0,230,roce_data,0,0,1000,1,1,threshold,packets,20,5,,,,,0,,,,,enqueue
219096,0,0,296,4,0,516,roce_ack,0,0,64,0,0,threshold,packets,20,5,,,,,0,,,,,enqueue
219096,0,9,95,3,0,242,roce_ack,0,0,64,0,0,threshold,packets,20,5,,,,,0,,,,,enqueue
219608,0,4,128,10,0,516,roce_ack,0,0,64,0,0,threshold,packets,20,5,,,,,0,,,,,enqueue
220120,0,10,35,5,0,516,roce_ack,0,0,64,0,0,threshold,packets,20,5,,,,,0,,,,,enqueue
227096,0,0,299,4,0,528,roce_ack,0,0,64,0,0,threshold,packets,20,5,,,,,0,,,,,enqueue
227096,0,9,98,3,0,157,roce_data,0,0,1000,1,1,threshold,packets,20,5,,,,,0,,,,,enqueue
227608,0,4,131,11,0,528,roce_ack,0,0,64,0,0,threshold,packets,20,5,,,,,0,,,,,enqueue
228120,0,11,95,7,0,528,roce_ack,0,0,64,0,0,threshold,packets,20,5,,,,,0,,,,,enqueue
235096,0,9,101,3,0,254,roce_data,0,0,1000,1,1,threshold,packets,20,5,,,,,0,,,,,enqueue
235608,0,0,303,4,0,540,roce_ack,0,0,64,0,0,threshold,packets,20,5,,,,,0,,,,,enqueue
235608,0,9,104,3,0,266,roce_ack,0,0,64,0,0,threshold,packets,20,5,,,,,0,,,,,enqueue
236120,0,4,134,10,0,540,roce_ack,0,0,64,0,0,threshold,packets,20,5,,,,,0,,,,,enqueue
236632,0,10,38,5,0,540,roce_ack,0,0,64,0,0,threshold,packets,20,5,,,,,0,,,,,enqueue
243608,0,0,306,4,0,552,roce_ack,0,0,64,0,0,threshold,packets,20,5,,,,,0,,,,,enqueue
243608,0,9,107,3,0,169,roce_data,0,0,1000,1,1,threshold,packets,20,5,,,,,0,,,,,enqueue
244120,0,4,137,11,0,552,roce_ack,0,0,64,0,0,threshold,packets,20,5,,,,,0,,,,,enqueue
244632,0,11,98,7,0,552,roce_ack,0,0,64,0,0,threshold,packets,20,5,,,,,0,,,,,enqueue
251608,0,9,110,3,0,278,roce_data,0,0,1000,1,1,threshold,packets,20,5,,,,,0,,,,,enqueue
252120,0,0,310,4,0,564,roce_ack,0,0,64,0,0,threshold,packets,20,5,,,,,0,,,,,enqueue
252632,0,4,140,10,0,564,roce_ack,0,0,64,0,0,threshold,packets,20,5,,,,,0,,,,,enqueue
253144,0,10,41,5,0,564,roce_ack,0,0,64,0,0,threshold,packets,20,5,,,,,0,,,,,enqueue
259608,0,9,113,3,0,302,roce_data,0,0,1000,1,1,threshold,packets,20,5,,,,,0,,,,,enqueue
260120,0,0,313,4,0,576,roce_ack,0,0,64,0,0,threshold,packets,20,5,,,,,0,,,,,enqueue
260120,0,9,116,3,0,314,roce_ack,0,0,64,0,0,threshold,packets,20,5,,,,,0,,,,,enqueue
260632,0,4,143,11,0,576,roce_ack,0,0,64,0,0,threshold,packets,20,5,,,,,0,,,,,enqueue
261144,0,11,101,7,0,576,roce_ack,0,0,64,0,0,threshold,packets,20,5,,,,,0,,,,,enqueue
268120,0,0,316,4,0,588,roce_ack,0,0,64,0,0,threshold,packets,20,5,,,,,0,,,,,enqueue
268120,0,9,119,3,0,326,roce_data,0,0,1000,1,1,threshold,packets,20,5,,,,,0,,,,,enqueue
268632,0,4,146,11,0,588,roce_ack,0,0,64,0,0,threshold,packets,20,5,,,,,0,,,,,enqueue
269144,0,11,104,7,0,588,roce_ack,0,0,64,0,0,threshold,packets,20,5,,,,,0,,,,,enqueue
276120,0,9,122,3,0,350,roce_data,0,0,1000,1,1,threshold,packets,20,5,,,,,0,,,,,enqueue
276632,0,0,320,4,0,600,roce_ack,0,0,64,0,0,threshold,packets,20,5,,,,,0,,,,,enqueue
276632,0,9,125,3,0,362,roce_ack,0,0,64,0,0,threshold,packets,20,5,,,,,0,,,,,enqueue
277144,0,4,149,11,0,600,roce_ack,0,0,64,0,0,threshold,packets,20,5,,,,,0,,,,,enqueue
277656,0,11,107,7,0,600,roce_ack,0,0,64,0,0,threshold,packets,20,5,,,,,0,,,,,enqueue
284632,0,0,323,4,0,612,roce_ack,0,0,64,0,0,threshold,packets,20,5,,,,,0,,,,,enqueue
284632,0,9,128,3,0,386,roce_data,0,0,1000,1,1,threshold,packets,20,5,,,,,0,,,,,enqueue
285144,0,4,152,11,0,612,roce_ack,0,0,64,0,0,threshold,packets,20,5,,,,,0,,,,,enqueue
285144,0,9,131,3,0,422,roce_ack,0,0,64,0,0,threshold,packets,20,5,,,,,0,,,,,enqueue
285656,0,9,134,3,0,434,roce_ack,1,64,64,0,0,threshold,packets,20,5,,,,,0,,,,,enqueue
285656,0,11,110,7,0,612,roce_ack,0,0,64,0,0,threshold,packets,20,5,,,,,0,,,,,enqueue
286168,0,9,137,3,0,446,roce_ack,2,128,64,0,0,threshold,packets,20,5,,,,,0,,,,,enqueue
293144,0,0,327,4,0,624,roce_ack,0,0,64,0,0,threshold,packets,20,5,,,,,0,,,,,enqueue
293656,0,4,155,11,0,624,roce_ack,0,0,64,0,0,threshold,packets,20,5,,,,,0,,,,,enqueue
294168,0,9,140,3,0,217,roce_data,0,0,1000,1,1,threshold,packets,20,5,,,,,0,,,,,enqueue
294168,0,11,113,7,0,624,roce_ack,0,0,64,0,0,threshold,packets,20,5,,,,,0,,,,,enqueue
302168,0,9,143,3,0,458,roce_data,0,0,1000,1,1,threshold,packets,20,5,,,,,0,,,,,enqueue
302680,0,0,333,4,0,636,roce_nack,0,0,64,0,0,threshold,packets,20,5,,,,,0,,,,,enqueue
302680,0,9,146,3,0,470,roce_ack,0,0,64,0,0,threshold,packets,20,5,,,,,0,,,,,enqueue
303192,0,4,158,10,0,636,roce_nack,0,0,64,0,0,threshold,packets,20,5,,,,,0,,,,,enqueue
303704,0,10,44,5,0,636,roce_nack,0,0,64,0,0,threshold,packets,20,5,,,,,0,,,,,enqueue
310680,0,0,336,4,0,648,roce_ack,0,0,64,0,0,threshold,packets,20,5,,,,,0,,,,,enqueue
311192,0,4,161,11,0,648,roce_ack,0,0,64,0,0,threshold,packets,20,5,,,,,0,,,,,enqueue
311704,0,11,116,7,0,648,roce_ack,0,0,64,0,0,threshold,packets,20,5,,,,,0,,,,,enqueue
370000,0,1,436,6,0,229,roce_data,0,0,1000,0,0,threshold,packets,20,5,,,,,0,,,,,enqueue
378000,0,6,56,9,0,229,roce_data,0,0,1000,0,0,threshold,packets,20,5,,,,,0,,,,,enqueue
382000,0,2,514,8,0,482,roce_data,0,0,1000,0,0,threshold,packets,20,5,,,,,0,,,,,enqueue
386000,0,1,455,6,0,241,roce_data,0,0,1000,0,0,threshold,packets,20,5,,,,,0,,,,,enqueue
386000,0,9,149,3,0,229,roce_data,0,0,1000,0,0,threshold,packets,20,5,,,,,0,,,,,enqueue
390000,0,8,119,9,0,482,roce_data,0,0,1000,0,0,threshold,packets,20,5,,,,,0,,,,,enqueue
394000,0,6,59,9,0,241,roce_data,0,0,1000,0,0,threshold,packets,20,5,,,,,0,,,,,enqueue
394512,0,0,339,4,0,660,roce_ack,0,0,64,0,0,threshold,packets,20,5,,,,,0,,,,,enqueue
395024,0,4,164,10,0,660,roce_ack,0,0,64,0,0,threshold,packets,20,5,,,,,0,,,,,enqueue
395536,0,10,47,5,0,660,roce_ack,0,0,64,0,0,threshold,packets,20,5,,,,,0,,,,,enqueue
398000,0,9,152,3,0,482,roce_data,0,0,1000,0,0,threshold,packets,20,5,,,,,0,,,,,enqueue
402000,0,1,474,6,0,253,roce_data,0,0,1000,0,0,threshold,packets,20,5,,,,,0,,,,,enqueue
406000,0,9,155,3,0,241,roce_data,0,0,1000,0,0,threshold,packets,20,5,,,,,0,,,,,enqueue
406512,0,0,342,4,0,672,roce_ack,0,0,64,0,0,threshold,packets,20,5,,,,,0,,,,,enqueue
407024,0,4,167,11,0,672,roce_ack,0,0,64,0,0,threshold,packets,20,5,,,,,0,,,,,enqueue
407536,0,11,119,7,0,672,roce_ack,0,0,64,0,0,threshold,packets,20,5,,,,,0,,,,,enqueue
410000,0,6,62,9,0,253,roce_data,0,0,1000,0,0,threshold,packets,20,5,,,,,0,,,,,enqueue
414512,0,0,345,4,0,684,roce_ack,0,0,64,0,0,threshold,packets,20,5,,,,,0,,,,,enqueue
415024,0,4,170,10,0,684,roce_ack,0,0,64,0,0,threshold,packets,20,5,,,,,0,,,,,enqueue
415536,0,10,50,5,0,684,roce_ack,0,0,64,0,0,threshold,packets,20,5,,,,,0,,,,,enqueue
416000,0,1,492,6,0,265,roce_data,0,0,1000,0,0,threshold,packets,20,5,,,,,0,,,,,enqueue
418000,0,9,158,3,0,253,roce_data,0,0,1000,0,0,threshold,packets,20,5,,,,,0,,,,,enqueue
424000,0,6,65,9,0,265,roce_data,0,0,1000,0,0,threshold,packets,20,5,,,,,0,,,,,enqueue
426512,0,0,348,4,0,696,roce_ack,0,0,64,0,0,threshold,packets,20,5,,,,,0,,,,,enqueue
427000,0,1,507,6,0,277,roce_data,0,0,1000,0,0,threshold,packets,20,5,,,,,0,,,,,enqueue
427024,0,4,173,10,0,696,roce_ack,0,0,64,0,0,threshold,packets,20,5,,,,,0,,,,,enqueue
427536,0,10,53,5,0,696,roce_ack,0,0,64,0,0,threshold,packets,20,5,,,,,0,,,,,enqueue
432000,0,9,161,3,0,265,roce_data,0,0,1000,0,0,threshold,packets,20,5,,,,,0,,,,,enqueue
435000,0,6,68,9,0,277,roce_data,0,0,1000,0,0,threshold,packets,20,5,,,,,0,,,,,enqueue
437000,0,1,520,6,0,289,roce_data,0,0,1000,0,0,threshold,packets,20,5,,,,,0,,,,,enqueue
440512,0,0,351,4,0,708,roce_ack,0,0,64,0,0,threshold,packets,20,5,,,,,0,,,,,enqueue
441024,0,4,176,10,0,708,roce_ack,0,0,64,0,0,threshold,packets,20,5,,,,,0,,,,,enqueue
441536,0,10,56,5,0,708,roce_ack,0,0,64,0,0,threshold,packets,20,5,,,,,0,,,,,enqueue
443000,0,9,164,3,0,277,roce_data,0,0,1000,0,0,threshold,packets,20,5,,,,,0,,,,,enqueue
445000,0,6,71,9,0,289,roce_data,0,0,1000,0,0,threshold,packets,20,5,,,,,0,,,,,enqueue
451512,0,0,354,4,0,720,roce_ack,0,0,64,0,0,threshold,packets,20,5,,,,,0,,,,,enqueue
452024,0,4,179,10,0,720,roce_ack,0,0,64,0,0,threshold,packets,20,5,,,,,0,,,,,enqueue
452536,0,10,59,5,0,720,roce_ack,0,0,64,0,0,threshold,packets,20,5,,,,,0,,,,,enqueue
453000,0,9,167,3,0,289,roce_data,0,0,1000,0,0,threshold,packets,20,5,,,,,0,,,,,enqueue
461512,0,0,357,4,0,732,roce_ack,0,0,64,0,0,threshold,packets,20,5,,,,,0,,,,,enqueue
462024,0,4,182,10,0,732,roce_ack,0,0,64,0,0,threshold,packets,20,5,,,,,0,,,,,enqueue
462536,0,10,62,5,0,732,roce_ack,0,0,64,0,0,threshold,packets,20,5,,,,,0,,,,,enqueue
