time_ns,event_phase,event_origin_node,event_origin_sequence,ordinal,node_id,flow_id,cause,cause_flow_id,arrival_bytes,collective_id,algorithm,group_size,declared_total_bytes,rank,collective_phase,step,chunk_offset_bytes,chunk_bytes,packet_size_bytes,interval_ns,stop_time_ns,inbound_predecessor_bytes,before_local_complete,before_inbound_complete,before_inbound_bytes,activated,after_local_complete,after_inbound_complete,after_inbound_bytes,after_packets_emitted,after_bytes_emitted,after_status,after_next_time_ns,stage_kind,duration_ns,segment_sequence,segment_bytes,ack_number,cause_origin_ns,cause_delay_ns,channel,chunk_policy,channel_policy,local_predecessors,inbound_predecessors,local_required,before_local_completed,after_local_completed,cause_total_bytes,group_stages,seeded_matrix,cause_kind
2000,1,0,0,0,0,12,local_completion,32,0,1,all_to_all,4,3200,0,all_to_all,1,0,600,500,500,50000000,0,0,1,0,1,1,1,0,0,0,scheduled,2000,roce,0,0,0,0,0,2000,0,seeded,all_pairs,32,,1,0,1,0,12,7;0;0;0;8;2;16;100;zipf1,compute
2000,1,0,0,1,0,13,local_completion,32,0,1,all_to_all,4,3200,0,all_to_all,2,0,600,500,500,50000000,0,0,1,0,1,1,1,0,0,0,scheduled,2000,roce,0,0,0,0,0,2000,0,seeded,all_pairs,32,,1,0,1,0,12,7;0;0;0;8;2;16;100;zipf1,compute
2000,1,0,0,2,0,14,local_completion,32,0,1,all_to_all,4,3200,0,all_to_all,3,0,1400,500,500,50000000,0,0,1,0,1,1,1,0,0,0,scheduled,2000,roce,0,0,0,0,0,2000,0,seeded,all_pairs,32,,1,0,1,0,12,7;0;0;0;8;2;16;100;zipf1,compute
2000,1,1,0,0,1,15,local_completion,33,0,1,all_to_all,4,3200,1,all_to_all,1,0,100,500,500,50000000,0,0,1,0,1,1,1,0,0,0,scheduled,2000,roce,0,0,0,0,0,2000,0,seeded,all_pairs,33,,1,0,1,0,12,7;0;0;0;8;2;16;100;zipf1,compute
2000,1,1,0,1,1,16,local_completion,33,0,1,all_to_all,4,3200,1,all_to_all,2,0,2000,500,500,50000000,0,0,1,0,1,1,1,0,0,0,scheduled,2000,roce,0,0,0,0,0,2000,0,seeded,all_pairs,33,,1,0,1,0,12,7;0;0;0;8;2;16;100;zipf1,compute
2000,1,1,0,2,1,17,local_completion,33,0,1,all_to_all,4,3200,1,all_to_all,3,0,400,500,500,50000000,0,0,1,0,1,1,1,0,0,0,scheduled,2000,roce,0,0,0,0,0,2000,0,seeded,all_pairs,33,,1,0,1,0,12,7;0;0;0;8;2;16;100;zipf1,compute
2000,1,2,0,0,2,18,local_completion,34,0,1,all_to_all,4,3200,2,all_to_all,1,0,1600,500,500,50000000,0,0,1,0,1,1,1,0,0,0,scheduled,2000,roce,0,0,0,0,0,2000,0,seeded,all_pairs,34,,1,0,1,0,12,7;0;0;0;8;2;16;100;zipf1,compute
2000,1,2,0,1,2,19,local_completion,34,0,1,all_to_all,4,3200,2,all_to_all,2,0,300,500,500,50000000,0,0,1,0,1,1,1,0,0,0,scheduled,2000,roce,0,0,0,0,0,2000,0,seeded,all_pairs,34,,1,0,1,0,12,7;0;0;0;8;2;16;100;zipf1,compute
2000,1,2,0,2,2,20,local_completion,34,0,1,all_to_all,4,3200,2,all_to_all,3,0,700,500,500,50000000,0,0,1,0,1,1,1,0,0,0,scheduled,2000,roce,0,0,0,0,0,2000,0,seeded,all_pairs,34,,1,0,1,0,12,7;0;0;0;8;2;16;100;zipf1,compute
2000,1,3,0,0,3,21,local_completion,35,0,1,all_to_all,4,3200,3,all_to_all,1,0,400,500,500,50000000,0,0,1,0,1,1,1,0,0,0,scheduled,2000,roce,0,0,0,0,0,2000,0,seeded,all_pairs,35,,1,0,1,0,12,7;0;0;0;8;2;16;100;zipf1,compute
2000,1,3,0,1,3,22,local_completion,35,0,1,all_to_all,4,3200,3,all_to_all,2,0,700,500,500,50000000,0,0,1,0,1,1,1,0,0,0,scheduled,2000,roce,0,0,0,0,0,2000,0,seeded,all_pairs,35,,1,0,1,0,12,7;0;0;0;8;2;16;100;zipf1,compute
2000,1,3,0,2,3,23,local_completion,35,0,1,all_to_all,4,3200,3,all_to_all,3,0,400,500,500,50000000,0,0,1,0,1,1,1,0,0,0,scheduled,2000,roce,0,0,0,0,0,2000,0,seeded,all_pairs,35,,1,0,1,0,12,7;0;0;0;8;2;16;100;zipf1,compute
2400,0,8,2,0,2,30,inbound_arrival,15,100,1,,4,0,2,,0,0,0,500,500,50000000,1100,0,0,0,0,0,0,100,0,0,blocked,0,compute,1000,0,100,0,0,0,0,,,18;19;20,13;15;23,3,0,0,100,4,,roce
3600,0,4,2,0,0,28,inbound_arrival,21,400,1,,4,0,0,,0,0,0,500,500,50000000,1100,0,0,0,0,0,0,400,0,0,blocked,0,compute,1000,0,400,0,0,0,0,,,12;13;14,17;19;21,3,0,0,400,4,,roce
3900,0,4,5,0,0,28,inbound_arrival,19,300,1,,4,0,0,,0,0,0,500,500,50000000,1100,0,0,400,0,0,0,700,0,0,blocked,0,compute,1000,0,300,0,0,0,0,,,12;13;14,17;19;21,3,0,0,300,4,,roce
4000,0,6,2,0,1,29,inbound_arrival,12,500,1,,4,0,1,,0,0,0,500,500,50000000,2000,0,0,0,0,0,0,500,0,0,blocked,0,compute,1000,0,500,0,0,0,0,,,15;16;17,12;20;22,3,0,0,600,4,,roce
4000,0,10,2,0,3,31,inbound_arrival,18,500,1,,4,0,3,,0,0,0,500,500,50000000,5000,0,0,0,0,0,0,500,0,0,blocked,0,compute,1000,0,500,0,0,0,0,,,21;22;23,14;16;18,3,0,0,1600,4,,roce
4400,0,4,8,0,0,28,inbound_arrival,17,400,1,,4,0,0,,0,0,0,500,500,50000000,1100,0,0,700,0,0,1,1100,0,0,blocked,0,compute,1000,0,400,0,0,0,0,,,12;13;14,17;19;21,3,0,0,400,4,,roce
4500,0,6,5,0,1,29,inbound_arrival,22,500,1,,4,0,1,,0,0,0,500,500,50000000,2000,0,0,500,0,0,0,1000,0,0,blocked,0,compute,1000,0,500,0,0,0,0,,,15;16;17,12;20;22,3,0,0,700,4,,roce
4500,0,8,5,0,2,30,inbound_arrival,13,500,1,,4,0,2,,0,0,0,500,500,50000000,1100,0,0,100,0,0,0,600,0,0,blocked,0,compute,1000,0,500,0,0,0,0,,,18;19;20,13;15;23,3,0,0,600,4,,roce
4500,0,10,5,0,3,31,inbound_arrival,16,500,1,,4,0,3,,0,0,0,500,500,50000000,5000,0,0,500,0,0,0,1000,0,0,blocked,0,compute,1000,0,500,0,0,0,0,,,21;22;23,14;16;18,3,0,0,2000,4,,roce
4900,0,8,8,0,2,30,inbound_arrival,23,400,1,,4,0,2,,0,0,0,500,500,50000000,1100,0,0,600,0,0,0,1000,0,0,blocked,0,compute,1000,0,400,0,0,0,0,,,18;19;20,13;15;23,3,0,0,400,4,,roce
5000,0,6,8,0,1,29,inbound_arrival,20,500,1,,4,0,1,,0,0,0,500,500,50000000,2000,0,0,1000,0,0,0,1500,0,0,blocked,0,compute,1000,0,500,0,0,0,0,,,15;16;17,12;20;22,3,0,0,700,4,,roce
5000,0,10,8,0,3,31,inbound_arrival,14,500,1,,4,0,3,,0,0,0,500,500,50000000,5000,0,0,1000,0,0,0,1500,0,0,blocked,0,compute,1000,0,500,0,0,0,0,,,21;22;23,14;16;18,3,0,0,1400,4,,roce
5064,0,6,11,0,1,29,local_completion,15,0,1,,4,0,1,,0,0,0,500,500,50000000,2000,0,0,1500,0,0,0,1500,0,0,blocked,0,compute,1000,0,0,100,2000,656,0,,,15;16;17,12;20;22,3,0,1,100,4,,roce
5064,0,8,14,0,2,30,inbound_arrival,13,100,1,,4,0,2,,0,0,0,500,500,50000000,1100,0,0,1000,0,0,1,1100,0,0,blocked,0,compute,1000,500,100,0,0,0,0,,,18;19;20,13;15;23,3,0,0,600,4,,roce
5264,0,6,14,0,1,29,inbound_arrival,22,200,1,,4,0,1,,0,0,0,500,500,50000000,2000,0,0,1500,0,0,0,1700,0,0,blocked,0,compute,1000,500,200,0,0,0,0,,,15;16;17,12;20;22,3,1,1,700,4,,roce
5364,0,6,17,0,1,29,inbound_arrival,12,100,1,,4,0,1,,0,0,0,500,500,50000000,2000,0,0,1700,0,0,0,1800,0,0,blocked,0,compute,1000,500,100,0,0,0,0,,,15;16;17,12;20;22,3,1,1,600,4,,roce
5384,0,8,20,0,2,30,local_completion,19,0,1,,4,0,2,,0,0,0,500,500,50000000,1100,0,1,1100,0,0,1,1100,0,0,blocked,0,compute,1000,0,0,300,2000,1456,0,,,18;19;20,13;15;23,3,0,1,300,4,,roce
5484,0,4,20,0,0,28,local_completion,13,0,1,,4,0,0,,0,0,0,500,500,50000000,1100,0,1,1100,0,0,1,1100,0,0,blocked,0,compute,1000,0,0,600,2500,656,0,,,12;13;14,17;19;21,3,0,1,600,4,,roce
5500,0,10,11,0,3,31,inbound_arrival,16,500,1,,4,0,3,,0,0,0,500,500,50000000,5000,0,0,1500,0,0,0,2000,0,0,blocked,0,compute,1000,500,500,0,0,0,0,,,21;22;23,14;16;18,3,0,0,2000,4,,roce
5564,0,6,20,0,1,29,inbound_arrival,20,200,1,,4,0,1,,0,0,0,500,500,50000000,2000,0,0,1800,0,0,1,2000,0,0,blocked,0,compute,1000,500,200,0,0,0,0,,,15;16;17,12;20;22,3,1,1,700,4,,roce
5620,0,4,23,0,0,28,local_completion,12,0,1,,4,0,0,,0,0,0,500,500,50000000,1100,0,1,1100,0,0,1,1100,0,0,blocked,0,compute,1000,0,0,600,2500,656,0,,,12;13;14,17;19;21,3,1,2,600,4,,roce
5692,0,6,26,0,1,29,local_completion,17,0,1,,4,0,1,,0,0,0,500,500,50000000,2000,0,1,2000,0,0,1,2000,0,0,blocked,0,compute,1000,0,0,400,2000,1856,0,,,15;16;17,12;20;22,3,1,2,400,4,,roce
5820,0,8,23,0,2,30,local_completion,20,0,1,,4,0,2,,0,0,0,500,500,50000000,1100,0,1,1100,0,0,1,1100,0,0,blocked,0,compute,1000,0,0,700,2500,1056,0,,,18;19;20,13;15;23,3,1,2,700,4,,roce
6000,0,10,14,0,3,31,inbound_arrival,18,500,1,,4,0,3,,0,0,0,500,500,50000000,5000,0,0,2000,0,0,0,2500,0,0,blocked,0,compute,1000,500,500,0,0,0,0,,,21;22;23,14;16;18,3,0,0,1600,4,,roce
6500,0,10,17,0,3,31,inbound_arrival,16,500,1,,4,0,3,,0,0,0,500,500,50000000,5000,0,0,2500,0,0,0,3000,0,0,blocked,0,compute,1000,1000,500,0,0,0,0,,,21;22;23,14;16;18,3,0,0,2000,4,,roce
7000,0,10,20,0,3,31,inbound_arrival,14,500,1,,4,0,3,,0,0,0,500,500,50000000,5000,0,0,3000,0,0,0,3500,0,0,blocked,0,compute,1000,500,500,0,0,0,0,,,21;22;23,14;16;18,3,0,0,1400,4,,roce
7500,0,10,23,0,3,31,inbound_arrival,16,500,1,,4,0,3,,0,0,0,500,500,50000000,5000,0,0,3500,0,0,0,4000,0,0,blocked,0,compute,1000,1500,500,0,0,0,0,,,21;22;23,14;16;18,3,0,0,2000,4,,roce
7756,0,6,35,0,1,29,local_completion,16,0,1,,4,0,1,,0,0,0,500,500,50000000,2000,0,1,2000,1,1,1,2000,0,0,scheduled,8756,compute,1000,0,0,2000,3500,2256,0,,,15;16;17,12;20;22,3,2,3,2000,4,,roce
8000,0,10,26,0,3,31,inbound_arrival,18,500,1,,4,0,3,,0,0,0,500,500,50000000,5000,0,0,4000,0,0,0,4500,0,0,blocked,0,compute,1000,1000,500,0,0,0,0,,,21;22;23,14;16;18,3,0,0,1600,4,,roce
8400,0,10,29,0,3,31,inbound_arrival,14,400,1,,4,0,3,,0,0,0,500,500,50000000,5000,0,0,4500,0,0,0,4900,0,0,blocked,0,compute,1000,1000,400,0,0,0,0,,,21;22;23,14;16;18,3,0,0,1400,4,,roce
8528,0,10,35,0,3,31,local_completion,21,0,1,,4,0,3,,0,0,0,500,500,50000000,5000,0,0,4900,0,0,0,4900,0,0,blocked,0,compute,1000,0,0,400,2000,1856,0,,,21;22;23,14;16;18,3,0,1,400,4,,roce
8628,0,10,38,0,3,31,inbound_arrival,18,100,1,,4,0,3,,0,0,0,500,500,50000000,5000,0,0,4900,0,0,1,5000,0,0,blocked,0,compute,1000,1500,100,0,0,0,0,,,21;22;23,14;16;18,3,1,1,1600,4,,roce
8656,0,4,29,0,0,28,local_completion,14,0,1,,4,0,0,,0,0,0,500,500,50000000,1100,0,1,1100,1,1,1,1100,0,0,scheduled,9656,compute,1000,0,0,1400,3000,1856,0,,,12;13;14,17;19;21,3,2,3,1400,4,,roce
8692,0,10,41,0,3,31,local_completion,23,0,1,,4,0,3,,0,0,0,500,500,50000000,5000,0,1,5000,0,0,1,5000,0,0,blocked,0,compute,1000,0,0,400,2000,1856,0,,,21;22;23,14;16;18,3,1,2,400,4,,roce
8756,0,10,44,0,3,31,local_completion,22,0,1,,4,0,3,,0,0,0,500,500,50000000,5000,0,1,5000,1,1,1,5000,0,0,scheduled,9756,compute,1000,0,0,700,2500,1056,0,,,21;22;23,14;16;18,3,2,3,700,4,,roce
8756,1,1,49,0,1,3,local_completion,29,0,0,all_to_all,4,3200,1,all_to_all,1,0,700,500,500,50000000,0,0,1,0,1,1,1,0,0,0,scheduled,8756,roce,0,0,0,0,7756,1000,0,seeded,all_pairs,29,,1,0,1,0,12,7;0;0;1;8;2;16;100;zipf1,compute
8756,1,1,49,1,1,4,local_completion,29,0,0,all_to_all,4,3200,1,all_to_all,2,0,700,500,500,50000000,0,0,1,0,1,1,1,0,0,0,scheduled,8756,roce,0,0,0,0,7756,1000,0,seeded,all_pairs,29,,1,0,1,0,12,7;0;0;1;8;2;16;100;zipf1,compute
8756,1,1,49,2,1,5,local_completion,29,0,0,all_to_all,4,3200,1,all_to_all,3,0,600,500,500,50000000,0,0,1,0,1,1,1,0,0,0,scheduled,8756,roce,0,0,0,0,7756,1000,0,seeded,all_pairs,29,,1,0,1,0,12,7;0;0;1;8;2;16;100;zipf1,compute
8884,0,8,32,0,2,30,local_completion,18,0,1,,4,0,2,,0,0,0,500,500,50000000,1100,0,1,1100,1,1,1,1100,0,0,scheduled,9884,compute,1000,0,0,1600,3500,656,0,,,18;19;20,13;15;23,3,2,3,1600,4,,roce
9656,1,0,45,0,0,0,local_completion,28,0,0,all_to_all,4,3200,0,all_to_all,1,0,400,500,500,50000000,0,0,1,0,1,1,1,0,0,0,scheduled,9656,roce,0,0,0,0,8656,1000,0,seeded,all_pairs,28,,1,0,1,0,12,7;0;0;1;8;2;16;100;zipf1,compute
9656,1,0,45,1,0,1,local_completion,28,0,0,all_to_all,4,3200,0,all_to_all,2,0,300,500,500,50000000,0,0,1,0,1,1,1,0,0,0,scheduled,9656,roce,0,0,0,0,8656,1000,0,seeded,all_pairs,28,,1,0,1,0,12,7;0;0;1;8;2;16;100;zipf1,compute
9656,1,0,45,2,0,2,local_completion,28,0,0,all_to_all,4,3200,0,all_to_all,3,0,400,500,500,50000000,0,0,1,0,1,1,1,0,0,0,scheduled,9656,roce,0,0,0,0,8656,1000,0,seeded,all_pairs,28,,1,0,1,0,12,7;0;0;1;8;2;16;100;zipf1,compute
9756,1,3,54,0,3,9,local_completion,31,0,0,all_to_all,4,3200,3,all_to_all,1,0,1400,500,500,50000000,0,0,1,0,1,1,1,0,0,0,scheduled,9756,roce,0,0,0,0,8756,1000,0,seeded,all_pairs,31,,1,0,1,0,12,7;0;0;1;8;2;16;100;zipf1,compute
9756,1,3,54,1,3,10,local_completion,31,0,0,all_to_all,4,3200,3,all_to_all,2,0,2000,500,500,50000000,0,0,1,0,1,1,1,0,0,0,scheduled,9756,roce,0,0,0,0,8756,1000,0,seeded,all_pairs,31,,1,0,1,0,12,7;0;0;1;8;2;16;100;zipf1,compute
9756,1,3,54,2,3,11,local_completion,31,0,0,all_to_all,4,3200,3,all_to_all,3,0,1600,500,500,50000000,0,0,1,0,1,1,1,0,0,0,scheduled,9756,roce,0,0,0,0,8756,1000,0,seeded,all_pairs,31,,1,0,1,0,12,7;0;0;1;8;2;16;100;zipf1,compute
9884,1,2,48,0,2,6,local_completion,30,0,0,all_to_all,4,3200,2,all_to_all,1,0,400,500,500,50000000,0,0,1,0,1,1,1,0,0,0,scheduled,9884,roce,0,0,0,0,8884,1000,0,seeded,all_pairs,30,,1,0,1,0,12,7;0;0;1;8;2;16;100;zipf1,compute
9884,1,2,48,1,2,7,local_completion,30,0,0,all_to_all,4,3200,2,all_to_all,2,0,600,500,500,50000000,0,0,1,0,1,1,1,0,0,0,scheduled,9884,roce,0,0,0,0,8884,1000,0,seeded,all_pairs,30,,1,0,1,0,12,7;0;0;1;8;2;16;100;zipf1,compute
9884,1,2,48,2,2,8,local_completion,30,0,0,all_to_all,4,3200,2,all_to_all,3,0,100,500,500,50000000,0,0,1,0,1,1,1,0,0,0,scheduled,9884,roce,0,0,0,0,8884,1000,0,seeded,all_pairs,30,,1,0,1,0,12,7;0;0;1;8;2;16;100;zipf1,compute
10756,0,8,35,0,2,26,inbound_arrival,3,500,0,,4,0,2,,0,0,0,500,500,50000000,2600,0,0,0,0,0,0,500,0,0,blocked,0,compute,1000,0,500,0,0,0,0,,,6;7;8,1;3;11,3,0,0,700,4,,roce
11256,0,6,38,0,1,25,inbound_arrival,0,400,0,,4,0,1,,0,0,0,500,500,50000000,2500,0,0,0,0,0,0,400,0,0,blocked,0,compute,1000,0,400,0,0,0,0,,,3;4;5,0;8;10,3,0,0,400,4,,roce
11256,0,10,47,0,3,27,inbound_arrival,4,500,0,,4,0,3,,0,0,0,500,500,50000000,1500,0,0,0,0,0,0,500,0,0,blocked,0,compute,1000,0,500,0,0,0,0,,,9;10;11,2;4;6,3,0,0,700,4,,roce
11356,0,8,38,0,2,26,inbound_arrival,1,300,0,,4,0,2,,0,0,0,500,500,50000000,2600,0,0,500,0,0,0,800,0,0,blocked,0,compute,1000,0,300,0,0,0,0,,,6;7;8,1;3;11,3,0,0,300,4,,roce
11556,0,8,41,0,2,26,inbound_arrival,3,200,0,,4,0,2,,0,0,0,500,500,50000000,2600,0,0,800,0,0,0,1000,0,0,blocked,0,compute,1000,500,200,0,0,0,0,,,6;7;8,1;3;11,3,0,0,700,4,,roce
11656,0,10,50,0,3,27,inbound_arrival,6,400,0,,4,0,3,,0,0,0,500,500,50000000,1500,0,0,500,0,0,0,900,0,0,blocked,0,compute,1000,0,400,0,0,0,0,,,9;10;11,2;4;6,3,0,0,400,4,,roce
11756,0,4,32,0,0,24,inbound_arrival,5,500,0,,4,0,0,,0,0,0,500,500,50000000,2600,0,0,0,0,0,0,500,0,0,blocked,0,compute,1000,0,500,0,0,0,0,,,0;1;2,5;7;9,3,0,0,600,4,,roce
12056,0,10,53,0,3,27,inbound_arrival,2,400,0,,4,0,3,,0,0,0,500,500,50000000,1500,0,0,900,0,0,0,1300,0,0,blocked,0,compute,1000,0,400,0,0,0,0,,,9;10;11,2;4;6,3,0,0,400,4,,roce
12256,0,4,35,0,0,24,inbound_arrival,9,500,0,,4,0,0,,0,0,0,500,500,50000000,2600,0,0,500,0,0,0,1000,0,0,blocked,0,compute,1000,0,500,0,0,0,0,,,0;1;2,5;7;9,3,0,0,1400,4,,roce
12256,0,6,41,0,1,25,inbound_arrival,10,500,0,,4,0,1,,0,0,0,500,500,50000000,2500,0,0,400,0,0,0,900,0,0,blocked,0,compute,1000,0,500,0,0,0,0,,,3;4;5,0;8;10,3,0,0,2000,4,,roce
12256,0,10,56,0,3,27,inbound_arrival,4,200,0,,4,0,3,,0,0,0,500,500,50000000,1500,0,0,1300,0,0,1,1500,0,0,blocked,0,compute,1000,500,200,0,0,0,0,,,9;10;11,2;4;6,3,0,0,700,4,,roce
12356,0,4,38,0,0,24,inbound_arrival,5,100,0,,4,0,0,,0,0,0,500,500,50000000,2600,0,0,1000,0,0,0,1100,0,0,blocked,0,compute,1000,500,100,0,0,0,0,,,0;1;2,5;7;9,3,0,0,600,4,,roce
12356,0,6,44,0,1,25,inbound_arrival,8,100,0,,4,0,1,,0,0,0,500,500,50000000,2500,0,0,900,0,0,0,1000,0,0,blocked,0,compute,1000,0,100,0,0,0,0,,,3;4;5,0;8;10,3,0,0,100,4,,roce
12484,0,6,50,0,1,25,local_completion,3,0,0,,4,0,1,,0,0,0,500,500,50000000,2500,0,0,1000,0,0,0,1000,0,0,blocked,0,compute,1000,0,0,700,9256,1056,0,,,3;4;5,0;8;10,3,0,1,700,4,,roce
12612,0,6,56,0,1,25,local_completion,5,0,0,,4,0,1,,0,0,0,500,500,50000000,2500,0,0,1000,0,0,0,1000,0,0,blocked,0,compute,1000,0,0,600,9256,656,0,,,3;4;5,0;8;10,3,1,2,600,4,,roce
12756,0,8,44,0,2,26,inbound_arrival,11,500,0,,4,0,2,,0,0,0,500,500,50000000,2600,0,0,1000,0,0,0,1500,0,0,blocked,0,compute,1000,0,500,0,0,0,0,,,6;7;8,1;3;11,3,0,0,1600,4,,roce
12820,0,8,47,0,2,26,local_completion,8,0,0,,4,0,2,,0,0,0,500,500,50000000,2600,0,0,1500,0,0,0,1500,0,0,blocked,0,compute,1000,0,0,100,9884,656,0,,,6;7;8,1;3;11,3,0,1,100,4,,roce
12856,0,4,41,0,0,24,inbound_arrival,7,500,0,,4,0,0,,0,0,0,500,500,50000000,2600,0,0,1100,0,0,0,1600,0,0,blocked,0,compute,1000,0,500,0,0,0,0,,,0;1;2,5;7;9,3,0,0,600,4,,roce
12920,0,4,44,0,0,24,local_completion,0,0,0,,4,0,0,,0,0,0,500,500,50000000,2600,0,0,1600,0,0,0,1600,0,0,blocked,0,compute,1000,0,0,400,9656,1856,0,,,0;1;2,5;7;9,3,0,1,400,4,,roce
13020,0,4,47,0,0,24,inbound_arrival,7,100,0,,4,0,0,,0,0,0,500,500,50000000,2600,0,0,1600,0,0,0,1700,0,0,blocked,0,compute,1000,500,100,0,0,0,0,,,0;1;2,5;7;9,3,1,1,600,4,,roce
13084,0,4,50,0,0,24,local_completion,1,0,0,,4,0,0,,0,0,0,500,500,50000000,2600,0,0,1700,0,0,0,1700,0,0,blocked,0,compute,1000,0,0,300,9656,1456,0,,,0;1;2,5;7;9,3,1,2,300,4,,roce
13276,0,8,53,0,2,26,local_completion,7,0,0,,4,0,2,,0,0,0,500,500,50000000,2600,0,0,1500,0,0,0,1500,0,0,blocked,0,compute,1000,0,0,600,10384,656,0,,,6;7;8,1;3;11,3,1,2,600,4,,roce
13584,0,4,53,0,0,24,inbound_arrival,9,500,0,,4,0,0,,0,0,0,500,500,50000000,2600,0,0,1700,0,0,0,2200,0,0,blocked,0,compute,1000,500,500,0,0,0,0,,,0;1;2,5;7;9,3,2,2,1400,4,,roce
13756,0,6,59,0,1,25,inbound_arrival,10,500,0,,4,0,1,,0,0,0,500,500,50000000,2500,0,0,1000,0,0,0,1500,0,0,blocked,0,compute,1000,500,500,0,0,0,0,,,3;4;5,0;8;10,3,2,2,2000,4,,roce
14256,0,8,56,0,2,26,inbound_arrival,11,500,0,,4,0,2,,0,0,0,500,500,50000000,2600,0,0,1500,0,0,0,2000,0,0,blocked,0,compute,1000,500,500,0,0,0,0,,,6;7;8,1;3;11,3,2,2,1600,4,,roce
14456,0,4,56,0,0,24,inbound_arrival,9,400,0,,4,0,0,,0,0,0,500,500,50000000,2600,0,0,2200,0,0,1,2600,0,0,blocked,0,compute,1000,1000,400,0,0,0,0,,,0;1;2,5;7;9,3,2,2,1400,4,,roce
14712,0,10,77,0,3,27,local_completion,9,0,0,,4,0,3,,0,0,0,500,500,50000000,1500,0,1,1500,0,0,1,1500,0,0,blocked,0,compute,1000,0,0,1400,10756,1856,0,,,9;10;11,2;4;6,3,0,1,1400,4,,roce
15156,0,6,62,0,1,25,inbound_arrival,10,500,0,,4,0,1,,0,0,0,500,500,50000000,2500,0,0,1500,0,0,0,2000,0,0,blocked,0,compute,1000,1000,500,0,0,0,0,,,3;4;5,0;8;10,3,2,2,2000,4,,roce
15576,0,4,59,0,0,24,local_completion,2,0,0,,4,0,0,,0,0,0,500,500,50000000,2600,0,1,2600,1,1,1,2600,0,0,scheduled,16576,compute,1000,0,0,400,9656,1856,0,,,0;1;2,5;7;9,3,2,3,400,4,,roce
15656,0,8,59,0,2,26,inbound_arrival,11,500,0,,4,0,2,,0,0,0,500,500,50000000,2600,0,0,2000,0,0,0,2500,0,0,blocked,0,compute,1000,1000,500,0,0,0,0,,,6;7;8,1;3;11,3,2,2,1600,4,,roce
15756,0,8,62,0,2,26,inbound_arrival,11,100,0,,4,0,2,,0,0,0,500,500,50000000,2600,0,0,2500,0,0,1,2600,0,0,blocked,0,compute,1000,1500,100,0,0,0,0,,,6;7;8,1;3;11,3,2,2,1600,4,,roce
15820,0,8,65,0,2,26,local_completion,6,0,0,,4,0,2,,0,0,0,500,500,50000000,2600,0,1,2600,1,1,1,2600,0,0,scheduled,16820,compute,1000,0,0,400,9884,1856,0,,,6;7;8,1;3;11,3,2,3,400,4,,roce
16012,0,10,86,0,3,27,local_completion,11,0,0,,4,0,3,,0,0,0,500,500,50000000,1500,0,1,1500,0,0,1,1500,0,0,blocked,0,compute,1000,0,0,1600,11256,656,0,,,9;10;11,2;4;6,3,1,2,1600,4,,roce
16220,0,6,68,0,1,25,inbound_arrival,10,500,0,,4,0,1,,0,0,0,500,500,50000000,2500,0,0,2000,0,0,1,2500,0,0,blocked,0,compute,1000,1500,500,0,0,0,0,,,3;4;5,0;8;10,3,2,2,2000,4,,roce
16284,0,6,71,0,1,25,local_completion,4,0,0,,4,0,1,,0,0,0,500,500,50000000,2500,0,1,2500,1,1,1,2500,0,0,scheduled,17284,compute,1000,0,0,700,9256,1056,0,,,3;4;5,0;8;10,3,2,3,700,4,,roce
16476,0,10,89,0,3,27,local_completion,10,0,0,,4,0,3,,0,0,0,500,500,50000000,1500,0,1,1500,1,1,1,1500,0,0,scheduled,17476,compute,1000,0,0,2000,11256,2256,0,,,9;10;11,2;4;6,3,2,3,2000,4,,roce
