time_ns,event_phase,event_origin_node,event_origin_sequence,ordinal,node_id,flow_id,cause,cause_flow_id,arrival_bytes,collective_id,algorithm,group_size,declared_total_bytes,rank,collective_phase,step,chunk_offset_bytes,chunk_bytes,packet_size_bytes,interval_ns,stop_time_ns,inbound_predecessor_bytes,before_local_complete,before_inbound_complete,before_inbound_bytes,activated,after_local_complete,after_inbound_complete,after_inbound_bytes,after_packets_emitted,after_bytes_emitted,after_status,after_next_time_ns,stage_kind,duration_ns,segment_sequence,segment_bytes,ack_number,cause_origin_ns,cause_delay_ns,channel,chunk_policy,channel_policy,local_predecessors,inbound_predecessors,local_required,before_local_completed,after_local_completed,cause_total_bytes,group_stages,seeded_matrix,cause_kind,cause_collective_id,target_node
31000,0,6,2,0,1,7,inbound_arrival,3,1000,0,ring_allreduce,4,40000,2,reduce_scatter,2,10000,10000,1000,1000,50000000,10000,0,0,0,0,0,0,1000,0,0,blocked,0,roce,0,0,1000,0,0,0,0,equal_remainder_last,ring_next,6,3,1,0,0,10000,24,,roce,,3
39000,0,6,5,0,1,7,inbound_arrival,3,1000,0,ring_allreduce,4,40000,2,reduce_scatter,2,10000,10000,1000,1000,50000000,10000,0,0,1000,0,0,0,2000,0,0,blocked,0,roce,0,1000,1000,0,0,0,0,equal_remainder_last,ring_next,6,3,1,0,0,10000,24,,roce,,3
39000,0,12,2,0,3,10,inbound_arrival,6,1000,0,ring_allreduce,4,40000,3,reduce_scatter,2,20000,10000,1000,1000,50000000,10000,0,0,0,0,0,0,1000,0,0,blocked,0,roce,0,0,1000,0,0,0,0,equal_remainder_last,ring_next,9,6,1,0,0,10000,24,,roce,,0
47000,0,9,2,0,2,4,inbound_arrival,0,1000,0,ring_allreduce,4,40000,1,reduce_scatter,2,0,10000,1000,1000,50000000,10000,0,0,0,0,0,0,1000,0,0,blocked,0,roce,0,0,1000,0,0,0,0,equal_remainder_last,ring_next,3,0,1,0,0,10000,24,,roce,,1
47000,0,12,5,0,3,10,inbound_arrival,6,1000,0,ring_allreduce,4,40000,3,reduce_scatter,2,20000,10000,1000,1000,50000000,10000,0,0,1000,0,0,0,2000,0,0,blocked,0,roce,0,1000,1000,0,0,0,0,equal_remainder_last,ring_next,9,6,1,0,0,10000,24,,roce,,0
55000,0,4,2,0,0,1,inbound_arrival,9,1000,0,ring_allreduce,4,40000,0,reduce_scatter,2,30000,10000,1000,1000,50000000,10000,0,0,0,0,0,0,1000,0,0,blocked,0,roce,0,0,1000,0,0,0,0,equal_remainder_last,ring_next,0,9,1,0,0,10000,24,,roce,,2
55000,0,6,8,0,1,7,inbound_arrival,3,1000,0,ring_allreduce,4,40000,2,reduce_scatter,2,10000,10000,1000,1000,50000000,10000,0,0,2000,0,0,0,3000,0,0,blocked,0,roce,0,2000,1000,0,0,0,0,equal_remainder_last,ring_next,6,3,1,0,0,10000,24,,roce,,3
63000,0,12,8,0,3,10,inbound_arrival,6,1000,0,ring_allreduce,4,40000,3,reduce_scatter,2,20000,10000,1000,1000,50000000,10000,0,0,2000,0,0,0,3000,0,0,blocked,0,roce,0,2000,1000,0,0,0,0,equal_remainder_last,ring_next,9,6,1,0,0,10000,24,,roce,,0
71000,0,4,5,0,0,26,inbound_arrival,25,1000,0,,2,0,0,,0,0,0,1000,1000,50000000,10000,0,0,0,0,0,0,1000,0,0,blocked,0,compute,7000,0,1000,0,0,0,0,,,24,25,1,0,0,10000,2,,roce,,0
71000,0,6,11,0,1,7,inbound_arrival,3,1000,0,ring_allreduce,4,40000,2,reduce_scatter,2,10000,10000,1000,1000,50000000,10000,0,0,3000,0,0,0,4000,0,0,blocked,0,roce,0,3000,1000,0,0,0,0,equal_remainder_last,ring_next,6,3,1,0,0,10000,24,,roce,,3
71000,0,12,11,0,3,27,inbound_arrival,24,1000,0,,2,0,1,,0,0,0,1000,1000,50000000,10000,0,0,0,0,0,0,1000,0,0,blocked,0,compute,7000,0,1000,0,0,0,0,,,25,24,1,0,0,10000,2,,roce,,3
71512,0,9,8,0,2,4,inbound_arrival,0,1000,0,ring_allreduce,4,40000,1,reduce_scatter,2,0,10000,1000,1000,50000000,10000,0,0,1000,0,0,0,2000,0,0,blocked,0,roce,0,1000,1000,0,0,0,0,equal_remainder_last,ring_next,3,0,1,0,0,10000,24,,roce,,1
87000,0,4,8,0,0,1,inbound_arrival,9,1000,0,ring_allreduce,4,40000,0,reduce_scatter,2,30000,10000,1000,1000,50000000,10000,0,0,1000,0,0,0,2000,0,0,blocked,0,roce,0,1000,1000,0,0,0,0,equal_remainder_last,ring_next,0,9,1,0,0,10000,24,,roce,,2
87000,0,6,14,0,1,7,inbound_arrival,3,1000,0,ring_allreduce,4,40000,2,reduce_scatter,2,10000,10000,1000,1000,50000000,10000,0,0,4000,0,0,0,5000,0,0,blocked,0,roce,0,4000,1000,0,0,0,0,equal_remainder_last,ring_next,6,3,1,0,0,10000,24,,roce,,3
87512,0,12,14,0,3,10,inbound_arrival,6,1000,0,ring_allreduce,4,40000,3,reduce_scatter,2,20000,10000,1000,1000,50000000,10000,0,0,3000,0,0,0,4000,0,0,blocked,0,roce,0,3000,1000,0,0,0,0,equal_remainder_last,ring_next,9,6,1,0,0,10000,24,,roce,,0
96024,0,12,17,0,3,27,inbound_arrival,24,1000,0,,2,0,1,,0,0,0,1000,1000,50000000,10000,0,0,1000,0,0,0,2000,0,0,blocked,0,compute,7000,1000,1000,0,0,0,0,,,25,24,1,0,0,10000,2,,roce,,3
103000,0,4,11,0,0,26,inbound_arrival,25,1000,0,,2,0,0,,0,0,0,1000,1000,50000000,10000,0,0,1000,0,0,0,2000,0,0,blocked,0,compute,7000,1000,1000,0,0,0,0,,,24,25,1,0,0,10000,2,,roce,,0
104024,0,9,14,0,2,4,inbound_arrival,0,1000,0,ring_allreduce,4,40000,1,reduce_scatter,2,0,10000,1000,1000,50000000,10000,0,0,2000,0,0,0,3000,0,0,blocked,0,roce,0,2000,1000,0,0,0,0,equal_remainder_last,ring_next,3,0,1,0,0,10000,24,,roce,,1
104024,0,12,20,0,3,10,inbound_arrival,6,1000,0,ring_allreduce,4,40000,3,reduce_scatter,2,20000,10000,1000,1000,50000000,10000,0,0,4000,0,0,0,5000,0,0,blocked,0,roce,0,4000,1000,0,0,0,0,equal_remainder_last,ring_next,9,6,1,0,0,10000,24,,roce,,0
111512,0,4,17,0,0,1,inbound_arrival,9,1000,0,ring_allreduce,4,40000,0,reduce_scatter,2,30000,10000,1000,1000,50000000,10000,0,0,2000,0,0,0,3000,0,0,blocked,0,roce,0,2000,1000,0,0,0,0,equal_remainder_last,ring_next,0,9,1,0,0,10000,24,,roce,,2
111512,0,6,17,0,1,7,inbound_arrival,3,1000,0,ring_allreduce,4,40000,2,reduce_scatter,2,10000,10000,1000,1000,50000000,10000,0,0,5000,0,0,0,6000,0,0,blocked,0,roce,0,5000,1000,0,0,0,0,equal_remainder_last,ring_next,6,3,1,0,0,10000,24,,roce,,3
120024,0,12,23,0,3,10,inbound_arrival,6,1000,0,ring_allreduce,4,40000,3,reduce_scatter,2,20000,10000,1000,1000,50000000,10000,0,0,5000,0,0,0,6000,0,0,blocked,0,roce,0,5000,1000,0,0,0,0,equal_remainder_last,ring_next,9,6,1,0,0,10000,24,,roce,,0
127512,0,4,20,0,0,26,inbound_arrival,25,1000,0,,2,0,0,,0,0,0,1000,1000,50000000,10000,0,0,2000,0,0,0,3000,0,0,blocked,0,compute,7000,2000,1000,0,0,0,0,,,24,25,1,0,0,10000,2,,roce,,0
127512,0,6,20,0,1,7,inbound_arrival,3,1000,0,ring_allreduce,4,40000,2,reduce_scatter,2,10000,10000,1000,1000,50000000,10000,0,0,6000,0,0,0,7000,0,0,blocked,0,roce,0,6000,1000,0,0,0,0,equal_remainder_last,ring_next,6,3,1,0,0,10000,24,,roce,,3
128536,0,12,26,0,3,27,inbound_arrival,24,1000,0,,2,0,1,,0,0,0,1000,1000,50000000,10000,0,0,2000,0,0,0,3000,0,0,blocked,0,compute,7000,2000,1000,0,0,0,0,,,25,24,1,0,0,10000,2,,roce,,3
136536,0,12,29,0,3,10,inbound_arrival,6,1000,0,ring_allreduce,4,40000,3,reduce_scatter,2,20000,10000,1000,1000,50000000,10000,0,0,6000,0,0,0,7000,0,0,blocked,0,roce,0,6000,1000,0,0,0,0,equal_remainder_last,ring_next,9,6,1,0,0,10000,24,,roce,,0
143512,0,4,23,0,0,1,inbound_arrival,9,1000,0,ring_allreduce,4,40000,0,reduce_scatter,2,30000,10000,1000,1000,50000000,10000,0,0,3000,0,0,0,4000,0,0,blocked,0,roce,0,3000,1000,0,0,0,0,equal_remainder_last,ring_next,0,9,1,0,0,10000,24,,roce,,2
143512,0,6,23,0,1,7,inbound_arrival,3,1000,0,ring_allreduce,4,40000,2,reduce_scatter,2,10000,10000,1000,1000,50000000,10000,0,0,7000,0,0,0,8000,0,0,blocked,0,roce,0,7000,1000,0,0,0,0,equal_remainder_last,ring_next,6,3,1,0,0,10000,24,,roce,,3
144536,0,12,32,0,3,10,inbound_arrival,6,1000,0,ring_allreduce,4,40000,3,reduce_scatter,2,20000,10000,1000,1000,50000000,10000,0,0,7000,0,0,0,8000,0,0,blocked,0,roce,0,7000,1000,0,0,0,0,equal_remainder_last,ring_next,9,6,1,0,0,10000,24,,roce,,0
151512,0,6,26,0,1,7,inbound_arrival,3,1000,0,ring_allreduce,4,40000,2,reduce_scatter,2,10000,10000,1000,1000,50000000,10000,0,0,8000,0,0,0,9000,0,0,blocked,0,roce,0,8000,1000,0,0,0,0,equal_remainder_last,ring_next,6,3,1,0,0,10000,24,,roce,,3
153048,0,12,35,0,3,10,inbound_arrival,6,1000,0,ring_allreduce,4,40000,3,reduce_scatter,2,20000,10000,1000,1000,50000000,10000,0,0,8000,0,0,0,9000,0,0,blocked,0,roce,0,8000,1000,0,0,0,0,equal_remainder_last,ring_next,9,6,1,0,0,10000,24,,roce,,0
161048,0,9,23,0,2,4,inbound_arrival,0,0,0,ring_allreduce,4,40000,1,reduce_scatter,2,0,10000,1000,1000,50000000,10000,0,0,3000,0,0,0,3000,0,0,blocked,0,roce,0,5000,1000,0,0,0,0,equal_remainder_last,ring_next,3,0,1,0,0,10000,24,,roce,,1
161048,0,12,38,0,3,10,inbound_arrival,6,1000,0,ring_allreduce,4,40000,3,reduce_scatter,2,20000,10000,1000,1000,50000000,10000,0,0,9000,0,0,1,10000,0,0,blocked,0,roce,0,9000,1000,0,0,0,0,equal_remainder_last,ring_next,9,6,1,0,0,10000,24,,roce,,0
167512,0,4,26,0,0,1,inbound_arrival,9,1000,0,ring_allreduce,4,40000,0,reduce_scatter,2,30000,10000,1000,1000,50000000,10000,0,0,4000,0,0,0,5000,0,0,blocked,0,roce,0,4000,1000,0,0,0,0,equal_remainder_last,ring_next,0,9,1,0,0,10000,24,,roce,,2
167512,0,6,29,0,1,7,inbound_arrival,3,1000,0,ring_allreduce,4,40000,2,reduce_scatter,2,10000,10000,1000,1000,50000000,10000,0,0,9000,0,0,1,10000,0,0,blocked,0,roce,0,9000,1000,0,0,0,0,equal_remainder_last,ring_next,6,3,1,0,0,10000,24,,roce,,3
177048,0,12,41,0,3,27,inbound_arrival,24,0,0,,2,0,1,,0,0,0,1000,1000,50000000,10000,0,0,3000,0,0,0,3000,0,0,blocked,0,compute,7000,5000,1000,0,0,0,0,,,25,24,1,0,0,10000,2,,roce,,3
177560,0,9,29,0,2,4,inbound_arrival,0,0,0,ring_allreduce,4,40000,1,reduce_scatter,2,0,10000,1000,1000,50000000,10000,0,0,3000,0,0,0,3000,0,0,blocked,0,roce,0,6000,1000,0,0,0,0,equal_remainder_last,ring_next,3,0,1,0,0,10000,24,,roce,,1
184024,0,4,29,0,0,1,inbound_arrival,9,1000,0,ring_allreduce,4,40000,0,reduce_scatter,2,30000,10000,1000,1000,50000000,10000,0,0,5000,0,0,0,6000,0,0,blocked,0,roce,0,5000,1000,0,0,0,0,equal_remainder_last,ring_next,0,9,1,0,0,10000,24,,roce,,2
192024,0,4,32,0,0,26,inbound_arrival,25,0,0,,2,0,0,,0,0,0,1000,1000,50000000,10000,0,0,3000,0,0,0,3000,0,0,blocked,0,compute,7000,5000,1000,0,0,0,0,,,24,25,1,0,0,10000,2,,roce,,0
193560,0,9,32,0,2,4,inbound_arrival,0,0,0,ring_allreduce,4,40000,1,reduce_scatter,2,0,10000,1000,1000,50000000,10000,0,0,3000,0,0,0,3000,0,0,blocked,0,roce,0,7000,1000,0,0,0,0,equal_remainder_last,ring_next,3,0,1,0,0,10000,24,,roce,,1
193560,0,12,44,0,3,27,inbound_arrival,24,0,0,,2,0,1,,0,0,0,1000,1000,50000000,10000,0,0,3000,0,0,0,3000,0,0,blocked,0,compute,7000,6000,1000,0,0,0,0,,,25,24,1,0,0,10000,2,,roce,,3
200024,0,4,35,0,0,1,inbound_arrival,9,1000,0,ring_allreduce,4,40000,0,reduce_scatter,2,30000,10000,1000,1000,50000000,10000,0,0,6000,0,0,0,7000,0,0,blocked,0,roce,0,6000,1000,0,0,0,0,equal_remainder_last,ring_next,0,9,1,0,0,10000,24,,roce,,2
208024,0,4,38,0,0,26,inbound_arrival,25,0,0,,2,0,0,,0,0,0,1000,1000,50000000,10000,0,0,3000,0,0,0,3000,0,0,blocked,0,compute,7000,6000,1000,0,0,0,0,,,24,25,1,0,0,10000,2,,roce,,0
209560,0,12,47,0,3,27,inbound_arrival,24,0,0,,2,0,1,,0,0,0,1000,1000,50000000,10000,0,0,3000,0,0,0,3000,0,0,blocked,0,compute,7000,7000,1000,0,0,0,0,,,25,24,1,0,0,10000,2,,roce,,3
210072,0,9,38,0,2,4,inbound_arrival,0,0,0,ring_allreduce,4,40000,1,reduce_scatter,2,0,10000,1000,1000,50000000,10000,0,0,3000,0,0,0,3000,0,0,blocked,0,roce,0,8000,1000,0,0,0,0,equal_remainder_last,ring_next,3,0,1,0,0,10000,24,,roce,,1
216024,0,4,41,0,0,1,inbound_arrival,9,1000,0,ring_allreduce,4,40000,0,reduce_scatter,2,30000,10000,1000,1000,50000000,10000,0,0,7000,0,0,0,8000,0,0,blocked,0,roce,0,7000,1000,0,0,0,0,equal_remainder_last,ring_next,0,9,1,0,0,10000,24,,roce,,2
224024,0,4,44,0,0,26,inbound_arrival,25,0,0,,2,0,0,,0,0,0,1000,1000,50000000,10000,0,0,3000,0,0,0,3000,0,0,blocked,0,compute,7000,7000,1000,0,0,0,0,,,24,25,1,0,0,10000,2,,roce,,0
226072,0,12,50,0,3,27,inbound_arrival,24,0,0,,2,0,1,,0,0,0,1000,1000,50000000,10000,0,0,3000,0,0,0,3000,0,0,blocked,0,compute,7000,8000,1000,0,0,0,0,,,25,24,1,0,0,10000,2,,roce,,3
226584,0,9,44,0,2,4,inbound_arrival,0,0,0,ring_allreduce,4,40000,1,reduce_scatter,2,0,10000,1000,1000,50000000,10000,0,0,3000,0,0,0,3000,0,0,blocked,0,roce,0,9000,1000,0,0,0,0,equal_remainder_last,ring_next,3,0,1,0,0,10000,24,,roce,,1
232024,0,4,47,0,0,1,inbound_arrival,9,1000,0,ring_allreduce,4,40000,0,reduce_scatter,2,30000,10000,1000,1000,50000000,10000,0,0,8000,0,0,0,9000,0,0,blocked,0,roce,0,8000,1000,0,0,0,0,equal_remainder_last,ring_next,0,9,1,0,0,10000,24,,roce,,2
240024,0,4,50,0,0,26,inbound_arrival,25,0,0,,2,0,0,,0,0,0,1000,1000,50000000,10000,0,0,3000,0,0,0,3000,0,0,blocked,0,compute,7000,8000,1000,0,0,0,0,,,24,25,1,0,0,10000,2,,roce,,0
242584,0,12,53,0,3,27,inbound_arrival,24,0,0,,2,0,1,,0,0,0,1000,1000,50000000,10000,0,0,3000,0,0,0,3000,0,0,blocked,0,compute,7000,9000,1000,0,0,0,0,,,25,24,1,0,0,10000,2,,roce,,3
248536,0,4,56,0,0,1,inbound_arrival,9,1000,0,ring_allreduce,4,40000,0,reduce_scatter,2,30000,10000,1000,1000,50000000,10000,0,0,9000,0,0,1,10000,0,0,blocked,0,roce,0,9000,1000,0,0,0,0,equal_remainder_last,ring_next,0,9,1,0,0,10000,24,,roce,,2
251608,0,12,83,0,3,10,local_completion,9,0,0,ring_allreduce,4,40000,3,reduce_scatter,2,20000,10000,1000,1000,50000000,10000,0,1,10000,1,1,1,10000,0,0,blocked,251608,roce,0,0,0,10000,79000,42560,0,equal_remainder_last,ring_next,9,6,1,0,1,10000,24,,roce,,0
256536,0,4,59,0,0,26,inbound_arrival,25,0,0,,2,0,0,,0,0,0,1000,1000,50000000,10000,0,0,3000,0,0,0,3000,0,0,blocked,0,compute,7000,9000,1000,0,0,0,0,,,24,25,1,0,0,10000,2,,roce,,0
298608,0,4,77,0,0,2,inbound_arrival,10,1000,0,ring_allreduce,4,40000,0,reduce_scatter,3,20000,10000,1000,1000,50000000,10000,0,0,0,0,0,0,1000,0,0,blocked,0,roce,0,0,1000,0,0,0,0,equal_remainder_last,ring_next,1,10,1,0,0,10000,24,,roce,,2
306608,0,4,80,0,0,2,inbound_arrival,10,1000,0,ring_allreduce,4,40000,0,reduce_scatter,3,20000,10000,1000,1000,50000000,10000,0,0,1000,0,0,0,2000,0,0,blocked,0,roce,0,1000,1000,0,0,0,0,equal_remainder_last,ring_next,1,10,1,0,0,10000,24,,roce,,2
314608,0,4,83,0,0,2,inbound_arrival,10,1000,0,ring_allreduce,4,40000,0,reduce_scatter,3,20000,10000,1000,1000,50000000,10000,0,0,2000,0,0,0,3000,0,0,blocked,0,roce,0,2000,1000,0,0,0,0,equal_remainder_last,ring_next,1,10,1,0,0,10000,24,,roce,,2
322608,0,4,86,0,0,2,inbound_arrival,10,1000,0,ring_allreduce,4,40000,0,reduce_scatter,3,20000,10000,1000,1000,50000000,10000,0,0,3000,0,0,0,4000,0,0,blocked,0,roce,0,3000,1000,0,0,0,0,equal_remainder_last,ring_next,1,10,1,0,0,10000,24,,roce,,2
330608,0,4,89,0,0,2,inbound_arrival,10,1000,0,ring_allreduce,4,40000,0,reduce_scatter,3,20000,10000,1000,1000,50000000,10000,0,0,4000,0,0,0,5000,0,0,blocked,0,roce,0,4000,1000,0,0,0,0,equal_remainder_last,ring_next,1,10,1,0,0,10000,24,,roce,,2
338608,0,4,92,0,0,2,inbound_arrival,10,1000,0,ring_allreduce,4,40000,0,reduce_scatter,3,20000,10000,1000,1000,50000000,10000,0,0,5000,0,0,0,6000,0,0,blocked,0,roce,0,5000,1000,0,0,0,0,equal_remainder_last,ring_next,1,10,1,0,0,10000,24,,roce,,2
346608,0,4,95,0,0,2,inbound_arrival,10,1000,0,ring_allreduce,4,40000,0,reduce_scatter,3,20000,10000,1000,1000,50000000,10000,0,0,6000,0,0,0,7000,0,0,blocked,0,roce,0,6000,1000,0,0,0,0,equal_remainder_last,ring_next,1,10,1,0,0,10000,24,,roce,,2
354608,0,4,98,0,0,2,inbound_arrival,10,1000,0,ring_allreduce,4,40000,0,reduce_scatter,3,20000,10000,1000,1000,50000000,10000,0,0,7000,0,0,0,8000,0,0,blocked,0,roce,0,7000,1000,0,0,0,0,equal_remainder_last,ring_next,1,10,1,0,0,10000,24,,roce,,2
362608,0,4,101,0,0,2,inbound_arrival,10,1000,0,ring_allreduce,4,40000,0,reduce_scatter,3,20000,10000,1000,1000,50000000,10000,0,0,8000,0,0,0,9000,0,0,blocked,0,roce,0,8000,1000,0,0,0,0,equal_remainder_last,ring_next,1,10,1,0,0,10000,24,,roce,,2
370608,0,4,104,0,0,2,inbound_arrival,10,1000,0,ring_allreduce,4,40000,0,reduce_scatter,3,20000,10000,1000,1000,50000000,10000,0,0,9000,0,0,1,10000,0,0,blocked,0,roce,0,9000,1000,0,0,0,0,equal_remainder_last,ring_next,1,10,1,0,0,10000,24,,roce,,2
373168,0,12,116,0,3,11,local_completion,10,0,0,ring_allreduce,4,40000,3,reduce_scatter,3,10000,10000,1000,1000,50000000,10000,0,0,0,0,1,0,0,0,0,blocked,0,roce,0,0,0,10000,330608,42560,0,equal_remainder_last,ring_next,10,7,1,0,1,10000,24,,roce,,0
1056000,0,12,119,0,3,27,inbound_arrival,24,0,0,,2,0,1,,0,0,0,1000,1000,50000000,10000,0,0,3000,0,0,0,3000,0,0,blocked,0,compute,7000,0,1000,0,0,0,0,,,25,24,1,0,0,10000,2,,roce,,3
1064000,0,12,122,0,3,27,inbound_arrival,24,0,0,,2,0,1,,0,0,0,1000,1000,50000000,10000,0,0,3000,0,0,0,3000,0,0,blocked,0,compute,7000,1000,1000,0,0,0,0,,,25,24,1,0,0,10000,2,,roce,,3
1072000,0,12,125,0,3,27,inbound_arrival,24,0,0,,2,0,1,,0,0,0,1000,1000,50000000,10000,0,0,3000,0,0,0,3000,0,0,blocked,0,compute,7000,2000,1000,0,0,0,0,,,25,24,1,0,0,10000,2,,roce,,3
1080000,0,12,128,0,3,27,inbound_arrival,24,1000,0,,2,0,1,,0,0,0,1000,1000,50000000,10000,0,0,3000,0,0,0,4000,0,0,blocked,0,compute,7000,3000,1000,0,0,0,0,,,25,24,1,0,0,10000,2,,roce,,3
1088000,0,12,131,0,3,27,inbound_arrival,24,1000,0,,2,0,1,,0,0,0,1000,1000,50000000,10000,0,0,4000,0,0,0,5000,0,0,blocked,0,compute,7000,4000,1000,0,0,0,0,,,25,24,1,0,0,10000,2,,roce,,3
1096000,0,12,134,0,3,27,inbound_arrival,24,1000,0,,2,0,1,,0,0,0,1000,1000,50000000,10000,0,0,5000,0,0,0,6000,0,0,blocked,0,compute,7000,5000,1000,0,0,0,0,,,25,24,1,0,0,10000,2,,roce,,3
1104000,0,12,137,0,3,27,inbound_arrival,24,1000,0,,2,0,1,,0,0,0,1000,1000,50000000,10000,0,0,6000,0,0,0,7000,0,0,blocked,0,compute,7000,6000,1000,0,0,0,0,,,25,24,1,0,0,10000,2,,roce,,3
1112000,0,12,140,0,3,27,inbound_arrival,24,1000,0,,2,0,1,,0,0,0,1000,1000,50000000,10000,0,0,7000,0,0,0,8000,0,0,blocked,0,compute,7000,7000,1000,0,0,0,0,,,25,24,1,0,0,10000,2,,roce,,3
1120000,0,12,143,0,3,27,inbound_arrival,24,1000,0,,2,0,1,,0,0,0,1000,1000,50000000,10000,0,0,8000,0,0,0,9000,0,0,blocked,0,compute,7000,8000,1000,0,0,0,0,,,25,24,1,0,0,10000,2,,roce,,3
1128000,0,12,146,0,3,27,inbound_arrival,24,1000,0,,2,0,1,,0,0,0,1000,1000,50000000,10000,0,0,9000,0,0,1,10000,0,0,blocked,0,compute,7000,9000,1000,0,0,0,0,,,25,24,1,0,0,10000,2,,roce,,3
1130560,0,4,134,0,0,26,local_completion,24,0,0,,2,0,0,,0,0,0,1000,1000,50000000,10000,0,0,3000,0,1,0,3000,0,0,blocked,0,compute,7000,0,0,10000,1088000,42560,0,,,24,25,1,0,1,10000,2,,roce,,0
1144000,0,9,47,0,2,4,inbound_arrival,0,0,0,ring_allreduce,4,40000,1,reduce_scatter,2,0,10000,1000,1000,50000000,10000,0,0,3000,0,0,0,3000,0,0,blocked,0,roce,0,1000,1000,0,0,0,0,equal_remainder_last,ring_next,3,0,1,0,0,10000,24,,roce,,1
1152000,0,9,50,0,2,4,inbound_arrival,0,0,0,ring_allreduce,4,40000,1,reduce_scatter,2,0,10000,1000,1000,50000000,10000,0,0,3000,0,0,0,3000,0,0,blocked,0,roce,0,2000,1000,0,0,0,0,equal_remainder_last,ring_next,3,0,1,0,0,10000,24,,roce,,1
1160000,0,9,53,0,2,4,inbound_arrival,0,1000,0,ring_allreduce,4,40000,1,reduce_scatter,2,0,10000,1000,1000,50000000,10000,0,0,3000,0,0,0,4000,0,0,blocked,0,roce,0,3000,1000,0,0,0,0,equal_remainder_last,ring_next,3,0,1,0,0,10000,24,,roce,,1
1168000,0,9,56,0,2,4,inbound_arrival,0,1000,0,ring_allreduce,4,40000,1,reduce_scatter,2,0,10000,1000,1000,50000000,10000,0,0,4000,0,0,0,5000,0,0,blocked,0,roce,0,4000,1000,0,0,0,0,equal_remainder_last,ring_next,3,0,1,0,0,10000,24,,roce,,1
1176000,0,9,59,0,2,4,inbound_arrival,0,1000,0,ring_allreduce,4,40000,1,reduce_scatter,2,0,10000,1000,1000,50000000,10000,0,0,5000,0,0,0,6000,0,0,blocked,0,roce,0,5000,1000,0,0,0,0,equal_remainder_last,ring_next,3,0,1,0,0,10000,24,,roce,,1
1184000,0,9,62,0,2,4,inbound_arrival,0,1000,0,ring_allreduce,4,40000,1,reduce_scatter,2,0,10000,1000,1000,50000000,10000,0,0,6000,0,0,0,7000,0,0,blocked,0,roce,0,6000,1000,0,0,0,0,equal_remainder_last,ring_next,3,0,1,0,0,10000,24,,roce,,1
1192000,0,9,65,0,2,4,inbound_arrival,0,1000,0,ring_allreduce,4,40000,1,reduce_scatter,2,0,10000,1000,1000,50000000,10000,0,0,7000,0,0,0,8000,0,0,blocked,0,roce,0,7000,1000,0,0,0,0,equal_remainder_last,ring_next,3,0,1,0,0,10000,24,,roce,,1
1208000,0,9,68,0,2,4,inbound_arrival,0,1000,0,ring_allreduce,4,40000,1,reduce_scatter,2,0,10000,1000,1000,50000000,10000,0,0,8000,0,0,0,9000,0,0,blocked,0,roce,0,8000,1000,0,0,0,0,equal_remainder_last,ring_next,3,0,1,0,0,10000,24,,roce,,1
1221048,0,6,47,0,1,7,local_completion,6,0,0,ring_allreduce,4,40000,2,reduce_scatter,2,10000,10000,1000,1000,50000000,10000,0,1,10000,1,1,1,10000,0,0,blocked,1221048,roce,0,0,0,10000,1176000,34048,0,equal_remainder_last,ring_next,6,3,1,0,1,10000,24,,roce,,3
1224000,0,9,71,0,2,4,inbound_arrival,0,1000,0,ring_allreduce,4,40000,1,reduce_scatter,2,0,10000,1000,1000,50000000,10000,0,0,9000,0,0,1,10000,0,0,blocked,0,roce,0,9000,1000,0,0,0,0,equal_remainder_last,ring_next,3,0,1,0,0,10000,24,,roce,,1
1225024,0,9,74,0,2,4,local_completion,3,0,0,ring_allreduce,4,40000,1,reduce_scatter,2,0,10000,1000,1000,50000000,10000,0,1,10000,1,1,1,10000,0,0,blocked,1225024,roce,0,0,0,10000,1171000,25536,0,equal_remainder_last,ring_next,3,0,1,0,1,10000,24,,roce,,1
1226048,0,4,161,0,0,1,local_completion,0,0,0,ring_allreduce,4,40000,0,reduce_scatter,2,30000,10000,1000,1000,50000000,10000,0,1,10000,1,1,1,10000,0,0,blocked,1226048,roce,0,0,0,10000,1176000,34048,0,equal_remainder_last,ring_next,0,9,1,0,1,10000,24,,roce,,2
1256024,0,6,53,0,1,8,inbound_arrival,4,1000,0,ring_allreduce,4,40000,2,reduce_scatter,3,0,10000,1000,1000,50000000,10000,0,0,0,0,0,0,1000,0,0,blocked,0,roce,0,0,1000,0,0,0,0,equal_remainder_last,ring_next,7,4,1,0,0,10000,24,,roce,,3
1264536,0,6,59,0,1,8,inbound_arrival,4,1000,0,ring_allreduce,4,40000,2,reduce_scatter,3,0,10000,1000,1000,50000000,10000,0,0,1000,0,0,0,2000,0,0,blocked,0,roce,0,1000,1000,0,0,0,0,equal_remainder_last,ring_next,7,4,1,0,0,10000,24,,roce,,3
1273048,0,6,65,0,1,8,inbound_arrival,4,1000,0,ring_allreduce,4,40000,2,reduce_scatter,3,0,10000,1000,1000,50000000,10000,0,0,2000,0,0,0,3000,0,0,blocked,0,roce,0,2000,1000,0,0,0,0,equal_remainder_last,ring_next,7,4,1,0,0,10000,24,,roce,,3
1274048,0,12,167,0,3,11,inbound_arrival,7,1000,0,ring_allreduce,4,40000,3,reduce_scatter,3,10000,10000,1000,1000,50000000,10000,1,0,0,0,1,0,1000,0,0,blocked,0,roce,0,0,1000,0,0,0,0,equal_remainder_last,ring_next,10,7,1,1,1,10000,24,,roce,,0
1281048,0,6,68,0,1,8,inbound_arrival,4,1000,0,ring_allreduce,4,40000,2,reduce_scatter,3,0,10000,1000,1000,50000000,10000,0,0,3000,0,0,0,4000,0,0,blocked,0,roce,0,3000,1000,0,0,0,0,equal_remainder_last,ring_next,7,4,1,0,0,10000,24,,roce,,3
1282048,0,9,86,0,2,5,inbound_arrival,1,1000,0,ring_allreduce,4,40000,1,reduce_scatter,3,30000,10000,1000,1000,50000000,10000,0,0,0,0,0,0,1000,0,0,blocked,0,roce,0,0,1000,0,0,0,0,equal_remainder_last,ring_next,4,1,1,0,0,10000,24,,roce,,1
1282048,0,12,170,0,3,11,inbound_arrival,7,1000,0,ring_allreduce,4,40000,3,reduce_scatter,3,10000,10000,1000,1000,50000000,10000,1,0,1000,0,1,0,2000,0,0,blocked,0,roce,0,1000,1000,0,0,0,0,equal_remainder_last,ring_next,10,7,1,1,1,10000,24,,roce,,0
1297048,0,4,164,0,0,26,inbound_arrival,25,1000,0,,2,0,0,,0,0,0,1000,1000,50000000,10000,1,0,3000,0,1,0,4000,0,0,blocked,0,compute,7000,3000,1000,0,0,0,0,,,24,25,1,1,1,10000,2,,roce,,0
1297560,0,6,74,0,1,8,inbound_arrival,4,1000,0,ring_allreduce,4,40000,2,reduce_scatter,3,0,10000,1000,1000,50000000,10000,0,0,4000,0,0,0,5000,0,0,blocked,0,roce,0,4000,1000,0,0,0,0,equal_remainder_last,ring_next,7,4,1,0,0,10000,24,,roce,,3
1298048,0,9,89,0,2,5,inbound_arrival,1,1000,0,ring_allreduce,4,40000,1,reduce_scatter,3,30000,10000,1000,1000,50000000,10000,0,0,1000,0,0,0,2000,0,0,blocked,0,roce,0,1000,1000,0,0,0,0,equal_remainder_last,ring_next,4,1,1,0,0,10000,24,,roce,,1
1298048,0,12,173,0,3,11,inbound_arrival,7,1000,0,ring_allreduce,4,40000,3,reduce_scatter,3,10000,10000,1000,1000,50000000,10000,1,0,2000,0,1,0,3000,0,0,blocked,0,roce,0,2000,1000,0,0,0,0,equal_remainder_last,ring_next,10,7,1,1,1,10000,24,,roce,,0
1313560,0,4,167,0,0,26,inbound_arrival,25,1000,0,,2,0,0,,0,0,0,1000,1000,50000000,10000,1,0,4000,0,1,0,5000,0,0,blocked,0,compute,7000,4000,1000,0,0,0,0,,,24,25,1,1,1,10000,2,,roce,,0
1314048,0,12,176,0,3,11,inbound_arrival,7,1000,0,ring_allreduce,4,40000,3,reduce_scatter,3,10000,10000,1000,1000,50000000,10000,1,0,3000,0,1,0,4000,0,0,blocked,0,roce,0,3000,1000,0,0,0,0,equal_remainder_last,ring_next,10,7,1,1,1,10000,24,,roce,,0
1314072,0,6,80,0,1,8,inbound_arrival,4,1000,0,ring_allreduce,4,40000,2,reduce_scatter,3,0,10000,1000,1000,50000000,10000,0,0,5000,0,0,0,6000,0,0,blocked,0,roce,0,5000,1000,0,0,0,0,equal_remainder_last,ring_next,7,4,1,0,0,10000,24,,roce,,3
1314560,0,9,95,0,2,5,inbound_arrival,1,1000,0,ring_allreduce,4,40000,1,reduce_scatter,3,30000,10000,1000,1000,50000000,10000,0,0,2000,0,0,0,3000,0,0,blocked,0,roce,0,2000,1000,0,0,0,0,equal_remainder_last,ring_next,4,1,1,0,0,10000,24,,roce,,1
1330072,0,4,170,0,0,26,inbound_arrival,25,1000,0,,2,0,0,,0,0,0,1000,1000,50000000,10000,1,0,5000,0,1,0,6000,0,0,blocked,0,compute,7000,5000,1000,0,0,0,0,,,24,25,1,1,1,10000,2,,roce,,0
1330560,0,12,179,0,3,11,inbound_arrival,7,1000,0,ring_allreduce,4,40000,3,reduce_scatter,3,10000,10000,1000,1000,50000000,10000,1,0,4000,0,1,0,5000,0,0,blocked,0,roce,0,4000,1000,0,0,0,0,equal_remainder_last,ring_next,10,7,1,1,1,10000,24,,roce,,0
1330584,0,6,86,0,1,8,inbound_arrival,4,1000,0,ring_allreduce,4,40000,2,reduce_scatter,3,0,10000,1000,1000,50000000,10000,0,0,6000,0,0,0,7000,0,0,blocked,0,roce,0,6000,1000,0,0,0,0,equal_remainder_last,ring_next,7,4,1,0,0,10000,24,,roce,,3
1331072,0,9,101,0,2,5,inbound_arrival,1,1000,0,ring_allreduce,4,40000,1,reduce_scatter,3,30000,10000,1000,1000,50000000,10000,0,0,3000,0,0,0,4000,0,0,blocked,0,roce,0,3000,1000,0,0,0,0,equal_remainder_last,ring_next,4,1,1,0,0,10000,24,,roce,,1
1347072,0,12,182,0,3,11,inbound_arrival,7,1000,0,ring_allreduce,4,40000,3,reduce_scatter,3,10000,10000,1000,1000,50000000,10000,1,0,5000,0,1,0,6000,0,0,blocked,0,roce,0,5000,1000,0,0,0,0,equal_remainder_last,ring_next,10,7,1,1,1,10000,24,,roce,,0
1347096,0,4,176,0,0,26,inbound_arrival,25,1000,0,,2,0,0,,0,0,0,1000,1000,50000000,10000,1,0,6000,0,1,0,7000,0,0,blocked,0,compute,7000,6000,1000,0,0,0,0,,,24,25,1,1,1,10000,2,,roce,,0
1355072,0,12,185,0,3,11,inbound_arrival,7,1000,0,ring_allreduce,4,40000,3,reduce_scatter,3,10000,10000,1000,1000,50000000,10000,1,0,6000,0,1,0,7000,0,0,blocked,0,roce,0,6000,1000,0,0,0,0,equal_remainder_last,ring_next,10,7,1,1,1,10000,24,,roce,,0
1355608,0,4,179,0,0,26,inbound_arrival,25,1000,0,,2,0,0,,0,0,0,1000,1000,50000000,10000,1,0,7000,0,1,0,8000,0,0,blocked,0,compute,7000,7000,1000,0,0,0,0,,,24,25,1,1,1,10000,2,,roce,,0
1355608,0,6,92,0,1,8,inbound_arrival,4,0,0,ring_allreduce,4,40000,2,reduce_scatter,3,0,10000,1000,1000,50000000,10000,0,0,7000,0,0,0,7000,0,0,blocked,0,roce,0,8000,1000,0,0,0,0,equal_remainder_last,ring_next,7,4,1,0,0,10000,24,,roce,,3
1363072,0,12,188,0,3,11,inbound_arrival,7,1000,0,ring_allreduce,4,40000,3,reduce_scatter,3,10000,10000,1000,1000,50000000,10000,1,0,7000,0,1,0,8000,0,0,blocked,0,roce,0,7000,1000,0,0,0,0,equal_remainder_last,ring_next,10,7,1,1,1,10000,24,,roce,,0
1371072,0,12,191,0,3,11,inbound_arrival,7,1000,0,ring_allreduce,4,40000,3,reduce_scatter,3,10000,10000,1000,1000,50000000,10000,1,0,8000,0,1,0,9000,0,0,blocked,0,roce,0,8000,1000,0,0,0,0,equal_remainder_last,ring_next,10,7,1,1,1,10000,24,,roce,,0
1371608,0,4,182,0,0,26,inbound_arrival,25,1000,0,,2,0,0,,0,0,0,1000,1000,50000000,10000,1,0,8000,0,1,0,9000,0,0,blocked,0,compute,7000,8000,1000,0,0,0,0,,,24,25,1,1,1,10000,2,,roce,,0
1379584,0,12,194,0,3,11,inbound_arrival,7,1000,0,ring_allreduce,4,40000,3,reduce_scatter,3,10000,10000,1000,1000,50000000,10000,1,0,9000,1,1,1,10000,0,0,blocked,1379584,roce,0,9000,1000,0,0,0,0,equal_remainder_last,ring_next,10,7,1,1,1,10000,24,,roce,,0
1380096,0,9,110,0,2,5,inbound_arrival,1,0,0,ring_allreduce,4,40000,1,reduce_scatter,3,30000,10000,1000,1000,50000000,10000,0,0,4000,0,0,0,4000,0,0,blocked,0,roce,0,9000,1000,0,0,0,0,equal_remainder_last,ring_next,4,1,1,0,0,10000,24,,roce,,1
1380120,0,4,188,0,0,26,inbound_arrival,25,1000,0,,2,0,0,,0,0,0,1000,1000,50000000,10000,1,0,9000,1,1,1,10000,0,0,scheduled,1387120,compute,7000,9000,1000,0,0,0,0,,,24,25,1,1,1,10000,2,,roce,,0
1382680,0,12,212,0,3,27,local_completion,25,0,0,,2,0,1,,0,0,0,1000,1000,50000000,10000,0,1,10000,1,1,1,10000,0,0,scheduled,1389680,compute,7000,0,0,10000,1300000,42560,0,,,25,24,1,0,1,10000,2,,roce,,3
1383168,0,6,119,0,1,8,local_completion,7,0,0,ring_allreduce,4,40000,2,reduce_scatter,3,0,10000,1000,1000,50000000,10000,0,0,7000,0,1,0,7000,0,0,blocked,0,roce,0,0,0,10000,1300048,34048,0,equal_remainder_last,ring_next,7,4,1,0,1,10000,24,,roce,,3
1414024,0,6,122,0,1,8,inbound_arrival,4,1000,0,ring_allreduce,4,40000,2,reduce_scatter,3,0,10000,1000,1000,50000000,10000,1,0,7000,0,1,0,8000,0,0,blocked,0,roce,0,7000,1000,0,0,0,0,equal_remainder_last,ring_next,7,4,1,1,1,10000,24,,roce,,3
1424048,0,9,122,0,2,5,inbound_arrival,1,1000,0,ring_allreduce,4,40000,1,reduce_scatter,3,30000,10000,1000,1000,50000000,10000,0,0,4000,0,0,0,5000,0,0,blocked,0,roce,0,4000,1000,0,0,0,0,equal_remainder_last,ring_next,4,1,1,0,0,10000,24,,roce,,1
1430024,0,4,203,0,0,12,inbound_arrival,11,1000,0,ring_allreduce,4,40000,0,allgather,1,10000,10000,1000,1000,50000000,10000,0,0,0,0,0,0,1000,0,0,blocked,0,roce,0,0,1000,0,0,0,0,equal_remainder_last,ring_next,2,11,1,0,0,10000,24,,roce,,2
1430024,0,6,125,0,1,8,inbound_arrival,4,1000,0,ring_allreduce,4,40000,2,reduce_scatter,3,0,10000,1000,1000,50000000,10000,1,0,8000,0,1,0,9000,0,0,blocked,0,roce,0,8000,1000,0,0,0,0,equal_remainder_last,ring_next,7,4,1,1,1,10000,24,,roce,,3
1432560,0,9,128,0,2,5,inbound_arrival,1,1000,0,ring_allreduce,4,40000,1,reduce_scatter,3,30000,10000,1000,1000,50000000,10000,0,0,5000,0,0,0,6000,0,0,blocked,0,roce,0,5000,1000,0,0,0,0,equal_remainder_last,ring_next,4,1,1,0,0,10000,24,,roce,,1
1440560,0,9,131,0,2,5,inbound_arrival,1,1000,0,ring_allreduce,4,40000,1,reduce_scatter,3,30000,10000,1000,1000,50000000,10000,0,0,6000,0,0,0,7000,0,0,blocked,0,roce,0,6000,1000,0,0,0,0,equal_remainder_last,ring_next,4,1,1,0,0,10000,24,,roce,,1
1446024,0,4,206,0,0,12,inbound_arrival,11,1000,0,ring_allreduce,4,40000,0,allgather,1,10000,10000,1000,1000,50000000,10000,0,0,1000,0,0,0,2000,0,0,blocked,0,roce,0,1000,1000,0,0,0,0,equal_remainder_last,ring_next,2,11,1,0,0,10000,24,,roce,,2
1446024,0,6,128,0,1,8,inbound_arrival,4,1000,0,ring_allreduce,4,40000,2,reduce_scatter,3,0,10000,1000,1000,50000000,10000,1,0,9000,1,1,1,10000,0,0,blocked,1446024,roce,0,9000,1000,0,0,0,0,equal_remainder_last,ring_next,7,4,1,1,1,10000,24,,roce,,3
1449072,0,9,137,0,2,5,inbound_arrival,1,1000,0,ring_allreduce,4,40000,1,reduce_scatter,3,30000,10000,1000,1000,50000000,10000,0,0,7000,0,0,0,8000,0,0,blocked,0,roce,0,7000,1000,0,0,0,0,equal_remainder_last,ring_next,4,1,1,0,0,10000,24,,roce,,1
1457072,0,9,140,0,2,5,inbound_arrival,1,1000,0,ring_allreduce,4,40000,1,reduce_scatter,3,30000,10000,1000,1000,50000000,10000,0,0,8000,0,0,0,9000,0,0,blocked,0,roce,0,8000,1000,0,0,0,0,equal_remainder_last,ring_next,4,1,1,0,0,10000,24,,roce,,1
1457584,0,9,143,0,2,5,local_completion,4,0,0,ring_allreduce,4,40000,1,reduce_scatter,3,30000,10000,1000,1000,50000000,10000,0,0,9000,0,1,0,9000,0,0,blocked,0,roce,0,0,0,10000,1406024,25536,0,equal_remainder_last,ring_next,4,1,1,0,1,10000,24,,roce,,1
1462024,0,4,209,0,0,12,inbound_arrival,11,1000,0,ring_allreduce,4,40000,0,allgather,1,10000,10000,1000,1000,50000000,10000,0,0,2000,0,0,0,3000,0,0,blocked,0,roce,0,2000,1000,0,0,0,0,equal_remainder_last,ring_next,2,11,1,0,0,10000,24,,roce,,2
1466096,0,9,146,0,2,5,inbound_arrival,1,1000,0,ring_allreduce,4,40000,1,reduce_scatter,3,30000,10000,1000,1000,50000000,10000,1,0,9000,1,1,1,10000,0,0,blocked,1466096,roce,0,9000,1000,0,0,0,0,equal_remainder_last,ring_next,4,1,1,1,1,10000,24,,roce,,1
1470536,0,4,215,0,0,12,inbound_arrival,11,1000,0,ring_allreduce,4,40000,0,allgather,1,10000,10000,1000,1000,50000000,10000,0,0,3000,0,0,0,4000,0,0,blocked,0,roce,0,3000,1000,0,0,0,0,equal_remainder_last,ring_next,2,11,1,0,0,10000,24,,roce,,2
1479048,0,4,221,0,0,12,inbound_arrival,11,1000,0,ring_allreduce,4,40000,0,allgather,1,10000,10000,1000,1000,50000000,10000,0,0,4000,0,0,0,5000,0,0,blocked,0,roce,0,4000,1000,0,0,0,0,equal_remainder_last,ring_next,2,11,1,0,0,10000,24,,roce,,2
1485024,0,12,221,0,3,21,inbound_arrival,8,1000,0,ring_allreduce,4,40000,3,allgather,1,0,10000,1000,1000,50000000,10000,0,0,0,0,0,0,1000,0,0,blocked,0,roce,0,0,1000,0,0,0,0,equal_remainder_last,ring_next,11,8,1,0,0,10000,24,,roce,,0
1487560,0,4,227,0,0,12,inbound_arrival,11,1000,0,ring_allreduce,4,40000,0,allgather,1,10000,10000,1000,1000,50000000,10000,0,0,5000,0,0,0,6000,0,0,blocked,0,roce,0,5000,1000,0,0,0,0,equal_remainder_last,ring_next,2,11,1,0,0,10000,24,,roce,,2
1493536,0,12,227,0,3,21,inbound_arrival,8,1000,0,ring_allreduce,4,40000,3,allgather,1,0,10000,1000,1000,50000000,10000,0,0,1000,0,0,0,2000,0,0,blocked,0,roce,0,1000,1000,0,0,0,0,equal_remainder_last,ring_next,11,8,1,0,0,10000,24,,roce,,0
1496072,0,4,233,0,0,12,inbound_arrival,11,1000,0,ring_allreduce,4,40000,0,allgather,1,10000,10000,1000,1000,50000000,10000,0,0,6000,0,0,0,7000,0,0,blocked,0,roce,0,6000,1000,0,0,0,0,equal_remainder_last,ring_next,2,11,1,0,0,10000,24,,roce,,2
1502048,0,12,233,0,3,21,inbound_arrival,8,1000,0,ring_allreduce,4,40000,3,allgather,1,0,10000,1000,1000,50000000,10000,0,0,2000,0,0,0,3000,0,0,blocked,0,roce,0,2000,1000,0,0,0,0,equal_remainder_last,ring_next,11,8,1,0,0,10000,24,,roce,,0
1504584,0,4,239,0,0,12,inbound_arrival,11,1000,0,ring_allreduce,4,40000,0,allgather,1,10000,10000,1000,1000,50000000,10000,0,0,7000,0,0,0,8000,0,0,blocked,0,roce,0,7000,1000,0,0,0,0,equal_remainder_last,ring_next,2,11,1,0,0,10000,24,,roce,,2
1510560,0,12,239,0,3,21,inbound_arrival,8,1000,0,ring_allreduce,4,40000,3,allgather,1,0,10000,1000,1000,50000000,10000,0,0,3000,0,0,0,4000,0,0,blocked,0,roce,0,3000,1000,0,0,0,0,equal_remainder_last,ring_next,11,8,1,0,0,10000,24,,roce,,0
1512584,0,4,242,0,0,12,inbound_arrival,11,1000,0,ring_allreduce,4,40000,0,allgather,1,10000,10000,1000,1000,50000000,10000,0,0,8000,0,0,0,9000,0,0,blocked,0,roce,0,8000,1000,0,0,0,0,equal_remainder_last,ring_next,2,11,1,0,0,10000,24,,roce,,2
1513096,0,4,245,0,0,2,local_completion,1,0,0,ring_allreduce,4,40000,0,reduce_scatter,3,20000,10000,1000,1000,50000000,10000,0,1,10000,1,1,1,10000,0,0,blocked,1513096,roce,0,0,0,10000,1432048,34048,0,equal_remainder_last,ring_next,1,10,1,0,1,10000,24,,roce,,2
1519072,0,12,245,0,3,21,inbound_arrival,8,1000,0,ring_allreduce,4,40000,3,allgather,1,0,10000,1000,1000,50000000,10000,0,0,4000,0,0,0,5000,0,0,blocked,0,roce,0,4000,1000,0,0,0,0,equal_remainder_last,ring_next,11,8,1,0,0,10000,24,,roce,,0
1521096,0,4,248,0,0,12,inbound_arrival,11,1000,0,ring_allreduce,4,40000,0,allgather,1,10000,10000,1000,1000,50000000,10000,0,0,9000,0,0,1,10000,0,0,blocked,0,roce,0,9000,1000,0,0,0,0,equal_remainder_last,ring_next,2,11,1,0,0,10000,24,,roce,,2
1521096,0,6,131,0,1,18,inbound_arrival,5,1000,0,ring_allreduce,4,40000,2,allgather,1,30000,10000,1000,1000,50000000,10000,0,0,0,0,0,0,1000,0,0,blocked,0,roce,0,0,1000,0,0,0,0,equal_remainder_last,ring_next,8,5,1,0,0,10000,24,,roce,,3
1527584,0,12,251,0,3,21,inbound_arrival,8,1000,0,ring_allreduce,4,40000,3,allgather,1,0,10000,1000,1000,50000000,10000,0,0,5000,0,0,0,6000,0,0,blocked,0,roce,0,5000,1000,0,0,0,0,equal_remainder_last,ring_next,11,8,1,0,0,10000,24,,roce,,0
1529608,0,6,137,0,1,18,inbound_arrival,5,1000,0,ring_allreduce,4,40000,2,allgather,1,30000,10000,1000,1000,50000000,10000,0,0,1000,0,0,0,2000,0,0,blocked,0,roce,0,1000,1000,0,0,0,0,equal_remainder_last,ring_next,8,5,1,0,0,10000,24,,roce,,3
1536096,0,12,257,0,3,21,inbound_arrival,8,1000,0,ring_allreduce,4,40000,3,allgather,1,0,10000,1000,1000,50000000,10000,0,0,6000,0,0,0,7000,0,0,blocked,0,roce,0,6000,1000,0,0,0,0,equal_remainder_last,ring_next,11,8,1,0,0,10000,24,,roce,,0
1538120,0,6,143,0,1,18,inbound_arrival,5,1000,0,ring_allreduce,4,40000,2,allgather,1,30000,10000,1000,1000,50000000,10000,0,0,2000,0,0,0,3000,0,0,blocked,0,roce,0,2000,1000,0,0,0,0,equal_remainder_last,ring_next,8,5,1,0,0,10000,24,,roce,,3
1544608,0,12,263,0,3,21,inbound_arrival,8,1000,0,ring_allreduce,4,40000,3,allgather,1,0,10000,1000,1000,50000000,10000,0,0,7000,0,0,0,8000,0,0,blocked,0,roce,0,7000,1000,0,0,0,0,equal_remainder_last,ring_next,11,8,1,0,0,10000,24,,roce,,0
1546632,0,6,149,0,1,18,inbound_arrival,5,1000,0,ring_allreduce,4,40000,2,allgather,1,30000,10000,1000,1000,50000000,10000,0,0,3000,0,0,0,4000,0,0,blocked,0,roce,0,3000,1000,0,0,0,0,equal_remainder_last,ring_next,8,5,1,0,0,10000,24,,roce,,3
1552608,0,12,266,0,3,21,inbound_arrival,8,1000,0,ring_allreduce,4,40000,3,allgather,1,0,10000,1000,1000,50000000,10000,0,0,8000,0,0,0,9000,0,0,blocked,0,roce,0,8000,1000,0,0,0,0,equal_remainder_last,ring_next,11,8,1,0,0,10000,24,,roce,,0
1555144,0,6,155,0,1,18,inbound_arrival,5,1000,0,ring_allreduce,4,40000,2,allgather,1,30000,10000,1000,1000,50000000,10000,0,0,4000,0,0,0,5000,0,0,blocked,0,roce,0,4000,1000,0,0,0,0,equal_remainder_last,ring_next,8,5,1,0,0,10000,24,,roce,,3
1561120,0,12,269,0,3,21,inbound_arrival,8,1000,0,ring_allreduce,4,40000,3,allgather,1,0,10000,1000,1000,50000000,10000,0,0,9000,0,0,1,10000,0,0,blocked,0,roce,0,9000,1000,0,0,0,0,equal_remainder_last,ring_next,11,8,1,0,0,10000,24,,roce,,0
1561632,0,9,155,0,2,15,inbound_arrival,2,1000,0,ring_allreduce,4,40000,1,allgather,1,20000,10000,1000,1000,50000000,10000,0,0,0,0,0,0,1000,0,0,blocked,0,roce,0,0,1000,0,0,0,0,equal_remainder_last,ring_next,5,2,1,0,0,10000,24,,roce,,1
1561632,0,12,272,0,3,21,local_completion,11,0,0,ring_allreduce,4,40000,3,allgather,1,0,10000,1000,1000,50000000,10000,0,1,10000,1,1,1,10000,0,0,blocked,1561632,roce,0,0,0,10000,1458584,42560,0,equal_remainder_last,ring_next,11,8,1,0,1,10000,24,,roce,,0
1563656,0,6,161,0,1,18,inbound_arrival,5,1000,0,ring_allreduce,4,40000,2,allgather,1,30000,10000,1000,1000,50000000,10000,0,0,5000,0,0,0,6000,0,0,blocked,0,roce,0,5000,1000,0,0,0,0,equal_remainder_last,ring_next,8,5,1,0,0,10000,24,,roce,,3
1570656,0,9,161,0,2,15,inbound_arrival,2,1000,0,ring_allreduce,4,40000,1,allgather,1,20000,10000,1000,1000,50000000,10000,0,0,1000,0,0,0,2000,0,0,blocked,0,roce,0,1000,1000,0,0,0,0,equal_remainder_last,ring_next,5,2,1,0,0,10000,24,,roce,,1
1572168,0,6,167,0,1,18,inbound_arrival,5,1000,0,ring_allreduce,4,40000,2,allgather,1,30000,10000,1000,1000,50000000,10000,0,0,6000,0,0,0,7000,0,0,blocked,0,roce,0,6000,1000,0,0,0,0,equal_remainder_last,ring_next,8,5,1,0,0,10000,24,,roce,,3
1579168,0,9,167,0,2,15,inbound_arrival,2,1000,0,ring_allreduce,4,40000,1,allgather,1,20000,10000,1000,1000,50000000,10000,0,0,2000,0,0,0,3000,0,0,blocked,0,roce,0,2000,1000,0,0,0,0,equal_remainder_last,ring_next,5,2,1,0,0,10000,24,,roce,,1
1580168,0,6,170,0,1,18,inbound_arrival,5,1000,0,ring_allreduce,4,40000,2,allgather,1,30000,10000,1000,1000,50000000,10000,0,0,7000,0,0,0,8000,0,0,blocked,0,roce,0,7000,1000,0,0,0,0,equal_remainder_last,ring_next,8,5,1,0,0,10000,24,,roce,,3
1588192,0,9,176,0,2,15,inbound_arrival,2,1000,0,ring_allreduce,4,40000,1,allgather,1,20000,10000,1000,1000,50000000,10000,0,0,3000,0,0,0,4000,0,0,blocked,0,roce,0,3000,1000,0,0,0,0,equal_remainder_last,ring_next,5,2,1,0,0,10000,24,,roce,,1
1588680,0,6,176,0,1,18,inbound_arrival,5,1000,0,ring_allreduce,4,40000,2,allgather,1,30000,10000,1000,1000,50000000,10000,0,0,8000,0,0,0,9000,0,0,blocked,0,roce,0,8000,1000,0,0,0,0,equal_remainder_last,ring_next,8,5,1,0,0,10000,24,,roce,,3
1596704,0,9,182,0,2,15,inbound_arrival,2,1000,0,ring_allreduce,4,40000,1,allgather,1,20000,10000,1000,1000,50000000,10000,0,0,4000,0,0,0,5000,0,0,blocked,0,roce,0,4000,1000,0,0,0,0,equal_remainder_last,ring_next,5,2,1,0,0,10000,24,,roce,,1
1597192,0,6,182,0,1,18,inbound_arrival,5,1000,0,ring_allreduce,4,40000,2,allgather,1,30000,10000,1000,1000,50000000,10000,0,0,9000,0,0,1,10000,0,0,blocked,0,roce,0,9000,1000,0,0,0,0,equal_remainder_last,ring_next,8,5,1,0,0,10000,24,,roce,,3
1598216,0,6,188,0,1,18,local_completion,8,0,0,ring_allreduce,4,40000,2,allgather,1,30000,10000,1000,1000,50000000,10000,0,1,10000,1,1,1,10000,0,0,blocked,1598216,roce,0,0,0,10000,1525024,34048,0,equal_remainder_last,ring_next,8,5,1,0,1,10000,24,,roce,,3
1605728,0,9,191,0,2,15,inbound_arrival,2,1000,0,ring_allreduce,4,40000,1,allgather,1,20000,10000,1000,1000,50000000,10000,0,0,5000,0,0,0,6000,0,0,blocked,0,roce,0,5000,1000,0,0,0,0,equal_remainder_last,ring_next,5,2,1,0,0,10000,24,,roce,,1
1614240,0,9,197,0,2,15,inbound_arrival,2,1000,0,ring_allreduce,4,40000,1,allgather,1,20000,10000,1000,1000,50000000,10000,0,0,6000,0,0,0,7000,0,0,blocked,0,roce,0,6000,1000,0,0,0,0,equal_remainder_last,ring_next,5,2,1,0,0,10000,24,,roce,,1
1615752,0,4,260,0,0,13,inbound_arrival,21,1000,0,ring_allreduce,4,40000,0,allgather,2,0,10000,1000,1000,50000000,10000,0,0,0,0,0,0,1000,0,0,blocked,0,roce,0,0,1000,0,0,0,0,equal_remainder_last,ring_next,12,21,1,0,0,10000,24,,roce,,2
1622752,0,9,203,0,2,15,inbound_arrival,2,1000,0,ring_allreduce,4,40000,1,allgather,1,20000,10000,1000,1000,50000000,10000,0,0,7000,0,0,0,8000,0,0,blocked,0,roce,0,7000,1000,0,0,0,0,equal_remainder_last,ring_next,5,2,1,0,0,10000,24,,roce,,1
1623264,0,9,206,0,2,15,local_completion,5,0,0,ring_allreduce,4,40000,1,allgather,1,20000,10000,1000,1000,50000000,10000,0,0,8000,0,1,0,8000,0,0,blocked,0,roce,0,0,0,10000,1545096,25536,0,equal_remainder_last,ring_next,5,2,1,0,1,10000,24,,roce,,1
1624264,0,4,266,0,0,13,inbound_arrival,21,1000,0,ring_allreduce,4,40000,0,allgather,2,0,10000,1000,1000,50000000,10000,0,0,1000,0,0,0,2000,0,0,blocked,0,roce,0,1000,1000,0,0,0,0,equal_remainder_last,ring_next,12,21,1,0,0,10000,24,,roce,,2
1631264,0,9,209,0,2,15,inbound_arrival,2,1000,0,ring_allreduce,4,40000,1,allgather,1,20000,10000,1000,1000,50000000,10000,1,0,8000,0,1,0,9000,0,0,blocked,0,roce,0,8000,1000,0,0,0,0,equal_remainder_last,ring_next,5,2,1,1,1,10000,24,,roce,,1
1632776,0,4,272,0,0,13,inbound_arrival,21,1000,0,ring_allreduce,4,40000,0,allgather,2,0,10000,1000,1000,50000000,10000,0,0,2000,0,0,0,3000,0,0,blocked,0,roce,0,2000,1000,0,0,0,0,equal_remainder_last,ring_next,12,21,1,0,0,10000,24,,roce,,2
1639264,0,9,212,0,2,15,inbound_arrival,2,1000,0,ring_allreduce,4,40000,1,allgather,1,20000,10000,1000,1000,50000000,10000,1,0,9000,1,1,1,10000,0,0,blocked,1639264,roce,0,9000,1000,0,0,0,0,equal_remainder_last,ring_next,5,2,1,1,1,10000,24,,roce,,1
1641288,0,4,278,0,0,13,inbound_arrival,21,1000,0,ring_allreduce,4,40000,0,allgather,2,0,10000,1000,1000,50000000,10000,0,0,3000,0,0,0,4000,0,0,blocked,0,roce,0,3000,1000,0,0,0,0,equal_remainder_last,ring_next,12,21,1,0,0,10000,24,,roce,,2
1649800,0,4,284,0,0,13,inbound_arrival,21,1000,0,ring_allreduce,4,40000,0,allgather,2,0,10000,1000,1000,50000000,10000,0,0,4000,0,0,0,5000,0,0,blocked,0,roce,0,4000,1000,0,0,0,0,equal_remainder_last,ring_next,12,21,1,0,0,10000,24,,roce,,2
1655264,0,12,275,0,3,22,inbound_arrival,18,1000,0,ring_allreduce,4,40000,3,allgather,2,30000,10000,1000,1000,50000000,10000,0,0,0,0,0,0,1000,0,0,blocked,0,roce,0,0,1000,0,0,0,0,equal_remainder_last,ring_next,21,18,1,0,0,10000,24,,roce,,0
1658312,0,4,290,0,0,13,inbound_arrival,21,1000,0,ring_allreduce,4,40000,0,allgather,2,0,10000,1000,1000,50000000,10000,0,0,5000,0,0,0,6000,0,0,blocked,0,roce,0,5000,1000,0,0,0,0,equal_remainder_last,ring_next,12,21,1,0,0,10000,24,,roce,,2
1663776,0,12,281,0,3,22,inbound_arrival,18,1000,0,ring_allreduce,4,40000,3,allgather,2,30000,10000,1000,1000,50000000,10000,0,0,1000,0,0,0,2000,0,0,blocked,0,roce,0,1000,1000,0,0,0,0,equal_remainder_last,ring_next,21,18,1,0,0,10000,24,,roce,,0
1666824,0,4,296,0,0,13,inbound_arrival,21,1000,0,ring_allreduce,4,40000,0,allgather,2,0,10000,1000,1000,50000000,10000,0,0,6000,0,0,0,7000,0,0,blocked,0,roce,0,6000,1000,0,0,0,0,equal_remainder_last,ring_next,12,21,1,0,0,10000,24,,roce,,2
1667336,0,4,299,0,0,12,local_completion,2,0,0,ring_allreduce,4,40000,0,allgather,1,10000,10000,1000,1000,50000000,10000,0,1,10000,1,1,1,10000,0,0,blocked,1667336,roce,0,0,0,10000,1592096,34048,0,equal_remainder_last,ring_next,2,11,1,0,1,10000,24,,roce,,2
1672288,0,12,287,0,3,22,inbound_arrival,18,1000,0,ring_allreduce,4,40000,3,allgather,2,30000,10000,1000,1000,50000000,10000,0,0,2000,0,0,0,3000,0,0,blocked,0,roce,0,2000,1000,0,0,0,0,equal_remainder_last,ring_next,21,18,1,0,0,10000,24,,roce,,0
1675336,0,4,302,0,0,13,inbound_arrival,21,1000,0,ring_allreduce,4,40000,0,allgather,2,0,10000,1000,1000,50000000,10000,0,0,7000,0,0,0,8000,0,0,blocked,0,roce,0,7000,1000,0,0,0,0,equal_remainder_last,ring_next,12,21,1,0,0,10000,24,,roce,,2
1680800,0,12,293,0,3,22,inbound_arrival,18,1000,0,ring_allreduce,4,40000,3,allgather,2,30000,10000,1000,1000,50000000,10000,0,0,3000,0,0,0,4000,0,0,blocked,0,roce,0,3000,1000,0,0,0,0,equal_remainder_last,ring_next,21,18,1,0,0,10000,24,,roce,,0
1683336,0,4,305,0,0,13,inbound_arrival,21,1000,0,ring_allreduce,4,40000,0,allgather,2,0,10000,1000,1000,50000000,10000,0,0,8000,0,0,0,9000,0,0,blocked,0,roce,0,8000,1000,0,0,0,0,equal_remainder_last,ring_next,12,21,1,0,0,10000,24,,roce,,2
1683336,0,6,191,0,1,19,inbound_arrival,15,1000,0,ring_allreduce,4,40000,2,allgather,2,20000,10000,1000,1000,50000000,10000,0,0,0,0,0,0,1000,0,0,blocked,0,roce,0,0,1000,0,0,0,0,equal_remainder_last,ring_next,18,15,1,0,0,10000,24,,roce,,3
1689312,0,12,299,0,3,22,inbound_arrival,18,1000,0,ring_allreduce,4,40000,3,allgather,2,30000,10000,1000,1000,50000000,10000,0,0,4000,0,0,0,5000,0,0,blocked,0,roce,0,4000,1000,0,0,0,0,equal_remainder_last,ring_next,21,18,1,0,0,10000,24,,roce,,0
1697824,0,12,305,0,3,22,inbound_arrival,18,1000,0,ring_allreduce,4,40000,3,allgather,2,30000,10000,1000,1000,50000000,10000,0,0,5000,0,0,0,6000,0,0,blocked,0,roce,0,5000,1000,0,0,0,0,equal_remainder_last,ring_next,21,18,1,0,0,10000,24,,roce,,0
1699336,0,4,308,0,0,13,inbound_arrival,21,1000,0,ring_allreduce,4,40000,0,allgather,2,0,10000,1000,1000,50000000,10000,0,0,9000,0,0,1,10000,0,0,blocked,0,roce,0,9000,1000,0,0,0,0,equal_remainder_last,ring_next,12,21,1,0,0,10000,24,,roce,,2
1699848,0,6,197,0,1,19,inbound_arrival,15,1000,0,ring_allreduce,4,40000,2,allgather,2,20000,10000,1000,1000,50000000,10000,0,0,1000,0,0,0,2000,0,0,blocked,0,roce,0,1000,1000,0,0,0,0,equal_remainder_last,ring_next,18,15,1,0,0,10000,24,,roce,,3
1706336,0,12,311,0,3,22,inbound_arrival,18,1000,0,ring_allreduce,4,40000,3,allgather,2,30000,10000,1000,1000,50000000,10000,0,0,6000,0,0,0,7000,0,0,blocked,0,roce,0,6000,1000,0,0,0,0,equal_remainder_last,ring_next,21,18,1,0,0,10000,24,,roce,,0
1708360,0,6,203,0,1,19,inbound_arrival,15,1000,0,ring_allreduce,4,40000,2,allgather,2,20000,10000,1000,1000,50000000,10000,0,0,2000,0,0,0,3000,0,0,blocked,0,roce,0,2000,1000,0,0,0,0,equal_remainder_last,ring_next,18,15,1,0,0,10000,24,,roce,,3
1714848,0,12,317,0,3,22,inbound_arrival,18,1000,0,ring_allreduce,4,40000,3,allgather,2,30000,10000,1000,1000,50000000,10000,0,0,7000,0,0,0,8000,0,0,blocked,0,roce,0,7000,1000,0,0,0,0,equal_remainder_last,ring_next,21,18,1,0,0,10000,24,,roce,,0
1716872,0,6,209,0,1,19,inbound_arrival,15,1000,0,ring_allreduce,4,40000,2,allgather,2,20000,10000,1000,1000,50000000,10000,0,0,3000,0,0,0,4000,0,0,blocked,0,roce,0,3000,1000,0,0,0,0,equal_remainder_last,ring_next,18,15,1,0,0,10000,24,,roce,,3
1722848,0,12,320,0,3,22,inbound_arrival,18,1000,0,ring_allreduce,4,40000,3,allgather,2,30000,10000,1000,1000,50000000,10000,0,0,8000,0,0,0,9000,0,0,blocked,0,roce,0,8000,1000,0,0,0,0,equal_remainder_last,ring_next,21,18,1,0,0,10000,24,,roce,,0
1725384,0,6,215,0,1,19,inbound_arrival,15,1000,0,ring_allreduce,4,40000,2,allgather,2,20000,10000,1000,1000,50000000,10000,0,0,4000,0,0,0,5000,0,0,blocked,0,roce,0,4000,1000,0,0,0,0,equal_remainder_last,ring_next,18,15,1,0,0,10000,24,,roce,,3
1730848,0,12,323,0,3,22,inbound_arrival,18,1000,0,ring_allreduce,4,40000,3,allgather,2,30000,10000,1000,1000,50000000,10000,0,0,9000,0,0,1,10000,0,0,blocked,0,roce,0,9000,1000,0,0,0,0,equal_remainder_last,ring_next,21,18,1,0,0,10000,24,,roce,,0
1731360,0,9,218,0,2,16,inbound_arrival,12,1000,0,ring_allreduce,4,40000,1,allgather,2,10000,10000,1000,1000,50000000,10000,0,0,0,0,0,0,1000,0,0,blocked,0,roce,0,0,1000,0,0,0,0,equal_remainder_last,ring_next,15,12,1,0,0,10000,24,,roce,,1
1733896,0,6,221,0,1,19,inbound_arrival,15,1000,0,ring_allreduce,4,40000,2,allgather,2,20000,10000,1000,1000,50000000,10000,0,0,5000,0,0,0,6000,0,0,blocked,0,roce,0,5000,1000,0,0,0,0,equal_remainder_last,ring_next,18,15,1,0,0,10000,24,,roce,,3
1739872,0,9,221,0,2,16,inbound_arrival,12,1000,0,ring_allreduce,4,40000,1,allgather,2,10000,10000,1000,1000,50000000,10000,0,0,1000,0,0,0,2000,0,0,blocked,0,roce,0,1000,1000,0,0,0,0,equal_remainder_last,ring_next,15,12,1,0,0,10000,24,,roce,,1
1742408,0,6,227,0,1,19,inbound_arrival,15,1000,0,ring_allreduce,4,40000,2,allgather,2,20000,10000,1000,1000,50000000,10000,0,0,6000,0,0,0,7000,0,0,blocked,0,roce,0,6000,1000,0,0,0,0,equal_remainder_last,ring_next,18,15,1,0,0,10000,24,,roce,,3
1748896,0,9,227,0,2,16,inbound_arrival,12,1000,0,ring_allreduce,4,40000,1,allgather,2,10000,10000,1000,1000,50000000,10000,0,0,2000,0,0,0,3000,0,0,blocked,0,roce,0,2000,1000,0,0,0,0,equal_remainder_last,ring_next,15,12,1,0,0,10000,24,,roce,,1
1750920,0,6,233,0,1,19,inbound_arrival,15,1000,0,ring_allreduce,4,40000,2,allgather,2,20000,10000,1000,1000,50000000,10000,0,0,7000,0,0,0,8000,0,0,blocked,0,roce,0,7000,1000,0,0,0,0,equal_remainder_last,ring_next,18,15,1,0,0,10000,24,,roce,,3
1750944,0,12,332,0,3,22,local_completion,21,0,0,ring_allreduce,4,40000,3,allgather,2,30000,10000,1000,1000,50000000,10000,0,1,10000,1,1,1,10000,0,0,blocked,1750944,roce,0,0,0,10000,1640632,42560,0,equal_remainder_last,ring_next,21,18,1,0,1,10000,24,,roce,,0
1757408,0,9,233,0,2,16,inbound_arrival,12,1000,0,ring_allreduce,4,40000,1,allgather,2,10000,10000,1000,1000,50000000,10000,0,0,3000,0,0,0,4000,0,0,blocked,0,roce,0,3000,1000,0,0,0,0,equal_remainder_last,ring_next,15,12,1,0,0,10000,24,,roce,,1
1759432,0,6,239,0,1,19,inbound_arrival,15,1000,0,ring_allreduce,4,40000,2,allgather,2,20000,10000,1000,1000,50000000,10000,0,0,8000,0,0,0,9000,0,0,blocked,0,roce,0,8000,1000,0,0,0,0,equal_remainder_last,ring_next,18,15,1,0,0,10000,24,,roce,,3
1765920,0,9,236,0,2,16,inbound_arrival,12,1000,0,ring_allreduce,4,40000,1,allgather,2,10000,10000,1000,1000,50000000,10000,0,0,4000,0,0,0,5000,0,0,blocked,0,roce,0,4000,1000,0,0,0,0,equal_remainder_last,ring_next,15,12,1,0,0,10000,24,,roce,,1
1767944,0,6,245,0,1,19,inbound_arrival,15,1000,0,ring_allreduce,4,40000,2,allgather,2,20000,10000,1000,1000,50000000,10000,0,0,9000,0,0,1,10000,0,0,blocked,0,roce,0,9000,1000,0,0,0,0,equal_remainder_last,ring_next,18,15,1,0,0,10000,24,,roce,,3
1768456,0,6,248,0,1,19,local_completion,18,0,0,ring_allreduce,4,40000,2,allgather,2,20000,10000,1000,1000,50000000,10000,0,1,10000,1,1,1,10000,0,0,blocked,1768456,roce,0,0,0,10000,1677216,34048,0,equal_remainder_last,ring_next,18,15,1,0,1,10000,24,,roce,,3
1774944,0,9,245,0,2,16,inbound_arrival,12,0,0,ring_allreduce,4,40000,1,allgather,2,10000,10000,1000,1000,50000000,10000,0,0,5000,0,0,0,5000,0,0,blocked,0,roce,0,6000,1000,0,0,0,0,equal_remainder_last,ring_next,15,12,1,0,0,10000,24,,roce,,1
1783456,0,9,251,0,2,16,inbound_arrival,12,0,0,ring_allreduce,4,40000,1,allgather,2,10000,10000,1000,1000,50000000,10000,0,0,5000,0,0,0,5000,0,0,blocked,0,roce,0,7000,1000,0,0,0,0,equal_remainder_last,ring_next,15,12,1,0,0,10000,24,,roce,,1
1791968,0,9,257,0,2,16,inbound_arrival,12,0,0,ring_allreduce,4,40000,1,allgather,2,10000,10000,1000,1000,50000000,10000,0,0,5000,0,0,0,5000,0,0,blocked,0,roce,0,8000,1000,0,0,0,0,equal_remainder_last,ring_next,15,12,1,0,0,10000,24,,roce,,1
1797944,0,4,329,0,0,14,inbound_arrival,22,1000,0,ring_allreduce,4,40000,0,allgather,3,30000,10000,1000,1000,50000000,10000,0,0,0,0,0,0,1000,0,0,blocked,0,roce,0,0,1000,0,0,0,0,equal_remainder_last,ring_next,13,22,1,0,0,10000,24,,roce,,2
1800480,0,9,263,0,2,16,inbound_arrival,12,0,0,ring_allreduce,4,40000,1,allgather,2,10000,10000,1000,1000,50000000,10000,0,0,5000,0,0,0,5000,0,0,blocked,0,roce,0,9000,1000,0,0,0,0,equal_remainder_last,ring_next,15,12,1,0,0,10000,24,,roce,,1
1800992,0,9,266,0,2,16,local_completion,15,0,0,ring_allreduce,4,40000,1,allgather,2,10000,10000,1000,1000,50000000,10000,0,0,5000,0,1,0,5000,0,0,blocked,0,roce,0,0,0,10000,1718264,25536,0,equal_remainder_last,ring_next,15,12,1,0,1,10000,24,,roce,,1
1806456,0,4,335,0,0,14,inbound_arrival,22,1000,0,ring_allreduce,4,40000,0,allgather,3,30000,10000,1000,1000,50000000,10000,0,0,1000,0,0,0,2000,0,0,blocked,0,roce,0,1000,1000,0,0,0,0,equal_remainder_last,ring_next,13,22,1,0,0,10000,24,,roce,,2
1814456,0,4,338,0,0,14,inbound_arrival,22,1000,0,ring_allreduce,4,40000,0,allgather,3,30000,10000,1000,1000,50000000,10000,0,0,2000,0,0,0,3000,0,0,blocked,0,roce,0,2000,1000,0,0,0,0,equal_remainder_last,ring_next,13,22,1,0,0,10000,24,,roce,,2
1816992,0,12,335,0,3,23,inbound_arrival,19,1000,0,ring_allreduce,4,40000,3,allgather,3,20000,10000,1000,1000,50000000,10000,0,0,0,0,0,0,1000,0,0,blocked,0,roce,0,0,1000,0,0,0,0,equal_remainder_last,ring_next,22,19,1,0,0,10000,24,,roce,,0
1822456,0,4,341,0,0,14,inbound_arrival,22,1000,0,ring_allreduce,4,40000,0,allgather,3,30000,10000,1000,1000,50000000,10000,0,0,3000,0,0,0,4000,0,0,blocked,0,roce,0,3000,1000,0,0,0,0,equal_remainder_last,ring_next,13,22,1,0,0,10000,24,,roce,,2
1824992,0,12,338,0,3,23,inbound_arrival,19,1000,0,ring_allreduce,4,40000,3,allgather,3,20000,10000,1000,1000,50000000,10000,0,0,1000,0,0,0,2000,0,0,blocked,0,roce,0,1000,1000,0,0,0,0,equal_remainder_last,ring_next,22,19,1,0,0,10000,24,,roce,,0
1830456,0,4,344,0,0,14,inbound_arrival,22,1000,0,ring_allreduce,4,40000,0,allgather,3,30000,10000,1000,1000,50000000,10000,0,0,4000,0,0,0,5000,0,0,blocked,0,roce,0,4000,1000,0,0,0,0,equal_remainder_last,ring_next,13,22,1,0,0,10000,24,,roce,,2
1833504,0,12,344,0,3,23,inbound_arrival,19,1000,0,ring_allreduce,4,40000,3,allgather,3,20000,10000,1000,1000,50000000,10000,0,0,2000,0,0,0,3000,0,0,blocked,0,roce,0,2000,1000,0,0,0,0,equal_remainder_last,ring_next,22,19,1,0,0,10000,24,,roce,,0
1838456,0,4,347,0,0,14,inbound_arrival,22,1000,0,ring_allreduce,4,40000,0,allgather,3,30000,10000,1000,1000,50000000,10000,0,0,5000,0,0,0,6000,0,0,blocked,0,roce,0,5000,1000,0,0,0,0,equal_remainder_last,ring_next,13,22,1,0,0,10000,24,,roce,,2
1841504,0,12,347,0,3,23,inbound_arrival,19,1000,0,ring_allreduce,4,40000,3,allgather,3,20000,10000,1000,1000,50000000,10000,0,0,3000,0,0,0,4000,0,0,blocked,0,roce,0,3000,1000,0,0,0,0,equal_remainder_last,ring_next,22,19,1,0,0,10000,24,,roce,,0
1846456,0,4,350,0,0,14,inbound_arrival,22,1000,0,ring_allreduce,4,40000,0,allgather,3,30000,10000,1000,1000,50000000,10000,0,0,6000,0,0,0,7000,0,0,blocked,0,roce,0,6000,1000,0,0,0,0,equal_remainder_last,ring_next,13,22,1,0,0,10000,24,,roce,,2
1850016,0,9,269,0,2,16,inbound_arrival,12,1000,0,ring_allreduce,4,40000,1,allgather,2,10000,10000,1000,1000,50000000,10000,1,0,5000,0,1,0,6000,0,0,blocked,0,roce,0,5000,1000,0,0,0,0,equal_remainder_last,ring_next,15,12,1,1,1,10000,24,,roce,,1
1850016,0,12,353,0,3,23,inbound_arrival,19,1000,0,ring_allreduce,4,40000,3,allgather,3,20000,10000,1000,1000,50000000,10000,0,0,4000,0,0,0,5000,0,0,blocked,0,roce,0,4000,1000,0,0,0,0,equal_remainder_last,ring_next,22,19,1,0,0,10000,24,,roce,,0
1854456,0,4,353,0,0,14,inbound_arrival,22,1000,0,ring_allreduce,4,40000,0,allgather,3,30000,10000,1000,1000,50000000,10000,0,0,7000,0,0,0,8000,0,0,blocked,0,roce,0,7000,1000,0,0,0,0,equal_remainder_last,ring_next,13,22,1,0,0,10000,24,,roce,,2
1862968,0,4,356,0,0,14,inbound_arrival,22,1000,0,ring_allreduce,4,40000,0,allgather,3,30000,10000,1000,1000,50000000,10000,0,0,8000,0,0,0,9000,0,0,blocked,0,roce,0,8000,1000,0,0,0,0,equal_remainder_last,ring_next,13,22,1,0,0,10000,24,,roce,,2
1866016,0,12,356,0,3,23,inbound_arrival,19,1000,0,ring_allreduce,4,40000,3,allgather,3,20000,10000,1000,1000,50000000,10000,0,0,5000,0,0,0,6000,0,0,blocked,0,roce,0,5000,1000,0,0,0,0,equal_remainder_last,ring_next,22,19,1,0,0,10000,24,,roce,,0
1871480,0,4,359,0,0,14,inbound_arrival,22,1000,0,ring_allreduce,4,40000,0,allgather,3,30000,10000,1000,1000,50000000,10000,0,0,9000,0,0,1,10000,0,0,blocked,0,roce,0,9000,1000,0,0,0,0,equal_remainder_last,ring_next,13,22,1,0,0,10000,24,,roce,,2
1874528,0,9,272,0,2,16,inbound_arrival,12,1000,0,ring_allreduce,4,40000,1,allgather,2,10000,10000,1000,1000,50000000,10000,1,0,6000,0,1,0,7000,0,0,blocked,0,roce,0,6000,1000,0,0,0,0,equal_remainder_last,ring_next,15,12,1,1,1,10000,24,,roce,,1
1874528,0,12,362,0,3,23,inbound_arrival,19,1000,0,ring_allreduce,4,40000,3,allgather,3,20000,10000,1000,1000,50000000,10000,0,0,6000,0,0,0,7000,0,0,blocked,0,roce,0,6000,1000,0,0,0,0,equal_remainder_last,ring_next,22,19,1,0,0,10000,24,,roce,,0
1891040,0,9,275,0,2,16,inbound_arrival,12,1000,0,ring_allreduce,4,40000,1,allgather,2,10000,10000,1000,1000,50000000,10000,1,0,7000,0,1,0,8000,0,0,blocked,0,roce,0,7000,1000,0,0,0,0,equal_remainder_last,ring_next,15,12,1,1,1,10000,24,,roce,,1
1891040,0,12,368,0,3,23,inbound_arrival,19,1000,0,ring_allreduce,4,40000,3,allgather,3,20000,10000,1000,1000,50000000,10000,0,0,7000,0,0,0,8000,0,0,blocked,0,roce,0,7000,1000,0,0,0,0,equal_remainder_last,ring_next,22,19,1,0,0,10000,24,,roce,,0
1907552,0,12,374,0,3,23,inbound_arrival,19,1000,0,ring_allreduce,4,40000,3,allgather,3,20000,10000,1000,1000,50000000,10000,0,0,8000,0,0,0,9000,0,0,blocked,0,roce,0,8000,1000,0,0,0,0,equal_remainder_last,ring_next,22,19,1,0,0,10000,24,,roce,,0
1915552,0,9,278,0,2,16,inbound_arrival,12,0,0,ring_allreduce,4,40000,1,allgather,2,10000,10000,1000,1000,50000000,10000,1,0,8000,0,1,0,8000,0,0,blocked,0,roce,0,9000,1000,0,0,0,0,equal_remainder_last,ring_next,15,12,1,1,1,10000,24,,roce,,1
1915552,0,12,377,0,3,23,inbound_arrival,19,1000,0,ring_allreduce,4,40000,3,allgather,3,20000,10000,1000,1000,50000000,10000,0,0,9000,0,0,1,10000,0,0,blocked,0,roce,0,9000,1000,0,0,0,0,equal_remainder_last,ring_next,22,19,1,0,0,10000,24,,roce,,0
1916576,0,12,383,0,3,23,local_completion,22,0,0,ring_allreduce,4,40000,3,allgather,3,20000,10000,1000,1000,50000000,10000,0,1,10000,1,1,1,10000,0,0,blocked,1916576,roce,0,0,0,10000,1829944,42560,0,equal_remainder_last,ring_next,22,19,1,0,1,10000,24,,roce,,0
1918112,0,6,281,0,1,20,local_completion,19,0,0,ring_allreduce,4,40000,2,allgather,3,10000,10000,1000,1000,50000000,10000,0,0,0,0,1,0,0,0,0,blocked,0,roce,0,0,0,10000,1847456,34048,0,equal_remainder_last,ring_next,19,16,1,0,1,10000,24,,roce,,3
1957336,0,9,281,0,2,16,inbound_arrival,12,1000,0,ring_allreduce,4,40000,1,allgather,2,10000,10000,1000,1000,50000000,10000,1,0,8000,0,1,0,9000,0,0,blocked,0,roce,0,8000,1000,0,0,0,0,equal_remainder_last,ring_next,15,12,1,1,1,10000,24,,roce,,1
1965336,0,9,284,0,2,16,inbound_arrival,12,1000,0,ring_allreduce,4,40000,1,allgather,2,10000,10000,1000,1000,50000000,10000,1,0,9000,1,1,1,10000,0,0,blocked,1965336,roce,0,9000,1000,0,0,0,0,equal_remainder_last,ring_next,15,12,1,1,1,10000,24,,roce,,1
1988600,0,4,392,0,0,13,local_completion,12,0,0,ring_allreduce,4,40000,0,allgather,2,0,10000,1000,1000,50000000,10000,0,1,10000,1,1,1,10000,0,0,blocked,1988600,roce,0,0,0,10000,1933336,34048,0,equal_remainder_last,ring_next,12,21,1,0,1,10000,24,,roce,,2
2004600,0,6,284,0,1,20,inbound_arrival,16,1000,0,ring_allreduce,4,40000,2,allgather,3,10000,10000,1000,1000,50000000,10000,1,0,0,0,1,0,1000,0,0,blocked,0,roce,0,0,1000,0,0,0,0,equal_remainder_last,ring_next,19,16,1,1,1,10000,24,,roce,,3
2020600,0,6,287,0,1,20,inbound_arrival,16,1000,0,ring_allreduce,4,40000,2,allgather,3,10000,10000,1000,1000,50000000,10000,1,0,1000,0,1,0,2000,0,0,blocked,0,roce,0,1000,1000,0,0,0,0,equal_remainder_last,ring_next,19,16,1,1,1,10000,24,,roce,,3
2027600,0,9,290,0,2,17,inbound_arrival,13,1000,0,ring_allreduce,4,40000,1,allgather,3,0,10000,1000,1000,50000000,10000,0,0,0,0,0,0,1000,0,0,blocked,0,roce,0,0,1000,0,0,0,0,equal_remainder_last,ring_next,16,13,1,0,0,10000,24,,roce,,1
2036112,0,9,293,0,2,17,inbound_arrival,13,1000,0,ring_allreduce,4,40000,1,allgather,3,0,10000,1000,1000,50000000,10000,0,0,1000,0,0,0,2000,0,0,blocked,0,roce,0,1000,1000,0,0,0,0,equal_remainder_last,ring_next,16,13,1,0,0,10000,24,,roce,,1
2036600,0,6,290,0,1,20,inbound_arrival,16,1000,0,ring_allreduce,4,40000,2,allgather,3,10000,10000,1000,1000,50000000,10000,1,0,2000,0,1,0,3000,0,0,blocked,0,roce,0,2000,1000,0,0,0,0,equal_remainder_last,ring_next,19,16,1,1,1,10000,24,,roce,,3
2045136,0,9,299,0,2,17,inbound_arrival,13,1000,0,ring_allreduce,4,40000,1,allgather,3,0,10000,1000,1000,50000000,10000,0,0,2000,0,0,0,3000,0,0,blocked,0,roce,0,2000,1000,0,0,0,0,equal_remainder_last,ring_next,16,13,1,0,0,10000,24,,roce,,1
2052600,0,6,293,0,1,20,inbound_arrival,16,1000,0,ring_allreduce,4,40000,2,allgather,3,10000,10000,1000,1000,50000000,10000,1,0,3000,0,1,0,4000,0,0,blocked,0,roce,0,3000,1000,0,0,0,0,equal_remainder_last,ring_next,19,16,1,1,1,10000,24,,roce,,3
2053136,0,9,302,0,2,17,inbound_arrival,13,1000,0,ring_allreduce,4,40000,1,allgather,3,0,10000,1000,1000,50000000,10000,0,0,3000,0,0,0,4000,0,0,blocked,0,roce,0,3000,1000,0,0,0,0,equal_remainder_last,ring_next,16,13,1,0,0,10000,24,,roce,,1
2062160,0,9,308,0,2,17,inbound_arrival,13,1000,0,ring_allreduce,4,40000,1,allgather,3,0,10000,1000,1000,50000000,10000,0,0,4000,0,0,0,5000,0,0,blocked,0,roce,0,4000,1000,0,0,0,0,equal_remainder_last,ring_next,16,13,1,0,0,10000,24,,roce,,1
2068600,0,6,296,0,1,20,inbound_arrival,16,1000,0,ring_allreduce,4,40000,2,allgather,3,10000,10000,1000,1000,50000000,10000,1,0,4000,0,1,0,5000,0,0,blocked,0,roce,0,4000,1000,0,0,0,0,equal_remainder_last,ring_next,19,16,1,1,1,10000,24,,roce,,3
2070672,0,9,314,0,2,17,inbound_arrival,13,1000,0,ring_allreduce,4,40000,1,allgather,3,0,10000,1000,1000,50000000,10000,0,0,5000,0,0,0,6000,0,0,blocked,0,roce,0,5000,1000,0,0,0,0,equal_remainder_last,ring_next,16,13,1,0,0,10000,24,,roce,,1
2076600,0,6,299,0,1,20,inbound_arrival,16,1000,0,ring_allreduce,4,40000,2,allgather,3,10000,10000,1000,1000,50000000,10000,1,0,5000,0,1,0,6000,0,0,blocked,0,roce,0,5000,1000,0,0,0,0,equal_remainder_last,ring_next,19,16,1,1,1,10000,24,,roce,,3
2079184,0,9,317,0,2,17,inbound_arrival,13,1000,0,ring_allreduce,4,40000,1,allgather,3,0,10000,1000,1000,50000000,10000,0,0,6000,0,0,0,7000,0,0,blocked,0,roce,0,6000,1000,0,0,0,0,equal_remainder_last,ring_next,16,13,1,0,0,10000,24,,roce,,1
2084600,0,6,302,0,1,20,inbound_arrival,16,1000,0,ring_allreduce,4,40000,2,allgather,3,10000,10000,1000,1000,50000000,10000,1,0,6000,0,1,0,7000,0,0,blocked,0,roce,0,6000,1000,0,0,0,0,equal_remainder_last,ring_next,19,16,1,1,1,10000,24,,roce,,3
2087696,0,9,323,0,2,17,inbound_arrival,13,1000,0,ring_allreduce,4,40000,1,allgather,3,0,10000,1000,1000,50000000,10000,0,0,7000,0,0,0,8000,0,0,blocked,0,roce,0,7000,1000,0,0,0,0,equal_remainder_last,ring_next,16,13,1,0,0,10000,24,,roce,,1
2093112,0,6,305,0,1,20,inbound_arrival,16,1000,0,ring_allreduce,4,40000,2,allgather,3,10000,10000,1000,1000,50000000,10000,1,0,7000,0,1,0,8000,0,0,blocked,0,roce,0,7000,1000,0,0,0,0,equal_remainder_last,ring_next,19,16,1,1,1,10000,24,,roce,,3
2096720,0,9,329,0,2,17,inbound_arrival,13,1000,0,ring_allreduce,4,40000,1,allgather,3,0,10000,1000,1000,50000000,10000,0,0,8000,0,0,0,9000,0,0,blocked,0,roce,0,8000,1000,0,0,0,0,equal_remainder_last,ring_next,16,13,1,0,0,10000,24,,roce,,1
2101624,0,6,308,0,1,20,inbound_arrival,16,1000,0,ring_allreduce,4,40000,2,allgather,3,10000,10000,1000,1000,50000000,10000,1,0,8000,0,1,0,9000,0,0,blocked,0,roce,0,8000,1000,0,0,0,0,equal_remainder_last,ring_next,19,16,1,1,1,10000,24,,roce,,3
2105232,0,9,335,0,2,17,inbound_arrival,13,1000,0,ring_allreduce,4,40000,1,allgather,3,0,10000,1000,1000,50000000,10000,0,0,9000,0,0,1,10000,0,0,blocked,0,roce,0,9000,1000,0,0,0,0,equal_remainder_last,ring_next,16,13,1,0,0,10000,24,,roce,,1
2107280,0,4,437,0,0,14,local_completion,13,0,0,ring_allreduce,4,40000,0,allgather,3,30000,10000,1000,1000,50000000,10000,0,1,10000,1,1,1,10000,0,0,blocked,2107280,roce,0,0,0,10000,2067600,34048,0,equal_remainder_last,ring_next,13,22,1,0,1,10000,24,,roce,,2
2109624,0,6,311,0,1,20,inbound_arrival,16,1000,0,ring_allreduce,4,40000,2,allgather,3,10000,10000,1000,1000,50000000,10000,1,0,9000,1,1,1,10000,0,0,blocked,2109624,roce,0,9000,1000,0,0,0,0,equal_remainder_last,ring_next,19,16,1,1,1,10000,24,,roce,,3
2111160,0,9,344,0,2,17,local_completion,16,0,0,ring_allreduce,4,40000,1,allgather,3,0,10000,1000,1000,50000000,10000,0,1,10000,1,1,1,10000,0,0,blocked,2111160,roce,0,0,0,10000,2044336,25536,0,equal_remainder_last,ring_next,16,13,1,0,1,10000,24,,roce,,1
