time_ns,event_phase,event_origin_node,event_origin_sequence,ordinal,node_id,flow_id,cause,cause_flow_id,arrival_bytes,collective_id,algorithm,group_size,declared_total_bytes,rank,collective_phase,step,chunk_offset_bytes,chunk_bytes,packet_size_bytes,interval_ns,stop_time_ns,local_predecessor_flow_id,inbound_predecessor_flow_id,inbound_predecessor_bytes,before_local_complete,before_inbound_complete,before_inbound_bytes,activated,after_local_complete,after_inbound_complete,after_inbound_bytes,after_packets_emitted,after_bytes_emitted,after_status,after_next_time_ns,stage_kind,duration_ns,segment_sequence,segment_bytes,ack_number,cause_origin_ns,cause_delay_ns
31000,0,6,2,0,1,7,inbound_arrival,3,1000,0,ring_allreduce,4,40000,2,reduce_scatter,2,10000,10000,1000,1000,50000000,6,3,10000,0,0,0,0,0,0,1000,0,0,blocked,0,roce,0,0,1000,0,0,0
39000,0,6,5,0,1,7,inbound_arrival,3,1000,0,ring_allreduce,4,40000,2,reduce_scatter,2,10000,10000,1000,1000,50000000,6,3,10000,0,0,1000,0,0,0,2000,0,0,blocked,0,roce,0,1000,1000,0,0,0
39000,0,12,2,0,3,10,inbound_arrival,6,1000,0,ring_allreduce,4,40000,3,reduce_scatter,2,20000,10000,1000,1000,50000000,9,6,10000,0,0,0,0,0,0,1000,0,0,blocked,0,roce,0,0,1000,0,0,0
47000,0,9,2,0,2,4,inbound_arrival,0,1000,0,ring_allreduce,4,40000,1,reduce_scatter,2,0,10000,1000,1000,50000000,3,0,10000,0,0,0,0,0,0,1000,0,0,blocked,0,roce,0,0,1000,0,0,0
47000,0,12,5,0,3,10,inbound_arrival,6,1000,0,ring_allreduce,4,40000,3,reduce_scatter,2,20000,10000,1000,1000,50000000,9,6,10000,0,0,1000,0,0,0,2000,0,0,blocked,0,roce,0,1000,1000,0,0,0
55000,0,4,2,0,0,1,inbound_arrival,9,1000,0,ring_allreduce,4,40000,0,reduce_scatter,2,30000,10000,1000,1000,50000000,0,9,10000,0,0,0,0,0,0,1000,0,0,blocked,0,roce,0,0,1000,0,0,0
55000,0,6,8,0,1,7,inbound_arrival,3,1000,0,ring_allreduce,4,40000,2,reduce_scatter,2,10000,10000,1000,1000,50000000,6,3,10000,0,0,2000,0,0,0,3000,0,0,blocked,0,roce,0,2000,1000,0,0,0
63000,0,9,5,0,2,4,inbound_arrival,0,1000,0,ring_allreduce,4,40000,1,reduce_scatter,2,0,10000,1000,1000,50000000,3,0,10000,0,0,1000,0,0,0,2000,0,0,blocked,0,roce,0,1000,1000,0,0,0
63000,0,12,8,0,3,10,inbound_arrival,6,1000,0,ring_allreduce,4,40000,3,reduce_scatter,2,20000,10000,1000,1000,50000000,9,6,10000,0,0,2000,0,0,0,3000,0,0,blocked,0,roce,0,2000,1000,0,0,0
71000,0,4,5,0,0,1,inbound_arrival,9,1000,0,ring_allreduce,4,40000,0,reduce_scatter,2,30000,10000,1000,1000,50000000,0,9,10000,0,0,1000,0,0,0,2000,0,0,blocked,0,roce,0,1000,1000,0,0,0
71000,0,6,11,0,1,7,inbound_arrival,3,1000,0,ring_allreduce,4,40000,2,reduce_scatter,2,10000,10000,1000,1000,50000000,6,3,10000,0,0,3000,0,0,0,4000,0,0,blocked,0,roce,0,3000,1000,0,0,0
71512,0,9,11,0,2,4,inbound_arrival,0,1000,0,ring_allreduce,4,40000,1,reduce_scatter,2,0,10000,1000,1000,50000000,3,0,10000,0,0,2000,0,0,0,3000,0,0,blocked,0,roce,0,2000,1000,0,0,0
87000,0,4,8,0,0,1,inbound_arrival,9,1000,0,ring_allreduce,4,40000,0,reduce_scatter,2,30000,10000,1000,1000,50000000,0,9,10000,0,0,2000,0,0,0,3000,0,0,blocked,0,roce,0,2000,1000,0,0,0
87000,0,6,14,0,1,7,inbound_arrival,3,1000,0,ring_allreduce,4,40000,2,reduce_scatter,2,10000,10000,1000,1000,50000000,6,3,10000,0,0,4000,0,0,0,5000,0,0,blocked,0,roce,0,4000,1000,0,0,0
87512,0,12,11,0,3,10,inbound_arrival,6,1000,0,ring_allreduce,4,40000,3,reduce_scatter,2,20000,10000,1000,1000,50000000,9,6,10000,0,0,3000,0,0,0,4000,0,0,blocked,0,roce,0,3000,1000,0,0,0
88024,0,9,17,0,2,4,inbound_arrival,0,1000,0,ring_allreduce,4,40000,1,reduce_scatter,2,0,10000,1000,1000,50000000,3,0,10000,0,0,3000,0,0,0,4000,0,0,blocked,0,roce,0,3000,1000,0,0,0
103000,0,4,11,0,0,1,inbound_arrival,9,1000,0,ring_allreduce,4,40000,0,reduce_scatter,2,30000,10000,1000,1000,50000000,0,9,10000,0,0,3000,0,0,0,4000,0,0,blocked,0,roce,0,3000,1000,0,0,0
104024,0,6,20,0,1,7,inbound_arrival,3,1000,0,ring_allreduce,4,40000,2,reduce_scatter,2,10000,10000,1000,1000,50000000,6,3,10000,0,0,5000,0,0,0,6000,0,0,blocked,0,roce,0,5000,1000,0,0,0
104024,0,9,20,0,2,4,inbound_arrival,0,1000,0,ring_allreduce,4,40000,1,reduce_scatter,2,0,10000,1000,1000,50000000,3,0,10000,0,0,4000,0,0,0,5000,0,0,blocked,0,roce,0,4000,1000,0,0,0
104024,0,12,14,0,3,10,inbound_arrival,6,1000,0,ring_allreduce,4,40000,3,reduce_scatter,2,20000,10000,1000,1000,50000000,9,6,10000,0,0,4000,0,0,0,5000,0,0,blocked,0,roce,0,4000,1000,0,0,0
120024,0,4,17,0,0,1,inbound_arrival,9,1000,0,ring_allreduce,4,40000,0,reduce_scatter,2,30000,10000,1000,1000,50000000,0,9,10000,0,0,4000,0,0,0,5000,0,0,blocked,0,roce,0,4000,1000,0,0,0
120024,0,12,17,0,3,10,inbound_arrival,6,1000,0,ring_allreduce,4,40000,3,reduce_scatter,2,20000,10000,1000,1000,50000000,9,6,10000,0,0,5000,0,0,0,6000,0,0,blocked,0,roce,0,5000,1000,0,0,0
120536,0,6,26,0,1,7,inbound_arrival,3,1000,0,ring_allreduce,4,40000,2,reduce_scatter,2,10000,10000,1000,1000,50000000,6,3,10000,0,0,6000,0,0,0,7000,0,0,blocked,0,roce,0,6000,1000,0,0,0
120536,0,9,26,0,2,4,inbound_arrival,0,1000,0,ring_allreduce,4,40000,1,reduce_scatter,2,0,10000,1000,1000,50000000,3,0,10000,0,0,5000,0,0,0,6000,0,0,blocked,0,roce,0,5000,1000,0,0,0
128536,0,6,29,0,1,7,inbound_arrival,3,1000,0,ring_allreduce,4,40000,2,reduce_scatter,2,10000,10000,1000,1000,50000000,6,3,10000,0,0,7000,0,0,0,8000,0,0,blocked,0,roce,0,7000,1000,0,0,0
136536,0,6,32,0,1,7,inbound_arrival,3,1000,0,ring_allreduce,4,40000,2,reduce_scatter,2,10000,10000,1000,1000,50000000,6,3,10000,0,0,8000,0,0,0,9000,0,0,blocked,0,roce,0,8000,1000,0,0,0
136536,0,12,20,0,3,10,inbound_arrival,6,1000,0,ring_allreduce,4,40000,3,reduce_scatter,2,20000,10000,1000,1000,50000000,9,6,10000,0,0,6000,0,0,0,7000,0,0,blocked,0,roce,0,6000,1000,0,0,0
144536,0,6,35,0,1,7,inbound_arrival,3,1000,0,ring_allreduce,4,40000,2,reduce_scatter,2,10000,10000,1000,1000,50000000,6,3,10000,0,0,9000,0,0,1,10000,0,0,blocked,0,roce,0,9000,1000,0,0,0
144536,0,12,23,0,3,10,inbound_arrival,6,1000,0,ring_allreduce,4,40000,3,reduce_scatter,2,20000,10000,1000,1000,50000000,9,6,10000,0,0,7000,0,0,0,8000,0,0,blocked,0,roce,0,7000,1000,0,0,0
153048,0,12,26,0,3,10,inbound_arrival,6,1000,0,ring_allreduce,4,40000,3,reduce_scatter,2,20000,10000,1000,1000,50000000,9,6,10000,0,0,8000,0,0,0,9000,0,0,blocked,0,roce,0,8000,1000,0,0,0
160536,0,4,20,0,0,1,inbound_arrival,9,0,0,ring_allreduce,4,40000,0,reduce_scatter,2,30000,10000,1000,1000,50000000,0,9,10000,0,0,5000,0,0,0,5000,0,0,blocked,0,roce,0,8000,1000,0,0,0
161048,0,12,29,0,3,10,inbound_arrival,6,1000,0,ring_allreduce,4,40000,3,reduce_scatter,2,20000,10000,1000,1000,50000000,9,6,10000,0,0,9000,0,0,1,10000,0,0,blocked,0,roce,0,9000,1000,0,0,0
163096,0,6,59,0,1,7,local_completion,6,0,0,ring_allreduce,4,40000,2,reduce_scatter,2,10000,10000,1000,1000,50000000,6,3,10000,0,1,10000,1,1,1,10000,0,0,blocked,163096,roce,0,0,0,10000,79000,34048
169048,0,4,26,0,0,1,inbound_arrival,9,0,0,ring_allreduce,4,40000,0,reduce_scatter,2,30000,10000,1000,1000,50000000,0,9,10000,0,0,5000,0,0,0,5000,0,0,blocked,0,roce,0,9000,1000,0,0,0
202096,0,12,44,0,3,11,inbound_arrival,7,1000,0,ring_allreduce,4,40000,3,reduce_scatter,3,10000,10000,1000,1000,50000000,10,7,10000,0,0,0,0,0,0,1000,0,0,blocked,0,roce,0,0,1000,0,0,0
210096,0,12,47,0,3,11,inbound_arrival,7,1000,0,ring_allreduce,4,40000,3,reduce_scatter,3,10000,10000,1000,1000,50000000,10,7,10000,0,0,1000,0,0,0,2000,0,0,blocked,0,roce,0,1000,1000,0,0,0
211000,0,4,35,0,0,1,inbound_arrival,9,1000,0,ring_allreduce,4,40000,0,reduce_scatter,2,30000,10000,1000,1000,50000000,0,9,10000,0,0,5000,0,0,0,6000,0,0,blocked,0,roce,0,5000,1000,0,0,0
218096,0,12,50,0,3,11,inbound_arrival,7,1000,0,ring_allreduce,4,40000,3,reduce_scatter,3,10000,10000,1000,1000,50000000,10,7,10000,0,0,2000,0,0,0,3000,0,0,blocked,0,roce,0,2000,1000,0,0,0
220000,0,4,38,0,0,1,inbound_arrival,9,1000,0,ring_allreduce,4,40000,0,reduce_scatter,2,30000,10000,1000,1000,50000000,0,9,10000,0,0,6000,0,0,0,7000,0,0,blocked,0,roce,0,6000,1000,0,0,0
226096,0,12,53,0,3,11,inbound_arrival,7,1000,0,ring_allreduce,4,40000,3,reduce_scatter,3,10000,10000,1000,1000,50000000,10,7,10000,0,0,3000,0,0,0,4000,0,0,blocked,0,roce,0,3000,1000,0,0,0
228000,0,4,41,0,0,1,inbound_arrival,9,1000,0,ring_allreduce,4,40000,0,reduce_scatter,2,30000,10000,1000,1000,50000000,0,9,10000,0,0,7000,0,0,0,8000,0,0,blocked,0,roce,0,7000,1000,0,0,0
234096,0,12,56,0,3,11,inbound_arrival,7,1000,0,ring_allreduce,4,40000,3,reduce_scatter,3,10000,10000,1000,1000,50000000,10,7,10000,0,0,4000,0,0,0,5000,0,0,blocked,0,roce,0,4000,1000,0,0,0
236000,0,4,44,0,0,1,inbound_arrival,9,1000,0,ring_allreduce,4,40000,0,reduce_scatter,2,30000,10000,1000,1000,50000000,0,9,10000,0,0,8000,0,0,0,9000,0,0,blocked,0,roce,0,8000,1000,0,0,0
242608,0,12,62,0,3,11,inbound_arrival,7,1000,0,ring_allreduce,4,40000,3,reduce_scatter,3,10000,10000,1000,1000,50000000,10,7,10000,0,0,5000,0,0,0,6000,0,0,blocked,0,roce,0,5000,1000,0,0,0
244512,0,4,47,0,0,1,inbound_arrival,9,1000,0,ring_allreduce,4,40000,0,reduce_scatter,2,30000,10000,1000,1000,50000000,0,9,10000,0,0,9000,0,0,1,10000,0,0,blocked,0,roce,0,9000,1000,0,0,0
251120,0,12,68,0,3,11,inbound_arrival,7,1000,0,ring_allreduce,4,40000,3,reduce_scatter,3,10000,10000,1000,1000,50000000,10,7,10000,0,0,6000,0,0,0,7000,0,0,blocked,0,roce,0,6000,1000,0,0,0
259632,0,12,74,0,3,11,inbound_arrival,7,1000,0,ring_allreduce,4,40000,3,reduce_scatter,3,10000,10000,1000,1000,50000000,10,7,10000,0,0,7000,0,0,0,8000,0,0,blocked,0,roce,0,7000,1000,0,0,0
268144,0,12,80,0,3,11,inbound_arrival,7,1000,0,ring_allreduce,4,40000,3,reduce_scatter,3,10000,10000,1000,1000,50000000,10,7,10000,0,0,8000,0,0,0,9000,0,0,blocked,0,roce,0,8000,1000,0,0,0
268656,0,12,83,0,3,10,local_completion,9,0,0,ring_allreduce,4,40000,3,reduce_scatter,2,20000,10000,1000,1000,50000000,9,6,10000,0,1,10000,1,1,1,10000,0,0,blocked,268656,roce,0,0,0,10000,204000,42560
276656,0,12,86,0,3,11,inbound_arrival,7,1000,0,ring_allreduce,4,40000,3,reduce_scatter,3,10000,10000,1000,1000,50000000,10,7,10000,0,0,9000,0,0,1,10000,0,0,blocked,0,roce,0,9000,1000,0,0,0
300680,0,6,89,0,1,8,local_completion,7,0,0,ring_allreduce,4,40000,2,reduce_scatter,3,0,10000,1000,1000,50000000,7,4,10000,0,0,0,0,1,0,0,0,0,blocked,0,roce,0,0,0,10000,242096,34048
315656,0,4,50,0,0,2,inbound_arrival,10,1000,0,ring_allreduce,4,40000,0,reduce_scatter,3,20000,10000,1000,1000,50000000,1,10,10000,0,0,0,0,0,0,1000,0,0,blocked,0,roce,0,0,1000,0,0,0
324168,0,4,53,0,0,2,inbound_arrival,10,1000,0,ring_allreduce,4,40000,0,reduce_scatter,3,20000,10000,1000,1000,50000000,1,10,10000,0,0,1000,0,0,0,2000,0,0,blocked,0,roce,0,1000,1000,0,0,0
332168,0,4,56,0,0,2,inbound_arrival,10,1000,0,ring_allreduce,4,40000,0,reduce_scatter,3,20000,10000,1000,1000,50000000,1,10,10000,0,0,2000,0,0,0,3000,0,0,blocked,0,roce,0,2000,1000,0,0,0
340168,0,4,59,0,0,2,inbound_arrival,10,1000,0,ring_allreduce,4,40000,0,reduce_scatter,3,20000,10000,1000,1000,50000000,1,10,10000,0,0,3000,0,0,0,4000,0,0,blocked,0,roce,0,3000,1000,0,0,0
348168,0,4,62,0,0,2,inbound_arrival,10,1000,0,ring_allreduce,4,40000,0,reduce_scatter,3,20000,10000,1000,1000,50000000,1,10,10000,0,0,4000,0,0,0,5000,0,0,blocked,0,roce,0,4000,1000,0,0,0
356168,0,4,65,0,0,2,inbound_arrival,10,1000,0,ring_allreduce,4,40000,0,reduce_scatter,3,20000,10000,1000,1000,50000000,1,10,10000,0,0,5000,0,0,0,6000,0,0,blocked,0,roce,0,5000,1000,0,0,0
364168,0,4,68,0,0,2,inbound_arrival,10,1000,0,ring_allreduce,4,40000,0,reduce_scatter,3,20000,10000,1000,1000,50000000,1,10,10000,0,0,6000,0,0,0,7000,0,0,blocked,0,roce,0,6000,1000,0,0,0
372168,0,4,71,0,0,2,inbound_arrival,10,1000,0,ring_allreduce,4,40000,0,reduce_scatter,3,20000,10000,1000,1000,50000000,1,10,10000,0,0,7000,0,0,0,8000,0,0,blocked,0,roce,0,7000,1000,0,0,0
380168,0,4,74,0,0,2,inbound_arrival,10,1000,0,ring_allreduce,4,40000,0,reduce_scatter,3,20000,10000,1000,1000,50000000,1,10,10000,0,0,8000,0,0,0,9000,0,0,blocked,0,roce,0,8000,1000,0,0,0
388168,0,4,77,0,0,2,inbound_arrival,10,1000,0,ring_allreduce,4,40000,0,reduce_scatter,3,20000,10000,1000,1000,50000000,1,10,10000,0,0,9000,0,0,1,10000,0,0,blocked,0,roce,0,9000,1000,0,0,0
390728,0,12,116,0,3,11,local_completion,10,0,0,ring_allreduce,4,40000,3,reduce_scatter,3,10000,10000,1000,1000,50000000,10,7,10000,0,1,10000,1,1,1,10000,0,0,blocked,390728,roce,0,0,0,10000,347656,42560
437728,0,4,80,0,0,12,inbound_arrival,11,1000,0,ring_allreduce,4,40000,0,allgather,1,10000,10000,1000,1000,50000000,2,11,10000,0,0,0,0,0,0,1000,0,0,blocked,0,roce,0,0,1000,0,0,0
445728,0,4,83,0,0,12,inbound_arrival,11,1000,0,ring_allreduce,4,40000,0,allgather,1,10000,10000,1000,1000,50000000,2,11,10000,0,0,1000,0,0,0,2000,0,0,blocked,0,roce,0,1000,1000,0,0,0
453728,0,4,86,0,0,12,inbound_arrival,11,1000,0,ring_allreduce,4,40000,0,allgather,1,10000,10000,1000,1000,50000000,2,11,10000,0,0,2000,0,0,0,3000,0,0,blocked,0,roce,0,2000,1000,0,0,0
461728,0,4,89,0,0,12,inbound_arrival,11,1000,0,ring_allreduce,4,40000,0,allgather,1,10000,10000,1000,1000,50000000,2,11,10000,0,0,3000,0,0,0,4000,0,0,blocked,0,roce,0,3000,1000,0,0,0
469728,0,4,92,0,0,12,inbound_arrival,11,1000,0,ring_allreduce,4,40000,0,allgather,1,10000,10000,1000,1000,50000000,2,11,10000,0,0,4000,0,0,0,5000,0,0,blocked,0,roce,0,4000,1000,0,0,0
477728,0,4,95,0,0,12,inbound_arrival,11,1000,0,ring_allreduce,4,40000,0,allgather,1,10000,10000,1000,1000,50000000,2,11,10000,0,0,5000,0,0,0,6000,0,0,blocked,0,roce,0,5000,1000,0,0,0
485728,0,4,98,0,0,12,inbound_arrival,11,1000,0,ring_allreduce,4,40000,0,allgather,1,10000,10000,1000,1000,50000000,2,11,10000,0,0,6000,0,0,0,7000,0,0,blocked,0,roce,0,6000,1000,0,0,0
493728,0,4,101,0,0,12,inbound_arrival,11,1000,0,ring_allreduce,4,40000,0,allgather,1,10000,10000,1000,1000,50000000,2,11,10000,0,0,7000,0,0,0,8000,0,0,blocked,0,roce,0,7000,1000,0,0,0
501728,0,4,104,0,0,12,inbound_arrival,11,1000,0,ring_allreduce,4,40000,0,allgather,1,10000,10000,1000,1000,50000000,2,11,10000,0,0,8000,0,0,0,9000,0,0,blocked,0,roce,0,8000,1000,0,0,0
509728,0,4,107,0,0,12,inbound_arrival,11,1000,0,ring_allreduce,4,40000,0,allgather,1,10000,10000,1000,1000,50000000,2,11,10000,0,0,9000,0,0,1,10000,0,0,blocked,0,roce,0,9000,1000,0,0,0
512288,0,12,146,0,3,21,local_completion,11,0,0,ring_allreduce,4,40000,3,allgather,1,0,10000,1000,1000,50000000,11,8,10000,0,0,0,0,1,0,0,0,0,blocked,0,roce,0,0,0,10000,469728,42560
1183536,0,9,50,0,2,4,local_completion,3,0,0,ring_allreduce,4,40000,1,reduce_scatter,2,0,10000,1000,1000,50000000,3,0,10000,0,0,6000,0,1,0,6000,0,0,blocked,0,roce,0,0,0,10000,1158000,25536
1210000,0,9,53,0,2,4,inbound_arrival,0,0,0,ring_allreduce,4,40000,1,reduce_scatter,2,0,10000,1000,1000,50000000,3,0,10000,1,0,6000,0,1,0,6000,0,0,blocked,0,roce,0,5000,1000,0,0,0
1218000,0,9,56,0,2,4,inbound_arrival,0,1000,0,ring_allreduce,4,40000,1,reduce_scatter,2,0,10000,1000,1000,50000000,3,0,10000,1,0,6000,0,1,0,7000,0,0,blocked,0,roce,0,6000,1000,0,0,0
1226000,0,9,59,0,2,4,inbound_arrival,0,1000,0,ring_allreduce,4,40000,1,reduce_scatter,2,0,10000,1000,1000,50000000,3,0,10000,1,0,7000,0,1,0,8000,0,0,blocked,0,roce,0,7000,1000,0,0,0
1234000,0,9,62,0,2,4,inbound_arrival,0,1000,0,ring_allreduce,4,40000,1,reduce_scatter,2,0,10000,1000,1000,50000000,3,0,10000,1,0,8000,0,1,0,9000,0,0,blocked,0,roce,0,8000,1000,0,0,0
1242000,0,9,65,0,2,4,inbound_arrival,0,1000,0,ring_allreduce,4,40000,1,reduce_scatter,2,0,10000,1000,1000,50000000,3,0,10000,1,0,9000,1,1,1,10000,0,0,blocked,1242000,roce,0,9000,1000,0,0,0
1244048,0,4,122,0,0,1,local_completion,0,0,0,ring_allreduce,4,40000,0,reduce_scatter,2,30000,10000,1000,1000,50000000,0,9,10000,0,1,10000,1,1,1,10000,0,0,blocked,1244048,roce,0,0,0,10000,1210000,34048
1273000,0,6,95,0,1,8,inbound_arrival,4,1000,0,ring_allreduce,4,40000,2,reduce_scatter,3,0,10000,1000,1000,50000000,7,4,10000,1,0,0,0,1,0,1000,0,0,blocked,0,roce,0,0,1000,0,0,0
1281000,0,6,98,0,1,8,inbound_arrival,4,1000,0,ring_allreduce,4,40000,2,reduce_scatter,3,0,10000,1000,1000,50000000,7,4,10000,1,0,1000,0,1,0,2000,0,0,blocked,0,roce,0,1000,1000,0,0,0
1283048,0,9,68,0,2,5,inbound_arrival,1,1000,0,ring_allreduce,4,40000,1,reduce_scatter,3,30000,10000,1000,1000,50000000,4,1,10000,0,0,0,0,0,0,1000,0,0,blocked,0,roce,0,0,1000,0,0,0
1289000,0,6,101,0,1,8,inbound_arrival,4,1000,0,ring_allreduce,4,40000,2,reduce_scatter,3,0,10000,1000,1000,50000000,7,4,10000,1,0,2000,0,1,0,3000,0,0,blocked,0,roce,0,2000,1000,0,0,0
1291560,0,9,74,0,2,5,inbound_arrival,1,1000,0,ring_allreduce,4,40000,1,reduce_scatter,3,30000,10000,1000,1000,50000000,4,1,10000,0,0,1000,0,0,0,2000,0,0,blocked,0,roce,0,1000,1000,0,0,0
1297000,0,6,104,0,1,8,inbound_arrival,4,1000,0,ring_allreduce,4,40000,2,reduce_scatter,3,0,10000,1000,1000,50000000,7,4,10000,1,0,3000,0,1,0,4000,0,0,blocked,0,roce,0,3000,1000,0,0,0
1300072,0,9,80,0,2,5,inbound_arrival,1,1000,0,ring_allreduce,4,40000,1,reduce_scatter,3,30000,10000,1000,1000,50000000,4,1,10000,0,0,2000,0,0,0,3000,0,0,blocked,0,roce,0,2000,1000,0,0,0
1305000,0,6,107,0,1,8,inbound_arrival,4,1000,0,ring_allreduce,4,40000,2,reduce_scatter,3,0,10000,1000,1000,50000000,7,4,10000,1,0,4000,0,1,0,5000,0,0,blocked,0,roce,0,4000,1000,0,0,0
1308584,0,9,86,0,2,5,inbound_arrival,1,1000,0,ring_allreduce,4,40000,1,reduce_scatter,3,30000,10000,1000,1000,50000000,4,1,10000,0,0,3000,0,0,0,4000,0,0,blocked,0,roce,0,3000,1000,0,0,0
1313512,0,6,110,0,1,8,inbound_arrival,4,1000,0,ring_allreduce,4,40000,2,reduce_scatter,3,0,10000,1000,1000,50000000,7,4,10000,1,0,5000,0,1,0,6000,0,0,blocked,0,roce,0,5000,1000,0,0,0
1317096,0,9,92,0,2,5,inbound_arrival,1,1000,0,ring_allreduce,4,40000,1,reduce_scatter,3,30000,10000,1000,1000,50000000,4,1,10000,0,0,4000,0,0,0,5000,0,0,blocked,0,roce,0,4000,1000,0,0,0
1322024,0,6,113,0,1,8,inbound_arrival,4,1000,0,ring_allreduce,4,40000,2,reduce_scatter,3,0,10000,1000,1000,50000000,7,4,10000,1,0,6000,0,1,0,7000,0,0,blocked,0,roce,0,6000,1000,0,0,0
1325608,0,9,98,0,2,5,inbound_arrival,1,1000,0,ring_allreduce,4,40000,1,reduce_scatter,3,30000,10000,1000,1000,50000000,4,1,10000,0,0,5000,0,0,0,6000,0,0,blocked,0,roce,0,5000,1000,0,0,0
1330536,0,6,116,0,1,8,inbound_arrival,4,1000,0,ring_allreduce,4,40000,2,reduce_scatter,3,0,10000,1000,1000,50000000,7,4,10000,1,0,7000,0,1,0,8000,0,0,blocked,0,roce,0,7000,1000,0,0,0
1334120,0,9,104,0,2,5,inbound_arrival,1,1000,0,ring_allreduce,4,40000,1,reduce_scatter,3,30000,10000,1000,1000,50000000,4,1,10000,0,0,6000,0,0,0,7000,0,0,blocked,0,roce,0,6000,1000,0,0,0
1339048,0,6,119,0,1,8,inbound_arrival,4,1000,0,ring_allreduce,4,40000,2,reduce_scatter,3,0,10000,1000,1000,50000000,7,4,10000,1,0,8000,0,1,0,9000,0,0,blocked,0,roce,0,8000,1000,0,0,0
1342632,0,9,110,0,2,5,inbound_arrival,1,1000,0,ring_allreduce,4,40000,1,reduce_scatter,3,30000,10000,1000,1000,50000000,4,1,10000,0,0,7000,0,0,0,8000,0,0,blocked,0,roce,0,7000,1000,0,0,0
1347560,0,6,122,0,1,8,inbound_arrival,4,1000,0,ring_allreduce,4,40000,2,reduce_scatter,3,0,10000,1000,1000,50000000,7,4,10000,1,0,9000,1,1,1,10000,0,0,blocked,1347560,roce,0,9000,1000,0,0,0
1351144,0,9,116,0,2,5,inbound_arrival,1,1000,0,ring_allreduce,4,40000,1,reduce_scatter,3,30000,10000,1000,1000,50000000,4,1,10000,0,0,8000,0,0,0,9000,0,0,blocked,0,roce,0,8000,1000,0,0,0
1359144,0,9,119,0,2,5,inbound_arrival,1,1000,0,ring_allreduce,4,40000,1,reduce_scatter,3,30000,10000,1000,1000,50000000,4,1,10000,0,0,9000,0,0,1,10000,0,0,blocked,0,roce,0,9000,1000,0,0,0
1360168,0,9,125,0,2,5,local_completion,4,0,0,ring_allreduce,4,40000,1,reduce_scatter,3,30000,10000,1000,1000,50000000,4,1,10000,0,1,10000,1,1,1,10000,0,0,blocked,1360168,roce,0,0,0,10000,1321000,25536
1361192,0,4,152,0,0,2,local_completion,1,0,0,ring_allreduce,4,40000,0,reduce_scatter,3,20000,10000,1000,1000,50000000,1,10,10000,0,1,10000,1,1,1,10000,0,0,blocked,1361192,roce,0,0,0,10000,1323048,34048
1386560,0,12,149,0,3,21,inbound_arrival,8,1000,0,ring_allreduce,4,40000,3,allgather,1,0,10000,1000,1000,50000000,11,8,10000,1,0,0,0,1,0,1000,0,0,blocked,0,roce,0,0,1000,0,0,0
1391168,0,6,125,0,1,18,inbound_arrival,5,1000,0,ring_allreduce,4,40000,2,allgather,1,30000,10000,1000,1000,50000000,8,5,10000,0,0,0,0,0,0,1000,0,0,blocked,0,roce,0,0,1000,0,0,0
1394560,0,12,152,0,3,21,inbound_arrival,8,1000,0,ring_allreduce,4,40000,3,allgather,1,0,10000,1000,1000,50000000,11,8,10000,1,0,1000,0,1,0,2000,0,0,blocked,0,roce,0,1000,1000,0,0,0
1399168,0,6,128,0,1,18,inbound_arrival,5,1000,0,ring_allreduce,4,40000,2,allgather,1,30000,10000,1000,1000,50000000,8,5,10000,0,0,1000,0,0,0,2000,0,0,blocked,0,roce,0,1000,1000,0,0,0
1402560,0,9,128,0,2,15,inbound_arrival,2,1000,0,ring_allreduce,4,40000,1,allgather,1,20000,10000,1000,1000,50000000,5,2,10000,0,0,0,0,0,0,1000,0,0,blocked,0,roce,0,0,1000,0,0,0
1402560,0,12,155,0,3,21,inbound_arrival,8,1000,0,ring_allreduce,4,40000,3,allgather,1,0,10000,1000,1000,50000000,11,8,10000,1,0,2000,0,1,0,3000,0,0,blocked,0,roce,0,2000,1000,0,0,0
1407680,0,6,134,0,1,18,inbound_arrival,5,1000,0,ring_allreduce,4,40000,2,allgather,1,30000,10000,1000,1000,50000000,8,5,10000,0,0,2000,0,0,0,3000,0,0,blocked,0,roce,0,2000,1000,0,0,0
1416192,0,6,140,0,1,18,inbound_arrival,5,1000,0,ring_allreduce,4,40000,2,allgather,1,30000,10000,1000,1000,50000000,8,5,10000,0,0,3000,0,0,0,4000,0,0,blocked,0,roce,0,3000,1000,0,0,0
1418560,0,9,131,0,2,15,inbound_arrival,2,1000,0,ring_allreduce,4,40000,1,allgather,1,20000,10000,1000,1000,50000000,5,2,10000,0,0,1000,0,0,0,2000,0,0,blocked,0,roce,0,1000,1000,0,0,0
1418560,0,12,158,0,3,21,inbound_arrival,8,1000,0,ring_allreduce,4,40000,3,allgather,1,0,10000,1000,1000,50000000,11,8,10000,1,0,3000,0,1,0,4000,0,0,blocked,0,roce,0,3000,1000,0,0,0
1424704,0,6,146,0,1,18,inbound_arrival,5,1000,0,ring_allreduce,4,40000,2,allgather,1,30000,10000,1000,1000,50000000,8,5,10000,0,0,4000,0,0,0,5000,0,0,blocked,0,roce,0,4000,1000,0,0,0
1433216,0,6,149,0,1,18,inbound_arrival,5,1000,0,ring_allreduce,4,40000,2,allgather,1,30000,10000,1000,1000,50000000,8,5,10000,0,0,5000,0,0,0,6000,0,0,blocked,0,roce,0,5000,1000,0,0,0
1434560,0,12,161,0,3,21,inbound_arrival,8,1000,0,ring_allreduce,4,40000,3,allgather,1,0,10000,1000,1000,50000000,11,8,10000,1,0,4000,0,1,0,5000,0,0,blocked,0,roce,0,4000,1000,0,0,0
1435072,0,9,137,0,2,15,inbound_arrival,2,1000,0,ring_allreduce,4,40000,1,allgather,1,20000,10000,1000,1000,50000000,5,2,10000,0,0,2000,0,0,0,3000,0,0,blocked,0,roce,0,2000,1000,0,0,0
1441728,0,6,155,0,1,18,inbound_arrival,5,1000,0,ring_allreduce,4,40000,2,allgather,1,30000,10000,1000,1000,50000000,8,5,10000,0,0,6000,0,0,0,7000,0,0,blocked,0,roce,0,6000,1000,0,0,0
1450240,0,6,158,0,1,18,inbound_arrival,5,1000,0,ring_allreduce,4,40000,2,allgather,1,30000,10000,1000,1000,50000000,8,5,10000,0,0,7000,0,0,0,8000,0,0,blocked,0,roce,0,7000,1000,0,0,0
1451072,0,12,164,0,3,21,inbound_arrival,8,1000,0,ring_allreduce,4,40000,3,allgather,1,0,10000,1000,1000,50000000,11,8,10000,1,0,5000,0,1,0,6000,0,0,blocked,0,roce,0,5000,1000,0,0,0
1451584,0,9,143,0,2,15,inbound_arrival,2,1000,0,ring_allreduce,4,40000,1,allgather,1,20000,10000,1000,1000,50000000,5,2,10000,0,0,3000,0,0,0,4000,0,0,blocked,0,roce,0,3000,1000,0,0,0
1458752,0,6,164,0,1,18,inbound_arrival,5,1000,0,ring_allreduce,4,40000,2,allgather,1,30000,10000,1000,1000,50000000,8,5,10000,0,0,8000,0,0,0,9000,0,0,blocked,0,roce,0,8000,1000,0,0,0
1467264,0,6,167,0,1,18,inbound_arrival,5,1000,0,ring_allreduce,4,40000,2,allgather,1,30000,10000,1000,1000,50000000,8,5,10000,0,0,9000,0,0,1,10000,0,0,blocked,0,roce,0,9000,1000,0,0,0
1467584,0,12,167,0,3,21,inbound_arrival,8,1000,0,ring_allreduce,4,40000,3,allgather,1,0,10000,1000,1000,50000000,11,8,10000,1,0,6000,0,1,0,7000,0,0,blocked,0,roce,0,6000,1000,0,0,0
1468096,0,9,149,0,2,15,inbound_arrival,2,1000,0,ring_allreduce,4,40000,1,allgather,1,20000,10000,1000,1000,50000000,5,2,10000,0,0,4000,0,0,0,5000,0,0,blocked,0,roce,0,4000,1000,0,0,0
1484096,0,12,170,0,3,21,inbound_arrival,8,1000,0,ring_allreduce,4,40000,3,allgather,1,0,10000,1000,1000,50000000,11,8,10000,1,0,7000,0,1,0,8000,0,0,blocked,0,roce,0,7000,1000,0,0,0
1492608,0,12,173,0,3,21,inbound_arrival,8,1000,0,ring_allreduce,4,40000,3,allgather,1,0,10000,1000,1000,50000000,11,8,10000,1,0,8000,0,1,0,9000,0,0,blocked,0,roce,0,8000,1000,0,0,0
1500608,0,12,176,0,3,21,inbound_arrival,8,1000,0,ring_allreduce,4,40000,3,allgather,1,0,10000,1000,1000,50000000,11,8,10000,1,0,9000,1,1,1,10000,0,0,blocked,1500608,roce,0,9000,1000,0,0,0
1501120,0,9,158,0,2,15,inbound_arrival,2,0,0,ring_allreduce,4,40000,1,allgather,1,20000,10000,1000,1000,50000000,5,2,10000,0,0,5000,0,0,0,5000,0,0,blocked,0,roce,0,8000,1000,0,0,0
1503168,0,6,185,0,1,18,local_completion,8,0,0,ring_allreduce,4,40000,2,allgather,1,30000,10000,1000,1000,50000000,8,5,10000,0,1,10000,1,1,1,10000,0,0,blocked,1503168,roce,0,0,0,10000,1426560,34048
1509120,0,9,161,0,2,15,inbound_arrival,2,0,0,ring_allreduce,4,40000,1,allgather,1,20000,10000,1000,1000,50000000,5,2,10000,0,0,5000,0,0,0,5000,0,0,blocked,0,roce,0,9000,1000,0,0,0
1510144,0,9,167,0,2,15,local_completion,5,0,0,ring_allreduce,4,40000,1,allgather,1,20000,10000,1000,1000,50000000,5,2,10000,0,0,5000,0,1,0,5000,0,0,blocked,0,roce,0,0,0,10000,1439168,25536
1542168,0,12,179,0,3,22,inbound_arrival,18,1000,0,ring_allreduce,4,40000,3,allgather,2,30000,10000,1000,1000,50000000,21,18,10000,0,0,0,0,0,0,1000,0,0,blocked,0,roce,0,0,1000,0,0,0
1547608,0,4,179,0,0,13,inbound_arrival,21,1000,0,ring_allreduce,4,40000,0,allgather,2,0,10000,1000,1000,50000000,12,21,10000,0,0,0,0,0,0,1000,0,0,blocked,0,roce,0,0,1000,0,0,0
1550168,0,9,170,0,2,15,inbound_arrival,2,1000,0,ring_allreduce,4,40000,1,allgather,1,20000,10000,1000,1000,50000000,5,2,10000,1,0,5000,0,1,0,6000,0,0,blocked,0,roce,0,5000,1000,0,0,0
1550168,0,12,182,0,3,22,inbound_arrival,18,1000,0,ring_allreduce,4,40000,3,allgather,2,30000,10000,1000,1000,50000000,21,18,10000,0,0,1000,0,0,0,2000,0,0,blocked,0,roce,0,1000,1000,0,0,0
1555608,0,4,182,0,0,13,inbound_arrival,21,1000,0,ring_allreduce,4,40000,0,allgather,2,0,10000,1000,1000,50000000,12,21,10000,0,0,1000,0,0,0,2000,0,0,blocked,0,roce,0,1000,1000,0,0,0
1563608,0,4,185,0,0,13,inbound_arrival,21,1000,0,ring_allreduce,4,40000,0,allgather,2,0,10000,1000,1000,50000000,12,21,10000,0,0,2000,0,0,0,3000,0,0,blocked,0,roce,0,2000,1000,0,0,0
1566168,0,9,173,0,2,15,inbound_arrival,2,1000,0,ring_allreduce,4,40000,1,allgather,1,20000,10000,1000,1000,50000000,5,2,10000,1,0,6000,0,1,0,7000,0,0,blocked,0,roce,0,6000,1000,0,0,0
1566168,0,12,185,0,3,22,inbound_arrival,18,1000,0,ring_allreduce,4,40000,3,allgather,2,30000,10000,1000,1000,50000000,21,18,10000,0,0,2000,0,0,0,3000,0,0,blocked,0,roce,0,2000,1000,0,0,0
1571608,0,4,188,0,0,13,inbound_arrival,21,1000,0,ring_allreduce,4,40000,0,allgather,2,0,10000,1000,1000,50000000,12,21,10000,0,0,3000,0,0,0,4000,0,0,blocked,0,roce,0,3000,1000,0,0,0
1580120,0,4,194,0,0,13,inbound_arrival,21,1000,0,ring_allreduce,4,40000,0,allgather,2,0,10000,1000,1000,50000000,12,21,10000,0,0,4000,0,0,0,5000,0,0,blocked,0,roce,0,4000,1000,0,0,0
1582168,0,9,176,0,2,15,inbound_arrival,2,1000,0,ring_allreduce,4,40000,1,allgather,1,20000,10000,1000,1000,50000000,5,2,10000,1,0,7000,0,1,0,8000,0,0,blocked,0,roce,0,7000,1000,0,0,0
1582168,0,12,188,0,3,22,inbound_arrival,18,1000,0,ring_allreduce,4,40000,3,allgather,2,30000,10000,1000,1000,50000000,21,18,10000,0,0,3000,0,0,0,4000,0,0,blocked,0,roce,0,3000,1000,0,0,0
1588632,0,4,197,0,0,13,inbound_arrival,21,1000,0,ring_allreduce,4,40000,0,allgather,2,0,10000,1000,1000,50000000,12,21,10000,0,0,5000,0,0,0,6000,0,0,blocked,0,roce,0,5000,1000,0,0,0
1597656,0,4,203,0,0,13,inbound_arrival,21,1000,0,ring_allreduce,4,40000,0,allgather,2,0,10000,1000,1000,50000000,12,21,10000,0,0,6000,0,0,0,7000,0,0,blocked,0,roce,0,6000,1000,0,0,0
1598168,0,9,179,0,2,15,inbound_arrival,2,1000,0,ring_allreduce,4,40000,1,allgather,1,20000,10000,1000,1000,50000000,5,2,10000,1,0,8000,0,1,0,9000,0,0,blocked,0,roce,0,8000,1000,0,0,0
1598168,0,12,191,0,3,22,inbound_arrival,18,1000,0,ring_allreduce,4,40000,3,allgather,2,30000,10000,1000,1000,50000000,21,18,10000,0,0,4000,0,0,0,5000,0,0,blocked,0,roce,0,4000,1000,0,0,0
1605656,0,4,206,0,0,13,inbound_arrival,21,1000,0,ring_allreduce,4,40000,0,allgather,2,0,10000,1000,1000,50000000,12,21,10000,0,0,7000,0,0,0,8000,0,0,blocked,0,roce,0,7000,1000,0,0,0
1614168,0,9,182,0,2,15,inbound_arrival,2,1000,0,ring_allreduce,4,40000,1,allgather,1,20000,10000,1000,1000,50000000,5,2,10000,1,0,9000,1,1,1,10000,0,0,blocked,1614168,roce,0,9000,1000,0,0,0
1614168,0,12,194,0,3,22,inbound_arrival,18,1000,0,ring_allreduce,4,40000,3,allgather,2,30000,10000,1000,1000,50000000,21,18,10000,0,0,5000,0,0,0,6000,0,0,blocked,0,roce,0,5000,1000,0,0,0
1614680,0,4,212,0,0,13,inbound_arrival,21,1000,0,ring_allreduce,4,40000,0,allgather,2,0,10000,1000,1000,50000000,12,21,10000,0,0,8000,0,0,0,9000,0,0,blocked,0,roce,0,8000,1000,0,0,0
1622680,0,4,215,0,0,13,inbound_arrival,21,1000,0,ring_allreduce,4,40000,0,allgather,2,0,10000,1000,1000,50000000,12,21,10000,0,0,9000,0,0,1,10000,0,0,blocked,0,roce,0,9000,1000,0,0,0
1623704,0,4,221,0,0,12,local_completion,2,0,0,ring_allreduce,4,40000,0,allgather,1,10000,10000,1000,1000,50000000,2,11,10000,0,1,10000,1,1,1,10000,0,0,blocked,1623704,roce,0,0,0,10000,1545192,34048
1625240,0,12,224,0,3,22,local_completion,21,0,0,ring_allreduce,4,40000,3,allgather,2,30000,10000,1000,1000,50000000,21,18,10000,0,0,6000,0,1,0,6000,0,0,blocked,0,roce,0,0,0,10000,1579608,42560
1645168,0,6,206,0,1,19,inbound_arrival,15,1000,0,ring_allreduce,4,40000,2,allgather,2,20000,10000,1000,1000,50000000,18,15,10000,0,0,0,0,0,0,1000,0,0,blocked,0,roce,0,0,1000,0,0,0
1653168,0,6,209,0,1,19,inbound_arrival,15,1000,0,ring_allreduce,4,40000,2,allgather,2,20000,10000,1000,1000,50000000,18,15,10000,0,0,1000,0,0,0,2000,0,0,blocked,0,roce,0,1000,1000,0,0,0
1661168,0,6,212,0,1,19,inbound_arrival,15,1000,0,ring_allreduce,4,40000,2,allgather,2,20000,10000,1000,1000,50000000,18,15,10000,0,0,2000,0,0,0,3000,0,0,blocked,0,roce,0,2000,1000,0,0,0
1662704,0,9,188,0,2,16,inbound_arrival,12,1000,0,ring_allreduce,4,40000,1,allgather,2,10000,10000,1000,1000,50000000,15,12,10000,0,0,0,0,0,0,1000,0,0,blocked,0,roce,0,0,1000,0,0,0
1669168,0,6,215,0,1,19,inbound_arrival,15,1000,0,ring_allreduce,4,40000,2,allgather,2,20000,10000,1000,1000,50000000,18,15,10000,0,0,3000,0,0,0,4000,0,0,blocked,0,roce,0,3000,1000,0,0,0
1671216,0,9,194,0,2,16,inbound_arrival,12,1000,0,ring_allreduce,4,40000,1,allgather,2,10000,10000,1000,1000,50000000,15,12,10000,0,0,1000,0,0,0,2000,0,0,blocked,0,roce,0,1000,1000,0,0,0
1677168,0,6,218,0,1,19,inbound_arrival,15,1000,0,ring_allreduce,4,40000,2,allgather,2,20000,10000,1000,1000,50000000,18,15,10000,0,0,4000,0,0,0,5000,0,0,blocked,0,roce,0,4000,1000,0,0,0
1679728,0,9,200,0,2,16,inbound_arrival,12,1000,0,ring_allreduce,4,40000,1,allgather,2,10000,10000,1000,1000,50000000,15,12,10000,0,0,2000,0,0,0,3000,0,0,blocked,0,roce,0,2000,1000,0,0,0
1685168,0,6,221,0,1,19,inbound_arrival,15,1000,0,ring_allreduce,4,40000,2,allgather,2,20000,10000,1000,1000,50000000,18,15,10000,0,0,5000,0,0,0,6000,0,0,blocked,0,roce,0,5000,1000,0,0,0
1688240,0,9,206,0,2,16,inbound_arrival,12,1000,0,ring_allreduce,4,40000,1,allgather,2,10000,10000,1000,1000,50000000,15,12,10000,0,0,3000,0,0,0,4000,0,0,blocked,0,roce,0,3000,1000,0,0,0
1693680,0,6,224,0,1,19,inbound_arrival,15,1000,0,ring_allreduce,4,40000,2,allgather,2,20000,10000,1000,1000,50000000,18,15,10000,0,0,6000,0,0,0,7000,0,0,blocked,0,roce,0,6000,1000,0,0,0
1696752,0,9,212,0,2,16,inbound_arrival,12,1000,0,ring_allreduce,4,40000,1,allgather,2,10000,10000,1000,1000,50000000,15,12,10000,0,0,4000,0,0,0,5000,0,0,blocked,0,roce,0,4000,1000,0,0,0
1702192,0,6,227,0,1,19,inbound_arrival,15,1000,0,ring_allreduce,4,40000,2,allgather,2,20000,10000,1000,1000,50000000,18,15,10000,0,0,7000,0,0,0,8000,0,0,blocked,0,roce,0,7000,1000,0,0,0
1705264,0,9,218,0,2,16,inbound_arrival,12,1000,0,ring_allreduce,4,40000,1,allgather,2,10000,10000,1000,1000,50000000,15,12,10000,0,0,5000,0,0,0,6000,0,0,blocked,0,roce,0,5000,1000,0,0,0
1710704,0,6,230,0,1,19,inbound_arrival,15,1000,0,ring_allreduce,4,40000,2,allgather,2,20000,10000,1000,1000,50000000,18,15,10000,0,0,8000,0,0,0,9000,0,0,blocked,0,roce,0,8000,1000,0,0,0
1713776,0,9,224,0,2,16,inbound_arrival,12,1000,0,ring_allreduce,4,40000,1,allgather,2,10000,10000,1000,1000,50000000,15,12,10000,0,0,6000,0,0,0,7000,0,0,blocked,0,roce,0,6000,1000,0,0,0
1719216,0,6,233,0,1,19,inbound_arrival,15,1000,0,ring_allreduce,4,40000,2,allgather,2,20000,10000,1000,1000,50000000,18,15,10000,0,0,9000,0,0,1,10000,0,0,blocked,0,roce,0,9000,1000,0,0,0
1722288,0,9,230,0,2,16,inbound_arrival,12,1000,0,ring_allreduce,4,40000,1,allgather,2,10000,10000,1000,1000,50000000,15,12,10000,0,0,7000,0,0,0,8000,0,0,blocked,0,roce,0,7000,1000,0,0,0
1730288,0,9,233,0,2,16,inbound_arrival,12,1000,0,ring_allreduce,4,40000,1,allgather,2,10000,10000,1000,1000,50000000,15,12,10000,0,0,8000,0,0,0,9000,0,0,blocked,0,roce,0,8000,1000,0,0,0
1738800,0,9,239,0,2,16,inbound_arrival,12,1000,0,ring_allreduce,4,40000,1,allgather,2,10000,10000,1000,1000,50000000,15,12,10000,0,0,9000,0,0,1,10000,0,0,blocked,0,roce,0,9000,1000,0,0,0
1739312,0,9,242,0,2,16,local_completion,15,0,0,ring_allreduce,4,40000,1,allgather,2,10000,10000,1000,1000,50000000,15,12,10000,0,1,10000,1,1,1,10000,0,0,blocked,1739312,roce,0,0,0,10000,1693168,25536
1740848,0,4,251,0,0,13,local_completion,12,0,0,ring_allreduce,4,40000,0,allgather,2,0,10000,1000,1000,50000000,12,21,10000,0,1,10000,1,1,1,10000,0,0,blocked,1740848,roce,0,0,0,10000,1702704,34048
1770312,0,6,236,0,1,20,inbound_arrival,16,1000,0,ring_allreduce,4,40000,2,allgather,3,10000,10000,1000,1000,50000000,19,16,10000,0,0,0,0,0,0,1000,0,0,blocked,0,roce,0,0,1000,0,0,0
1778312,0,6,239,0,1,20,inbound_arrival,16,1000,0,ring_allreduce,4,40000,2,allgather,3,10000,10000,1000,1000,50000000,19,16,10000,0,0,1000,0,0,0,2000,0,0,blocked,0,roce,0,1000,1000,0,0,0
1779848,0,9,245,0,2,17,inbound_arrival,13,1000,0,ring_allreduce,4,40000,1,allgather,3,0,10000,1000,1000,50000000,16,13,10000,0,0,0,0,0,0,1000,0,0,blocked,0,roce,0,0,1000,0,0,0
1786312,0,6,242,0,1,20,inbound_arrival,16,1000,0,ring_allreduce,4,40000,2,allgather,3,10000,10000,1000,1000,50000000,19,16,10000,0,0,2000,0,0,0,3000,0,0,blocked,0,roce,0,2000,1000,0,0,0
1788360,0,9,251,0,2,17,inbound_arrival,13,1000,0,ring_allreduce,4,40000,1,allgather,3,0,10000,1000,1000,50000000,16,13,10000,0,0,1000,0,0,0,2000,0,0,blocked,0,roce,0,1000,1000,0,0,0
1794312,0,6,245,0,1,20,inbound_arrival,16,1000,0,ring_allreduce,4,40000,2,allgather,3,10000,10000,1000,1000,50000000,19,16,10000,0,0,3000,0,0,0,4000,0,0,blocked,0,roce,0,3000,1000,0,0,0
1796872,0,9,257,0,2,17,inbound_arrival,13,1000,0,ring_allreduce,4,40000,1,allgather,3,0,10000,1000,1000,50000000,16,13,10000,0,0,2000,0,0,0,3000,0,0,blocked,0,roce,0,2000,1000,0,0,0
1802312,0,6,248,0,1,20,inbound_arrival,16,1000,0,ring_allreduce,4,40000,2,allgather,3,10000,10000,1000,1000,50000000,19,16,10000,0,0,4000,0,0,0,5000,0,0,blocked,0,roce,0,4000,1000,0,0,0
1805384,0,9,263,0,2,17,inbound_arrival,13,1000,0,ring_allreduce,4,40000,1,allgather,3,0,10000,1000,1000,50000000,16,13,10000,0,0,3000,0,0,0,4000,0,0,blocked,0,roce,0,3000,1000,0,0,0
1810824,0,6,251,0,1,20,inbound_arrival,16,1000,0,ring_allreduce,4,40000,2,allgather,3,10000,10000,1000,1000,50000000,19,16,10000,0,0,5000,0,0,0,6000,0,0,blocked,0,roce,0,5000,1000,0,0,0
1813896,0,9,269,0,2,17,inbound_arrival,13,1000,0,ring_allreduce,4,40000,1,allgather,3,0,10000,1000,1000,50000000,16,13,10000,0,0,4000,0,0,0,5000,0,0,blocked,0,roce,0,4000,1000,0,0,0
1819336,0,6,254,0,1,20,inbound_arrival,16,1000,0,ring_allreduce,4,40000,2,allgather,3,10000,10000,1000,1000,50000000,19,16,10000,0,0,6000,0,0,0,7000,0,0,blocked,0,roce,0,6000,1000,0,0,0
1822408,0,9,275,0,2,17,inbound_arrival,13,1000,0,ring_allreduce,4,40000,1,allgather,3,0,10000,1000,1000,50000000,16,13,10000,0,0,5000,0,0,0,6000,0,0,blocked,0,roce,0,5000,1000,0,0,0
1827848,0,6,257,0,1,20,inbound_arrival,16,1000,0,ring_allreduce,4,40000,2,allgather,3,10000,10000,1000,1000,50000000,19,16,10000,0,0,7000,0,0,0,8000,0,0,blocked,0,roce,0,7000,1000,0,0,0
1830920,0,9,281,0,2,17,inbound_arrival,13,1000,0,ring_allreduce,4,40000,1,allgather,3,0,10000,1000,1000,50000000,16,13,10000,0,0,6000,0,0,0,7000,0,0,blocked,0,roce,0,6000,1000,0,0,0
1836360,0,6,260,0,1,20,inbound_arrival,16,1000,0,ring_allreduce,4,40000,2,allgather,3,10000,10000,1000,1000,50000000,19,16,10000,0,0,8000,0,0,0,9000,0,0,blocked,0,roce,0,8000,1000,0,0,0
1839432,0,9,287,0,2,17,inbound_arrival,13,1000,0,ring_allreduce,4,40000,1,allgather,3,0,10000,1000,1000,50000000,16,13,10000,0,0,7000,0,0,0,8000,0,0,blocked,0,roce,0,7000,1000,0,0,0
1844872,0,6,263,0,1,20,inbound_arrival,16,1000,0,ring_allreduce,4,40000,2,allgather,3,10000,10000,1000,1000,50000000,19,16,10000,0,0,9000,0,0,1,10000,0,0,blocked,0,roce,0,9000,1000,0,0,0
1847432,0,9,290,0,2,17,inbound_arrival,13,1000,0,ring_allreduce,4,40000,1,allgather,3,0,10000,1000,1000,50000000,16,13,10000,0,0,8000,0,0,0,9000,0,0,blocked,0,roce,0,8000,1000,0,0,0
1855944,0,9,296,0,2,17,inbound_arrival,13,1000,0,ring_allreduce,4,40000,1,allgather,3,0,10000,1000,1000,50000000,16,13,10000,0,0,9000,0,0,1,10000,0,0,blocked,0,roce,0,9000,1000,0,0,0
1856968,0,9,302,0,2,17,local_completion,16,0,0,ring_allreduce,4,40000,1,allgather,3,0,10000,1000,1000,50000000,16,13,10000,0,1,10000,1,1,1,10000,0,0,blocked,1856968,roce,0,0,0,10000,1818312,25536
1857992,0,4,281,0,0,14,local_completion,13,0,0,ring_allreduce,4,40000,0,allgather,3,30000,10000,1000,1000,50000000,13,22,10000,0,0,0,0,1,0,0,0,0,blocked,0,roce,0,0,0,10000,1819848,34048
2656168,0,12,227,0,3,22,inbound_arrival,18,1000,0,ring_allreduce,4,40000,3,allgather,2,30000,10000,1000,1000,50000000,21,18,10000,1,0,6000,0,1,0,7000,0,0,blocked,0,roce,0,6000,1000,0,0,0
2664168,0,12,230,0,3,22,inbound_arrival,18,1000,0,ring_allreduce,4,40000,3,allgather,2,30000,10000,1000,1000,50000000,21,18,10000,1,0,7000,0,1,0,8000,0,0,blocked,0,roce,0,7000,1000,0,0,0
2672168,0,12,233,0,3,22,inbound_arrival,18,1000,0,ring_allreduce,4,40000,3,allgather,2,30000,10000,1000,1000,50000000,21,18,10000,1,0,8000,0,1,0,9000,0,0,blocked,0,roce,0,8000,1000,0,0,0
2680168,0,12,236,0,3,22,inbound_arrival,18,1000,0,ring_allreduce,4,40000,3,allgather,2,30000,10000,1000,1000,50000000,21,18,10000,1,0,9000,1,1,1,10000,0,0,blocked,2680168,roce,0,9000,1000,0,0,0
2682216,0,6,305,0,1,19,local_completion,18,0,0,ring_allreduce,4,40000,2,allgather,2,20000,10000,1000,1000,50000000,18,15,10000,0,1,10000,1,1,1,10000,0,0,blocked,2682216,roce,0,0,0,10000,2648168,34048
2721216,0,12,239,0,3,23,inbound_arrival,19,1000,0,ring_allreduce,4,40000,3,allgather,3,20000,10000,1000,1000,50000000,22,19,10000,0,0,0,0,0,0,1000,0,0,blocked,0,roce,0,0,1000,0,0,0
2727168,0,4,284,0,0,14,inbound_arrival,22,1000,0,ring_allreduce,4,40000,0,allgather,3,30000,10000,1000,1000,50000000,13,22,10000,1,0,0,0,1,0,1000,0,0,blocked,0,roce,0,0,1000,0,0,0
2729216,0,12,242,0,3,23,inbound_arrival,19,1000,0,ring_allreduce,4,40000,3,allgather,3,20000,10000,1000,1000,50000000,22,19,10000,0,0,1000,0,0,0,2000,0,0,blocked,0,roce,0,1000,1000,0,0,0
2735168,0,4,287,0,0,14,inbound_arrival,22,1000,0,ring_allreduce,4,40000,0,allgather,3,30000,10000,1000,1000,50000000,13,22,10000,1,0,1000,0,1,0,2000,0,0,blocked,0,roce,0,1000,1000,0,0,0
2737216,0,12,245,0,3,23,inbound_arrival,19,1000,0,ring_allreduce,4,40000,3,allgather,3,20000,10000,1000,1000,50000000,22,19,10000,0,0,2000,0,0,0,3000,0,0,blocked,0,roce,0,2000,1000,0,0,0
2743168,0,4,290,0,0,14,inbound_arrival,22,1000,0,ring_allreduce,4,40000,0,allgather,3,30000,10000,1000,1000,50000000,13,22,10000,1,0,2000,0,1,0,3000,0,0,blocked,0,roce,0,2000,1000,0,0,0
2745216,0,12,248,0,3,23,inbound_arrival,19,1000,0,ring_allreduce,4,40000,3,allgather,3,20000,10000,1000,1000,50000000,22,19,10000,0,0,3000,0,0,0,4000,0,0,blocked,0,roce,0,3000,1000,0,0,0
2751168,0,4,293,0,0,14,inbound_arrival,22,1000,0,ring_allreduce,4,40000,0,allgather,3,30000,10000,1000,1000,50000000,13,22,10000,1,0,3000,0,1,0,4000,0,0,blocked,0,roce,0,3000,1000,0,0,0
2753728,0,12,254,0,3,23,inbound_arrival,19,1000,0,ring_allreduce,4,40000,3,allgather,3,20000,10000,1000,1000,50000000,22,19,10000,0,0,4000,0,0,0,5000,0,0,blocked,0,roce,0,4000,1000,0,0,0
2759168,0,4,296,0,0,14,inbound_arrival,22,1000,0,ring_allreduce,4,40000,0,allgather,3,30000,10000,1000,1000,50000000,13,22,10000,1,0,4000,0,1,0,5000,0,0,blocked,0,roce,0,4000,1000,0,0,0
2762240,0,12,260,0,3,23,inbound_arrival,19,1000,0,ring_allreduce,4,40000,3,allgather,3,20000,10000,1000,1000,50000000,22,19,10000,0,0,5000,0,0,0,6000,0,0,blocked,0,roce,0,5000,1000,0,0,0
2767680,0,4,299,0,0,14,inbound_arrival,22,1000,0,ring_allreduce,4,40000,0,allgather,3,30000,10000,1000,1000,50000000,13,22,10000,1,0,5000,0,1,0,6000,0,0,blocked,0,roce,0,5000,1000,0,0,0
2770752,0,12,266,0,3,23,inbound_arrival,19,1000,0,ring_allreduce,4,40000,3,allgather,3,20000,10000,1000,1000,50000000,22,19,10000,0,0,6000,0,0,0,7000,0,0,blocked,0,roce,0,6000,1000,0,0,0
2776192,0,4,302,0,0,14,inbound_arrival,22,1000,0,ring_allreduce,4,40000,0,allgather,3,30000,10000,1000,1000,50000000,13,22,10000,1,0,6000,0,1,0,7000,0,0,blocked,0,roce,0,6000,1000,0,0,0
2779264,0,12,272,0,3,23,inbound_arrival,19,1000,0,ring_allreduce,4,40000,3,allgather,3,20000,10000,1000,1000,50000000,22,19,10000,0,0,7000,0,0,0,8000,0,0,blocked,0,roce,0,7000,1000,0,0,0
2784704,0,4,305,0,0,14,inbound_arrival,22,1000,0,ring_allreduce,4,40000,0,allgather,3,30000,10000,1000,1000,50000000,13,22,10000,1,0,7000,0,1,0,8000,0,0,blocked,0,roce,0,7000,1000,0,0,0
2787776,0,12,278,0,3,23,inbound_arrival,19,1000,0,ring_allreduce,4,40000,3,allgather,3,20000,10000,1000,1000,50000000,22,19,10000,0,0,8000,0,0,0,9000,0,0,blocked,0,roce,0,8000,1000,0,0,0
2793216,0,4,308,0,0,14,inbound_arrival,22,1000,0,ring_allreduce,4,40000,0,allgather,3,30000,10000,1000,1000,50000000,13,22,10000,1,0,8000,0,1,0,9000,0,0,blocked,0,roce,0,8000,1000,0,0,0
2796288,0,12,284,0,3,23,inbound_arrival,19,1000,0,ring_allreduce,4,40000,3,allgather,3,20000,10000,1000,1000,50000000,22,19,10000,0,0,9000,0,0,1,10000,0,0,blocked,0,roce,0,9000,1000,0,0,0
2798336,0,6,335,0,1,20,local_completion,19,0,0,ring_allreduce,4,40000,2,allgather,3,10000,10000,1000,1000,50000000,19,16,10000,0,1,10000,1,1,1,10000,0,0,blocked,2798336,roce,0,0,0,10000,2761216,34048
2801728,0,4,311,0,0,14,inbound_arrival,22,1000,0,ring_allreduce,4,40000,0,allgather,3,30000,10000,1000,1000,50000000,13,22,10000,1,0,9000,1,1,1,10000,0,0,blocked,2801728,roce,0,9000,1000,0,0,0
2804288,0,12,296,0,3,23,local_completion,22,0,0,ring_allreduce,4,40000,3,allgather,3,20000,10000,1000,1000,50000000,22,19,10000,0,1,10000,1,1,1,10000,0,0,blocked,2804288,roce,0,0,0,10000,2759168,42560
