time_ns,event_phase,event_origin_node,event_origin_sequence,ordinal,node_id,flow_id,cause,cause_flow_id,arrival_bytes,collective_id,algorithm,group_size,declared_total_bytes,rank,collective_phase,step,chunk_offset_bytes,chunk_bytes,packet_size_bytes,interval_ns,stop_time_ns,local_predecessor_flow_id,inbound_predecessor_flow_id,inbound_predecessor_bytes,before_local_complete,before_inbound_complete,before_inbound_bytes,activated,after_local_complete,after_inbound_complete,after_inbound_bytes,after_packets_emitted,after_bytes_emitted,after_status,after_next_time_ns,stage_kind,duration_ns
5000,1,0,0,0,0,0,local_completion,15,0,0,ring_allreduce,3,3000,0,reduce_scatter,1,0,1000,500,0,50000000,15,,1000,0,1,0,1,1,1,0,2,1000,blocked,0,tcp,0
5000,1,1,0,0,1,2,local_completion,16,0,0,ring_allreduce,3,3000,1,reduce_scatter,1,1000,1000,500,0,50000000,16,,1000,0,1,0,1,1,1,0,2,1000,blocked,0,tcp,0
5000,1,2,0,0,2,4,local_completion,17,0,0,ring_allreduce,3,3000,2,reduce_scatter,1,2000,1000,500,0,50000000,17,,1000,0,1,0,1,1,1,0,2,1000,blocked,0,tcp,0
7000,0,3,2,0,0,1,inbound_arrival,4,500,0,ring_allreduce,3,3000,0,reduce_scatter,2,2000,1000,500,0,50000000,0,4,1000,0,0,0,0,0,0,500,0,0,blocked,0,tcp,0
7000,0,5,2,0,1,3,inbound_arrival,0,500,0,ring_allreduce,3,3000,1,reduce_scatter,2,0,1000,500,0,50000000,2,0,1000,0,0,0,0,0,0,500,0,0,blocked,0,tcp,0
7000,0,7,2,0,2,5,inbound_arrival,2,500,0,ring_allreduce,3,3000,2,reduce_scatter,2,1000,1000,500,0,50000000,4,2,1000,0,0,0,0,0,0,500,0,0,blocked,0,tcp,0
7500,0,3,5,0,0,1,inbound_arrival,4,500,0,ring_allreduce,3,3000,0,reduce_scatter,2,2000,1000,500,0,50000000,0,4,1000,0,0,500,0,0,1,1000,0,0,blocked,0,tcp,0
7500,0,5,5,0,1,3,inbound_arrival,0,500,0,ring_allreduce,3,3000,1,reduce_scatter,2,0,1000,500,0,50000000,2,0,1000,0,0,500,0,0,1,1000,0,0,blocked,0,tcp,0
7500,0,7,5,0,2,5,inbound_arrival,2,500,0,ring_allreduce,3,3000,2,reduce_scatter,2,1000,1000,500,0,50000000,4,2,1000,0,0,500,0,0,1,1000,0,0,blocked,0,tcp,0
7660,0,3,11,0,0,1,local_completion,0,0,0,ring_allreduce,3,3000,0,reduce_scatter,2,2000,1000,500,0,50000000,0,4,1000,0,1,1000,1,1,1,1000,2,1000,blocked,0,tcp,0
7660,0,5,11,0,1,3,local_completion,2,0,0,ring_allreduce,3,3000,1,reduce_scatter,2,0,1000,500,0,50000000,2,0,1000,0,1,1000,1,1,1,1000,2,1000,blocked,0,tcp,0
7660,0,7,11,0,2,5,local_completion,4,0,0,ring_allreduce,3,3000,2,reduce_scatter,2,1000,1000,500,0,50000000,4,2,1000,0,1,1000,1,1,1,1000,2,1000,blocked,0,tcp,0
9660,0,3,14,0,0,6,inbound_arrival,5,500,0,ring_allreduce,3,3000,0,allgather,1,1000,1000,500,0,50000000,1,5,1000,0,0,0,0,0,0,500,0,0,blocked,0,tcp,0
9660,0,5,14,0,1,8,inbound_arrival,1,500,0,ring_allreduce,3,3000,1,allgather,1,2000,1000,500,0,50000000,3,1,1000,0,0,0,0,0,0,500,0,0,blocked,0,tcp,0
9660,0,7,14,0,2,10,inbound_arrival,3,500,0,ring_allreduce,3,3000,2,allgather,1,0,1000,500,0,50000000,5,3,1000,0,0,0,0,0,0,500,0,0,blocked,0,tcp,0
10160,0,3,17,0,0,6,inbound_arrival,5,500,0,ring_allreduce,3,3000,0,allgather,1,1000,1000,500,0,50000000,1,5,1000,0,0,500,0,0,1,1000,0,0,blocked,0,tcp,0
10160,0,5,17,0,1,8,inbound_arrival,1,500,0,ring_allreduce,3,3000,1,allgather,1,2000,1000,500,0,50000000,3,1,1000,0,0,500,0,0,1,1000,0,0,blocked,0,tcp,0
10160,0,7,17,0,2,10,inbound_arrival,3,500,0,ring_allreduce,3,3000,2,allgather,1,0,1000,500,0,50000000,5,3,1000,0,0,500,0,0,1,1000,0,0,blocked,0,tcp,0
10320,0,3,23,0,0,6,local_completion,1,0,0,ring_allreduce,3,3000,0,allgather,1,1000,1000,500,0,50000000,1,5,1000,0,1,1000,1,1,1,1000,2,1000,blocked,0,tcp,0
10320,0,5,23,0,1,8,local_completion,3,0,0,ring_allreduce,3,3000,1,allgather,1,2000,1000,500,0,50000000,3,1,1000,0,1,1000,1,1,1,1000,2,1000,blocked,0,tcp,0
10320,0,7,23,0,2,10,local_completion,5,0,0,ring_allreduce,3,3000,2,allgather,1,0,1000,500,0,50000000,5,3,1000,0,1,1000,1,1,1,1000,2,1000,blocked,0,tcp,0
12320,0,3,26,0,0,7,inbound_arrival,10,500,0,ring_allreduce,3,3000,0,allgather,2,0,1000,500,0,50000000,6,10,1000,0,0,0,0,0,0,500,0,0,blocked,0,tcp,0
12320,0,5,26,0,1,9,inbound_arrival,6,500,0,ring_allreduce,3,3000,1,allgather,2,1000,1000,500,0,50000000,8,6,1000,0,0,0,0,0,0,500,0,0,blocked,0,tcp,0
12320,0,7,26,0,2,11,inbound_arrival,8,500,0,ring_allreduce,3,3000,2,allgather,2,2000,1000,500,0,50000000,10,8,1000,0,0,0,0,0,0,500,0,0,blocked,0,tcp,0
12820,0,3,29,0,0,7,inbound_arrival,10,500,0,ring_allreduce,3,3000,0,allgather,2,0,1000,500,0,50000000,6,10,1000,0,0,500,0,0,1,1000,0,0,blocked,0,tcp,0
12820,0,5,29,0,1,9,inbound_arrival,6,500,0,ring_allreduce,3,3000,1,allgather,2,1000,1000,500,0,50000000,8,6,1000,0,0,500,0,0,1,1000,0,0,blocked,0,tcp,0
12820,0,7,29,0,2,11,inbound_arrival,8,500,0,ring_allreduce,3,3000,2,allgather,2,2000,1000,500,0,50000000,10,8,1000,0,0,500,0,0,1,1000,0,0,blocked,0,tcp,0
12980,0,3,35,0,0,7,local_completion,6,0,0,ring_allreduce,3,3000,0,allgather,2,0,1000,500,0,50000000,6,10,1000,0,1,1000,1,1,1,1000,2,1000,blocked,0,tcp,0
12980,0,5,35,0,1,9,local_completion,8,0,0,ring_allreduce,3,3000,1,allgather,2,1000,1000,500,0,50000000,8,6,1000,0,1,1000,1,1,1,1000,2,1000,blocked,0,tcp,0
12980,0,7,35,0,2,11,local_completion,10,0,0,ring_allreduce,3,3000,2,allgather,2,2000,1000,500,0,50000000,10,8,1000,0,1,1000,1,1,1,1000,2,1000,blocked,0,tcp,0
14980,0,3,38,0,0,12,inbound_arrival,11,500,0,,3,0,0,,0,0,0,0,0,50000000,7,11,1000,0,0,0,0,0,0,500,0,0,blocked,0,compute,7000
14980,0,5,38,0,1,13,inbound_arrival,7,500,0,,3,0,1,,0,0,0,0,0,50000000,9,7,1000,0,0,0,0,0,0,500,0,0,blocked,0,compute,7000
14980,0,7,38,0,2,14,inbound_arrival,9,500,0,,3,0,2,,0,0,0,0,0,50000000,11,9,1000,0,0,0,0,0,0,500,0,0,blocked,0,compute,7000
15480,0,3,41,0,0,12,inbound_arrival,11,500,0,,3,0,0,,0,0,0,0,0,50000000,7,11,1000,0,0,500,0,0,1,1000,0,0,blocked,0,compute,7000
15480,0,5,41,0,1,13,inbound_arrival,7,500,0,,3,0,1,,0,0,0,0,0,50000000,9,7,1000,0,0,500,0,0,1,1000,0,0,blocked,0,compute,7000
15480,0,7,41,0,2,14,inbound_arrival,9,500,0,,3,0,2,,0,0,0,0,0,50000000,11,9,1000,0,0,500,0,0,1,1000,0,0,blocked,0,compute,7000
15640,0,3,47,0,0,12,local_completion,7,0,0,,3,0,0,,0,0,0,0,0,50000000,7,11,1000,0,1,1000,1,1,1,1000,0,0,scheduled,22640,compute,7000
15640,0,5,47,0,1,13,local_completion,9,0,0,,3,0,1,,0,0,0,0,0,50000000,9,7,1000,0,1,1000,1,1,1,1000,0,0,scheduled,22640,compute,7000
15640,0,7,47,0,2,14,local_completion,11,0,0,,3,0,2,,0,0,0,0,0,50000000,11,9,1000,0,1,1000,1,1,1,1000,0,0,scheduled,22640,compute,7000
22640,1,0,57,0,0,18,local_completion,12,0,2,,3,0,0,,0,0,0,0,0,50000000,12,,0,0,1,0,1,1,1,0,0,0,scheduled,25640,compute,3000
22640,1,1,57,0,1,19,local_completion,13,0,2,,3,0,1,,0,0,0,0,0,50000000,13,,0,0,1,0,1,1,1,0,0,0,scheduled,25640,compute,3000
22640,1,2,57,0,2,20,local_completion,14,0,2,,3,0,2,,0,0,0,0,0,50000000,14,,0,0,1,0,1,1,1,0,0,0,scheduled,25640,compute,3000
