time_ns,event_phase,event_origin_node,event_origin_sequence,ordinal,node_id,flow_id,cause,cause_flow_id,arrival_bytes,collective_id,algorithm,group_size,declared_total_bytes,rank,collective_phase,step,chunk_offset_bytes,chunk_bytes,packet_size_bytes,interval_ns,stop_time_ns,inbound_predecessor_bytes,before_local_complete,before_inbound_complete,before_inbound_bytes,activated,after_local_complete,after_inbound_complete,after_inbound_bytes,after_packets_emitted,after_bytes_emitted,after_status,after_next_time_ns,stage_kind,duration_ns,segment_sequence,segment_bytes,ack_number,cause_origin_ns,cause_delay_ns,channel,chunk_policy,channel_policy,local_predecessors,inbound_predecessors,local_required,before_local_completed,after_local_completed,cause_total_bytes,group_stages
5000,1,0,1,0,0,0,local_completion,4,0,0,ring_allreduce,2,6000,0,reduce_scatter,1,0,3000,1000,1000,1000000,0,0,1,0,1,1,1,0,0,0,scheduled,5000,roce,0,0,0,0,0,5000,0,equal_remainder_last,ring_next,4,,1,0,1,0,4
5000,1,1,1,0,1,1,local_completion,5,0,0,ring_allreduce,2,6000,1,reduce_scatter,1,3000,3000,1000,1000,1000000,0,0,1,0,1,1,1,0,0,0,blocked,5000,roce,0,0,0,0,0,5000,0,equal_remainder_last,ring_next,5,,1,0,1,0,4
40000,0,8,1,0,1,3,inbound_arrival,0,1000,0,ring_allreduce,2,6000,1,allgather,1,0,3000,1000,1000,1000000,3000,0,0,0,0,0,0,1000,0,0,blocked,0,roce,0,0,1000,0,0,0,0,equal_remainder_last,ring_next,1,0,1,0,0,3000,4
40000,0,9,1,0,0,2,inbound_arrival,1,1000,0,ring_allreduce,2,6000,0,allgather,1,3000,3000,1000,1000,1000000,3000,0,0,0,0,0,0,1000,0,0,blocked,0,roce,0,0,1000,0,0,0,0,equal_remainder_last,ring_next,0,1,1,0,0,3000,4
41000,0,8,2,0,1,3,inbound_arrival,0,1000,0,ring_allreduce,2,6000,1,allgather,1,0,3000,1000,1000,1000000,3000,0,0,1000,0,0,0,2000,0,0,blocked,0,roce,0,1000,1000,0,0,0,0,equal_remainder_last,ring_next,1,0,1,0,0,3000,4
41000,0,9,2,0,0,2,inbound_arrival,1,0,0,ring_allreduce,2,6000,0,allgather,1,3000,3000,1000,1000,1000000,3000,0,0,1000,0,0,0,1000,0,0,blocked,0,roce,0,2000,1000,0,0,0,0,equal_remainder_last,ring_next,0,1,1,0,0,3000,4
45000,0,8,3,0,1,3,inbound_arrival,0,0,0,ring_allreduce,2,6000,1,allgather,1,0,3000,1000,1000,1000000,3000,0,0,2000,0,0,0,2000,0,0,blocked,0,roce,0,0,1000,0,0,0,0,equal_remainder_last,ring_next,1,0,1,0,0,3000,4
46000,0,8,4,0,1,3,inbound_arrival,0,1000,0,ring_allreduce,2,6000,1,allgather,1,0,3000,1000,1000,1000000,3000,0,0,2000,0,0,1,3000,0,0,blocked,0,roce,0,2000,1000,0,0,0,0,equal_remainder_last,ring_next,1,0,1,0,0,3000,4
50000,0,9,3,0,0,2,local_completion,0,0,0,ring_allreduce,2,6000,0,allgather,1,3000,3000,1000,1000,1000000,3000,0,0,1000,0,1,0,1000,0,0,blocked,0,roce,0,0,0,3000,43000,4000,0,equal_remainder_last,ring_next,0,1,1,0,1,3000,4
60000,0,9,4,0,0,2,inbound_arrival,1,1000,0,ring_allreduce,2,6000,0,allgather,1,3000,3000,1000,1000,1000000,3000,1,0,1000,0,1,0,2000,0,0,blocked,0,roce,0,1000,1000,0,0,0,0,equal_remainder_last,ring_next,0,1,1,1,1,3000,4
61000,0,9,5,0,0,2,inbound_arrival,1,1000,0,ring_allreduce,2,6000,0,allgather,1,3000,3000,1000,1000,1000000,3000,1,0,2000,1,1,1,3000,0,0,blocked,61000,roce,0,2000,1000,0,0,0,0,equal_remainder_last,ring_next,0,1,1,1,1,3000,4
66000,0,8,5,0,1,3,local_completion,1,0,0,ring_allreduce,2,6000,1,allgather,1,0,3000,1000,1000,1000000,3000,0,1,3000,1,1,1,3000,2,2000,blocked,0,roce,0,0,0,3000,58000,4000,0,equal_remainder_last,ring_next,1,0,1,0,1,3000,4
95000,0,8,6,0,1,7,inbound_arrival,2,1000,1,,2,0,1,,0,0,0,1000,1000,1000000,3000,0,0,0,0,0,0,1000,0,0,blocked,0,compute,7000,0,1000,0,0,0,0,,,3,2,1,0,0,3000,2
96000,0,8,7,0,1,7,inbound_arrival,2,0,1,,2,0,1,,0,0,0,1000,1000,1000000,3000,0,0,1000,0,0,0,1000,0,0,blocked,0,compute,7000,2000,1000,0,0,0,0,,,3,2,1,0,0,3000,2
100000,0,9,6,0,0,6,inbound_arrival,3,1000,1,,2,0,0,,0,0,0,1000,1000,1000000,3000,0,0,0,0,0,0,1000,0,0,blocked,0,compute,7000,0,1000,0,0,0,0,,,2,3,1,0,0,3000,2
101000,0,9,7,0,0,6,inbound_arrival,3,1000,1,,2,0,0,,0,0,0,1000,1000,1000000,3000,0,0,1000,0,0,0,2000,0,0,blocked,0,compute,7000,1000,1000,0,0,0,0,,,2,3,1,0,0,3000,2
102000,0,9,8,0,0,6,inbound_arrival,3,1000,1,,2,0,0,,0,0,0,1000,1000,1000000,3000,0,0,2000,0,0,1,3000,0,0,blocked,0,compute,7000,2000,1000,0,0,0,0,,,2,3,1,0,0,3000,2
106000,0,8,8,0,1,7,local_completion,3,0,1,,2,0,1,,0,0,0,1000,1000,1000000,3000,0,0,1000,0,1,0,1000,0,0,blocked,0,compute,7000,0,0,3000,99000,4000,0,,,3,2,1,0,1,3000,2
110000,0,8,9,0,1,7,inbound_arrival,2,1000,1,,2,0,1,,0,0,0,1000,1000,1000000,3000,1,0,1000,0,1,0,2000,0,0,blocked,0,compute,7000,1000,1000,0,0,0,0,,,3,2,1,1,1,3000,2
111000,0,8,10,0,1,7,inbound_arrival,2,1000,1,,2,0,1,,0,0,0,1000,1000,1000000,3000,1,0,2000,1,1,1,3000,0,0,scheduled,118000,compute,7000,2000,1000,0,0,0,0,,,3,2,1,1,1,3000,2
116000,0,9,9,0,0,6,local_completion,2,0,1,,2,0,0,,0,0,0,1000,1000,1000000,3000,0,1,3000,1,1,1,3000,0,0,scheduled,123000,compute,7000,0,0,3000,108000,4000,0,,,2,3,1,0,1,3000,2
