time_ns,event_phase,event_origin_node,event_origin_sequence,ordinal,node_id,flow_id,cause,cause_flow_id,arrival_bytes,collective_id,algorithm,group_size,declared_total_bytes,rank,collective_phase,step,chunk_offset_bytes,chunk_bytes,packet_size_bytes,interval_ns,stop_time_ns,inbound_predecessor_bytes,before_local_complete,before_inbound_complete,before_inbound_bytes,activated,after_local_complete,after_inbound_complete,after_inbound_bytes,after_packets_emitted,after_bytes_emitted,after_status,after_next_time_ns,stage_kind,duration_ns,segment_sequence,segment_bytes,ack_number,cause_origin_ns,cause_delay_ns,channel,chunk_policy,channel_policy,local_predecessors,inbound_predecessors,local_required,before_local_completed,after_local_completed,cause_total_bytes,group_stages,seeded_matrix
40000,0,8,1,0,1,7,inbound_arrival,0,1000,1,,2,0,1,,0,0,0,1000,1000,1000000,3000,0,0,0,0,0,0,1000,0,0,blocked,0,compute,7000,0,1000,0,0,0,0,,,1,0,1,0,0,3000,2,
40000,0,9,1,0,0,6,inbound_arrival,1,1000,1,,2,0,0,,0,0,0,1500,1000,1000000,3000,0,0,0,0,0,0,1000,0,0,blocked,0,compute,7000,0,1000,0,0,0,0,,,0,1,1,0,0,3000,2,
41000,0,8,2,0,1,7,inbound_arrival,0,1000,1,,2,0,1,,0,0,0,1000,1000,1000000,3000,0,0,1000,0,0,0,2000,0,0,blocked,0,compute,7000,1000,1000,0,0,0,0,,,1,0,1,0,0,3000,2,
41000,0,9,2,0,0,6,inbound_arrival,1,0,1,,2,0,0,,0,0,0,1000,1000,1000000,3000,0,0,1000,0,0,0,1000,0,0,blocked,0,compute,7000,2000,1000,0,0,0,0,,,0,1,1,0,0,3000,2,
42000,0,8,3,0,1,7,inbound_arrival,0,1000,1,,2,0,1,,0,0,0,1000,1000,1000000,3000,0,0,2000,0,0,1,3000,0,0,blocked,0,compute,7000,2000,1000,0,0,0,0,,,1,0,1,0,0,3000,2,
50000,0,9,3,0,0,6,local_completion,0,0,1,,2,0,0,,0,0,0,1000,1000,1000000,3000,0,0,1000,0,1,0,1000,0,0,blocked,0,compute,7000,0,0,3000,39000,4000,0,,,0,1,1,0,1,3000,2,
60000,0,9,4,0,0,6,inbound_arrival,1,1000,1,,2,0,0,,0,0,0,1000,1000,1000000,3000,1,0,1000,0,1,0,2000,0,0,blocked,0,compute,7000,1000,1000,0,0,0,0,,,0,1,1,1,1,3000,2,
61000,0,9,5,0,0,6,inbound_arrival,1,1000,1,,2,0,0,,0,0,0,1000,1000,1000000,3000,1,0,2000,1,1,1,3000,0,0,scheduled,68000,compute,7000,2000,1000,0,0,0,0,,,0,1,1,1,1,3000,2,
70000,0,8,4,0,1,7,local_completion,1,0,1,,2,0,1,,0,0,0,1000,1000,1000000,3000,0,1,3000,1,1,1,3000,0,0,scheduled,77000,compute,7000,0,0,3000,62000,4000,0,,,1,0,1,0,1,3000,2,
