time_ns,event_phase,event_origin_node,event_origin_sequence,ordinal,node_id,flow_id,cause,cause_flow_id,arrival_bytes,collective_id,algorithm,group_size,declared_total_bytes,rank,collective_phase,step,chunk_offset_bytes,chunk_bytes,packet_size_bytes,interval_ns,stop_time_ns,inbound_predecessor_bytes,before_local_complete,before_inbound_complete,before_inbound_bytes,activated,after_local_complete,after_inbound_complete,after_inbound_bytes,after_packets_emitted,after_bytes_emitted,after_status,after_next_time_ns,stage_kind,duration_ns,segment_sequence,segment_bytes,ack_number,cause_origin_ns,cause_delay_ns,channel,chunk_policy,channel_policy,local_predecessors,inbound_predecessors,local_required,before_local_completed,after_local_completed,cause_total_bytes,group_stages,seeded_matrix,cause_kind,cause_collective_id,target_node,cause_target_node
2000,1,0,0,0,0,0,local_completion,28,0,0,ring_allreduce,4,8000,0,reduce_scatter,1,0,2000,500,0,50000000,0,0,1,0,1,1,1,0,2,1000,blocked,0,tcp,0,0,0,0,0,2000,0,equal_remainder_last,ring_next,28,,1,0,1,0,24,,compute,,1,0
2000,1,1,0,0,1,3,local_completion,29,0,0,ring_allreduce,4,8000,1,reduce_scatter,1,2000,2000,500,0,50000000,0,0,1,0,1,1,1,0,2,1000,blocked,0,tcp,0,0,0,0,0,2000,0,equal_remainder_last,ring_next,29,,1,0,1,0,24,,compute,,2,1
2000,1,2,0,0,2,6,local_completion,30,0,0,ring_allreduce,4,8000,2,reduce_scatter,1,4000,2000,500,0,50000000,0,0,1,0,1,1,1,0,2,1000,blocked,0,tcp,0,0,0,0,0,2000,0,equal_remainder_last,ring_next,30,,1,0,1,0,24,,compute,,3,2
2000,1,3,0,0,3,9,local_completion,31,0,0,ring_allreduce,4,8000,3,reduce_scatter,1,6000,2000,500,0,50000000,0,0,1,0,1,1,1,0,2,1000,blocked,0,tcp,0,0,0,0,0,2000,0,equal_remainder_last,ring_next,31,,1,0,1,0,24,,compute,,0,3
4000,0,4,2,0,0,1,inbound_arrival,9,500,0,ring_allreduce,4,8000,0,reduce_scatter,2,6000,2000,500,0,50000000,2000,0,0,0,0,0,0,500,0,0,blocked,0,tcp,0,0,500,0,0,0,0,equal_remainder_last,ring_next,0,9,1,0,0,2000,24,,tcp,,1,0
4000,0,6,2,0,1,4,inbound_arrival,0,500,0,ring_allreduce,4,8000,1,reduce_scatter,2,0,2000,500,0,50000000,2000,0,0,0,0,0,0,500,0,0,blocked,0,tcp,0,0,500,0,0,0,0,equal_remainder_last,ring_next,3,0,1,0,0,2000,24,,tcp,,2,1
4000,0,8,2,0,2,7,inbound_arrival,3,500,0,ring_allreduce,4,8000,2,reduce_scatter,2,2000,2000,500,0,50000000,2000,0,0,0,0,0,0,500,0,0,blocked,0,tcp,0,0,500,0,0,0,0,equal_remainder_last,ring_next,6,3,1,0,0,2000,24,,tcp,,3,2
4000,0,10,2,0,3,10,inbound_arrival,6,500,0,ring_allreduce,4,8000,3,reduce_scatter,2,4000,2000,500,0,50000000,2000,0,0,0,0,0,0,500,0,0,blocked,0,tcp,0,0,500,0,0,0,0,equal_remainder_last,ring_next,9,6,1,0,0,2000,24,,tcp,,0,3
4500,0,4,5,0,0,1,inbound_arrival,9,500,0,ring_allreduce,4,8000,0,reduce_scatter,2,6000,2000,500,0,50000000,2000,0,0,500,0,0,0,1000,0,0,blocked,0,tcp,0,500,500,0,0,0,0,equal_remainder_last,ring_next,0,9,1,0,0,2000,24,,tcp,,1,0
4500,0,6,5,0,1,4,inbound_arrival,0,500,0,ring_allreduce,4,8000,1,reduce_scatter,2,0,2000,500,0,50000000,2000,0,0,500,0,0,0,1000,0,0,blocked,0,tcp,0,500,500,0,0,0,0,equal_remainder_last,ring_next,3,0,1,0,0,2000,24,,tcp,,2,1
4500,0,8,5,0,2,7,inbound_arrival,3,500,0,ring_allreduce,4,8000,2,reduce_scatter,2,2000,2000,500,0,50000000,2000,0,0,500,0,0,0,1000,0,0,blocked,0,tcp,0,500,500,0,0,0,0,equal_remainder_last,ring_next,6,3,1,0,0,2000,24,,tcp,,3,2
4500,0,10,5,0,3,10,inbound_arrival,6,500,0,ring_allreduce,4,8000,3,reduce_scatter,2,4000,2000,500,0,50000000,2000,0,0,500,0,0,0,1000,0,0,blocked,0,tcp,0,500,500,0,0,0,0,equal_remainder_last,ring_next,9,6,1,0,0,2000,24,,tcp,,0,3
6540,0,4,14,0,0,1,inbound_arrival,9,500,0,ring_allreduce,4,8000,0,reduce_scatter,2,6000,2000,500,0,50000000,2000,0,0,1000,0,0,0,1500,0,0,blocked,0,tcp,0,1000,500,0,0,0,0,equal_remainder_last,ring_next,0,9,1,0,0,2000,24,,tcp,,1,0
6540,0,6,14,0,1,4,inbound_arrival,0,500,0,ring_allreduce,4,8000,1,reduce_scatter,2,0,2000,500,0,50000000,2000,0,0,1000,0,0,0,1500,0,0,blocked,0,tcp,0,1000,500,0,0,0,0,equal_remainder_last,ring_next,3,0,1,0,0,2000,24,,tcp,,2,1
6540,0,8,14,0,2,7,inbound_arrival,3,500,0,ring_allreduce,4,8000,2,reduce_scatter,2,2000,2000,500,0,50000000,2000,0,0,1000,0,0,0,1500,0,0,blocked,0,tcp,0,1000,500,0,0,0,0,equal_remainder_last,ring_next,6,3,1,0,0,2000,24,,tcp,,3,2
6540,0,10,14,0,3,10,inbound_arrival,6,500,0,ring_allreduce,4,8000,3,reduce_scatter,2,4000,2000,500,0,50000000,2000,0,0,1000,0,0,0,1500,0,0,blocked,0,tcp,0,1000,500,0,0,0,0,equal_remainder_last,ring_next,9,6,1,0,0,2000,24,,tcp,,0,3
7040,0,4,17,0,0,1,inbound_arrival,9,500,0,ring_allreduce,4,8000,0,reduce_scatter,2,6000,2000,500,0,50000000,2000,0,0,1500,0,0,1,2000,0,0,blocked,0,tcp,0,1500,500,0,0,0,0,equal_remainder_last,ring_next,0,9,1,0,0,2000,24,,tcp,,1,0
7040,0,6,17,0,1,4,inbound_arrival,0,500,0,ring_allreduce,4,8000,1,reduce_scatter,2,0,2000,500,0,50000000,2000,0,0,1500,0,0,1,2000,0,0,blocked,0,tcp,0,1500,500,0,0,0,0,equal_remainder_last,ring_next,3,0,1,0,0,2000,24,,tcp,,2,1
7040,0,8,17,0,2,7,inbound_arrival,3,500,0,ring_allreduce,4,8000,2,reduce_scatter,2,2000,2000,500,0,50000000,2000,0,0,1500,0,0,1,2000,0,0,blocked,0,tcp,0,1500,500,0,0,0,0,equal_remainder_last,ring_next,6,3,1,0,0,2000,24,,tcp,,3,2
7040,0,10,17,0,3,10,inbound_arrival,6,500,0,ring_allreduce,4,8000,3,reduce_scatter,2,4000,2000,500,0,50000000,2000,0,0,1500,0,0,1,2000,0,0,blocked,0,tcp,0,1500,500,0,0,0,0,equal_remainder_last,ring_next,9,6,1,0,0,2000,24,,tcp,,0,3
7200,0,4,23,0,0,1,local_completion,0,0,0,ring_allreduce,4,8000,0,reduce_scatter,2,6000,2000,500,0,50000000,2000,0,1,2000,1,1,1,2000,2,1000,blocked,0,tcp,0,0,0,2000,4540,2160,0,equal_remainder_last,ring_next,0,9,1,0,1,2000,24,,tcp,,1,1
7200,0,6,23,0,1,4,local_completion,3,0,0,ring_allreduce,4,8000,1,reduce_scatter,2,0,2000,500,0,50000000,2000,0,1,2000,1,1,1,2000,2,1000,blocked,0,tcp,0,0,0,2000,4540,2160,0,equal_remainder_last,ring_next,3,0,1,0,1,2000,24,,tcp,,2,2
7200,0,8,23,0,2,7,local_completion,6,0,0,ring_allreduce,4,8000,2,reduce_scatter,2,2000,2000,500,0,50000000,2000,0,1,2000,1,1,1,2000,2,1000,blocked,0,tcp,0,0,0,2000,4540,2160,0,equal_remainder_last,ring_next,6,3,1,0,1,2000,24,,tcp,,3,3
7200,0,10,23,0,3,10,local_completion,9,0,0,ring_allreduce,4,8000,3,reduce_scatter,2,4000,2000,500,0,50000000,2000,0,1,2000,1,1,1,2000,2,1000,blocked,0,tcp,0,0,0,2000,4540,2160,0,equal_remainder_last,ring_next,9,6,1,0,1,2000,24,,tcp,,0,0
9200,0,4,26,0,0,2,inbound_arrival,10,500,0,ring_allreduce,4,8000,0,reduce_scatter,3,4000,2000,500,0,50000000,2000,0,0,0,0,0,0,500,0,0,blocked,0,tcp,0,0,500,0,0,0,0,equal_remainder_last,ring_next,1,10,1,0,0,2000,24,,tcp,,1,0
9200,0,6,26,0,1,5,inbound_arrival,1,500,0,ring_allreduce,4,8000,1,reduce_scatter,3,6000,2000,500,0,50000000,2000,0,0,0,0,0,0,500,0,0,blocked,0,tcp,0,0,500,0,0,0,0,equal_remainder_last,ring_next,4,1,1,0,0,2000,24,,tcp,,2,1
9200,0,8,26,0,2,8,inbound_arrival,4,500,0,ring_allreduce,4,8000,2,reduce_scatter,3,0,2000,500,0,50000000,2000,0,0,0,0,0,0,500,0,0,blocked,0,tcp,0,0,500,0,0,0,0,equal_remainder_last,ring_next,7,4,1,0,0,2000,24,,tcp,,3,2
9200,0,10,26,0,3,11,inbound_arrival,7,500,0,ring_allreduce,4,8000,3,reduce_scatter,3,2000,2000,500,0,50000000,2000,0,0,0,0,0,0,500,0,0,blocked,0,tcp,0,0,500,0,0,0,0,equal_remainder_last,ring_next,10,7,1,0,0,2000,24,,tcp,,0,3
9700,0,4,29,0,0,2,inbound_arrival,10,500,0,ring_allreduce,4,8000,0,reduce_scatter,3,4000,2000,500,0,50000000,2000,0,0,500,0,0,0,1000,0,0,blocked,0,tcp,0,500,500,0,0,0,0,equal_remainder_last,ring_next,1,10,1,0,0,2000,24,,tcp,,1,0
9700,0,6,29,0,1,5,inbound_arrival,1,500,0,ring_allreduce,4,8000,1,reduce_scatter,3,6000,2000,500,0,50000000,2000,0,0,500,0,0,0,1000,0,0,blocked,0,tcp,0,500,500,0,0,0,0,equal_remainder_last,ring_next,4,1,1,0,0,2000,24,,tcp,,2,1
9700,0,8,29,0,2,8,inbound_arrival,4,500,0,ring_allreduce,4,8000,2,reduce_scatter,3,0,2000,500,0,50000000,2000,0,0,500,0,0,0,1000,0,0,blocked,0,tcp,0,500,500,0,0,0,0,equal_remainder_last,ring_next,7,4,1,0,0,2000,24,,tcp,,3,2
9700,0,10,29,0,3,11,inbound_arrival,7,500,0,ring_allreduce,4,8000,3,reduce_scatter,3,2000,2000,500,0,50000000,2000,0,0,500,0,0,0,1000,0,0,blocked,0,tcp,0,500,500,0,0,0,0,equal_remainder_last,ring_next,10,7,1,0,0,2000,24,,tcp,,0,3
11740,0,4,38,0,0,2,inbound_arrival,10,500,0,ring_allreduce,4,8000,0,reduce_scatter,3,4000,2000,500,0,50000000,2000,0,0,1000,0,0,0,1500,0,0,blocked,0,tcp,0,1000,500,0,0,0,0,equal_remainder_last,ring_next,1,10,1,0,0,2000,24,,tcp,,1,0
11740,0,6,38,0,1,5,inbound_arrival,1,500,0,ring_allreduce,4,8000,1,reduce_scatter,3,6000,2000,500,0,50000000,2000,0,0,1000,0,0,0,1500,0,0,blocked,0,tcp,0,1000,500,0,0,0,0,equal_remainder_last,ring_next,4,1,1,0,0,2000,24,,tcp,,2,1
11740,0,8,38,0,2,8,inbound_arrival,4,500,0,ring_allreduce,4,8000,2,reduce_scatter,3,0,2000,500,0,50000000,2000,0,0,1000,0,0,0,1500,0,0,blocked,0,tcp,0,1000,500,0,0,0,0,equal_remainder_last,ring_next,7,4,1,0,0,2000,24,,tcp,,3,2
11740,0,10,38,0,3,11,inbound_arrival,7,500,0,ring_allreduce,4,8000,3,reduce_scatter,3,2000,2000,500,0,50000000,2000,0,0,1000,0,0,0,1500,0,0,blocked,0,tcp,0,1000,500,0,0,0,0,equal_remainder_last,ring_next,10,7,1,0,0,2000,24,,tcp,,0,3
12240,0,4,41,0,0,2,inbound_arrival,10,500,0,ring_allreduce,4,8000,0,reduce_scatter,3,4000,2000,500,0,50000000,2000,0,0,1500,0,0,1,2000,0,0,blocked,0,tcp,0,1500,500,0,0,0,0,equal_remainder_last,ring_next,1,10,1,0,0,2000,24,,tcp,,1,0
12240,0,6,41,0,1,5,inbound_arrival,1,500,0,ring_allreduce,4,8000,1,reduce_scatter,3,6000,2000,500,0,50000000,2000,0,0,1500,0,0,1,2000,0,0,blocked,0,tcp,0,1500,500,0,0,0,0,equal_remainder_last,ring_next,4,1,1,0,0,2000,24,,tcp,,2,1
12240,0,8,41,0,2,8,inbound_arrival,4,500,0,ring_allreduce,4,8000,2,reduce_scatter,3,0,2000,500,0,50000000,2000,0,0,1500,0,0,1,2000,0,0,blocked,0,tcp,0,1500,500,0,0,0,0,equal_remainder_last,ring_next,7,4,1,0,0,2000,24,,tcp,,3,2
12240,0,10,41,0,3,11,inbound_arrival,7,500,0,ring_allreduce,4,8000,3,reduce_scatter,3,2000,2000,500,0,50000000,2000,0,0,1500,0,0,1,2000,0,0,blocked,0,tcp,0,1500,500,0,0,0,0,equal_remainder_last,ring_next,10,7,1,0,0,2000,24,,tcp,,0,3
12400,0,4,47,0,0,2,local_completion,1,0,0,ring_allreduce,4,8000,0,reduce_scatter,3,4000,2000,500,0,50000000,2000,0,1,2000,1,1,1,2000,2,1000,blocked,0,tcp,0,0,0,2000,9740,2160,0,equal_remainder_last,ring_next,1,10,1,0,1,2000,24,,tcp,,1,1
12400,0,6,47,0,1,5,local_completion,4,0,0,ring_allreduce,4,8000,1,reduce_scatter,3,6000,2000,500,0,50000000,2000,0,1,2000,1,1,1,2000,2,1000,blocked,0,tcp,0,0,0,2000,9740,2160,0,equal_remainder_last,ring_next,4,1,1,0,1,2000,24,,tcp,,2,2
12400,0,8,47,0,2,8,local_completion,7,0,0,ring_allreduce,4,8000,2,reduce_scatter,3,0,2000,500,0,50000000,2000,0,1,2000,1,1,1,2000,2,1000,blocked,0,tcp,0,0,0,2000,9740,2160,0,equal_remainder_last,ring_next,7,4,1,0,1,2000,24,,tcp,,3,3
12400,0,10,47,0,3,11,local_completion,10,0,0,ring_allreduce,4,8000,3,reduce_scatter,3,2000,2000,500,0,50000000,2000,0,1,2000,1,1,1,2000,2,1000,blocked,0,tcp,0,0,0,2000,9740,2160,0,equal_remainder_last,ring_next,10,7,1,0,1,2000,24,,tcp,,0,0
14400,0,4,50,0,0,12,inbound_arrival,11,500,0,ring_allreduce,4,8000,0,allgather,1,2000,2000,500,0,50000000,2000,0,0,0,0,0,0,500,0,0,blocked,0,tcp,0,0,500,0,0,0,0,equal_remainder_last,ring_next,2,11,1,0,0,2000,24,,tcp,,1,0
14400,0,6,50,0,1,15,inbound_arrival,2,500,0,ring_allreduce,4,8000,1,allgather,1,4000,2000,500,0,50000000,2000,0,0,0,0,0,0,500,0,0,blocked,0,tcp,0,0,500,0,0,0,0,equal_remainder_last,ring_next,5,2,1,0,0,2000,24,,tcp,,2,1
14400,0,8,50,0,2,18,inbound_arrival,5,500,0,ring_allreduce,4,8000,2,allgather,1,6000,2000,500,0,50000000,2000,0,0,0,0,0,0,500,0,0,blocked,0,tcp,0,0,500,0,0,0,0,equal_remainder_last,ring_next,8,5,1,0,0,2000,24,,tcp,,3,2
14400,0,10,50,0,3,21,inbound_arrival,8,500,0,ring_allreduce,4,8000,3,allgather,1,0,2000,500,0,50000000,2000,0,0,0,0,0,0,500,0,0,blocked,0,tcp,0,0,500,0,0,0,0,equal_remainder_last,ring_next,11,8,1,0,0,2000,24,,tcp,,0,3
14900,0,4,53,0,0,12,inbound_arrival,11,500,0,ring_allreduce,4,8000,0,allgather,1,2000,2000,500,0,50000000,2000,0,0,500,0,0,0,1000,0,0,blocked,0,tcp,0,500,500,0,0,0,0,equal_remainder_last,ring_next,2,11,1,0,0,2000,24,,tcp,,1,0
14900,0,6,53,0,1,15,inbound_arrival,2,500,0,ring_allreduce,4,8000,1,allgather,1,4000,2000,500,0,50000000,2000,0,0,500,0,0,0,1000,0,0,blocked,0,tcp,0,500,500,0,0,0,0,equal_remainder_last,ring_next,5,2,1,0,0,2000,24,,tcp,,2,1
14900,0,8,53,0,2,18,inbound_arrival,5,500,0,ring_allreduce,4,8000,2,allgather,1,6000,2000,500,0,50000000,2000,0,0,500,0,0,0,1000,0,0,blocked,0,tcp,0,500,500,0,0,0,0,equal_remainder_last,ring_next,8,5,1,0,0,2000,24,,tcp,,3,2
14900,0,10,53,0,3,21,inbound_arrival,8,500,0,ring_allreduce,4,8000,3,allgather,1,0,2000,500,0,50000000,2000,0,0,500,0,0,0,1000,0,0,blocked,0,tcp,0,500,500,0,0,0,0,equal_remainder_last,ring_next,11,8,1,0,0,2000,24,,tcp,,0,3
16940,0,4,62,0,0,12,inbound_arrival,11,500,0,ring_allreduce,4,8000,0,allgather,1,2000,2000,500,0,50000000,2000,0,0,1000,0,0,0,1500,0,0,blocked,0,tcp,0,1000,500,0,0,0,0,equal_remainder_last,ring_next,2,11,1,0,0,2000,24,,tcp,,1,0
16940,0,6,62,0,1,15,inbound_arrival,2,500,0,ring_allreduce,4,8000,1,allgather,1,4000,2000,500,0,50000000,2000,0,0,1000,0,0,0,1500,0,0,blocked,0,tcp,0,1000,500,0,0,0,0,equal_remainder_last,ring_next,5,2,1,0,0,2000,24,,tcp,,2,1
16940,0,8,62,0,2,18,inbound_arrival,5,500,0,ring_allreduce,4,8000,2,allgather,1,6000,2000,500,0,50000000,2000,0,0,1000,0,0,0,1500,0,0,blocked,0,tcp,0,1000,500,0,0,0,0,equal_remainder_last,ring_next,8,5,1,0,0,2000,24,,tcp,,3,2
16940,0,10,62,0,3,21,inbound_arrival,8,500,0,ring_allreduce,4,8000,3,allgather,1,0,2000,500,0,50000000,2000,0,0,1000,0,0,0,1500,0,0,blocked,0,tcp,0,1000,500,0,0,0,0,equal_remainder_last,ring_next,11,8,1,0,0,2000,24,,tcp,,0,3
17440,0,4,65,0,0,12,inbound_arrival,11,500,0,ring_allreduce,4,8000,0,allgather,1,2000,2000,500,0,50000000,2000,0,0,1500,0,0,1,2000,0,0,blocked,0,tcp,0,1500,500,0,0,0,0,equal_remainder_last,ring_next,2,11,1,0,0,2000,24,,tcp,,1,0
17440,0,6,65,0,1,15,inbound_arrival,2,500,0,ring_allreduce,4,8000,1,allgather,1,4000,2000,500,0,50000000,2000,0,0,1500,0,0,1,2000,0,0,blocked,0,tcp,0,1500,500,0,0,0,0,equal_remainder_last,ring_next,5,2,1,0,0,2000,24,,tcp,,2,1
17440,0,8,65,0,2,18,inbound_arrival,5,500,0,ring_allreduce,4,8000,2,allgather,1,6000,2000,500,0,50000000,2000,0,0,1500,0,0,1,2000,0,0,blocked,0,tcp,0,1500,500,0,0,0,0,equal_remainder_last,ring_next,8,5,1,0,0,2000,24,,tcp,,3,2
17440,0,10,65,0,3,21,inbound_arrival,8,500,0,ring_allreduce,4,8000,3,allgather,1,0,2000,500,0,50000000,2000,0,0,1500,0,0,1,2000,0,0,blocked,0,tcp,0,1500,500,0,0,0,0,equal_remainder_last,ring_next,11,8,1,0,0,2000,24,,tcp,,0,3
17600,0,4,71,0,0,12,local_completion,2,0,0,ring_allreduce,4,8000,0,allgather,1,2000,2000,500,0,50000000,2000,0,1,2000,1,1,1,2000,2,1000,blocked,0,tcp,0,0,0,2000,14940,2160,0,equal_remainder_last,ring_next,2,11,1,0,1,2000,24,,tcp,,1,1
17600,0,6,71,0,1,15,local_completion,5,0,0,ring_allreduce,4,8000,1,allgather,1,4000,2000,500,0,50000000,2000,0,1,2000,1,1,1,2000,2,1000,blocked,0,tcp,0,0,0,2000,14940,2160,0,equal_remainder_last,ring_next,5,2,1,0,1,2000,24,,tcp,,2,2
17600,0,8,71,0,2,18,local_completion,8,0,0,ring_allreduce,4,8000,2,allgather,1,6000,2000,500,0,50000000,2000,0,1,2000,1,1,1,2000,2,1000,blocked,0,tcp,0,0,0,2000,14940,2160,0,equal_remainder_last,ring_next,8,5,1,0,1,2000,24,,tcp,,3,3
17600,0,10,71,0,3,21,local_completion,11,0,0,ring_allreduce,4,8000,3,allgather,1,0,2000,500,0,50000000,2000,0,1,2000,1,1,1,2000,2,1000,blocked,0,tcp,0,0,0,2000,14940,2160,0,equal_remainder_last,ring_next,11,8,1,0,1,2000,24,,tcp,,0,0
19600,0,4,74,0,0,13,inbound_arrival,21,500,0,ring_allreduce,4,8000,0,allgather,2,0,2000,500,0,50000000,2000,0,0,0,0,0,0,500,0,0,blocked,0,tcp,0,0,500,0,0,0,0,equal_remainder_last,ring_next,12,21,1,0,0,2000,24,,tcp,,1,0
19600,0,6,74,0,1,16,inbound_arrival,12,500,0,ring_allreduce,4,8000,1,allgather,2,2000,2000,500,0,50000000,2000,0,0,0,0,0,0,500,0,0,blocked,0,tcp,0,0,500,0,0,0,0,equal_remainder_last,ring_next,15,12,1,0,0,2000,24,,tcp,,2,1
19600,0,8,74,0,2,19,inbound_arrival,15,500,0,ring_allreduce,4,8000,2,allgather,2,4000,2000,500,0,50000000,2000,0,0,0,0,0,0,500,0,0,blocked,0,tcp,0,0,500,0,0,0,0,equal_remainder_last,ring_next,18,15,1,0,0,2000,24,,tcp,,3,2
19600,0,10,74,0,3,22,inbound_arrival,18,500,0,ring_allreduce,4,8000,3,allgather,2,6000,2000,500,0,50000000,2000,0,0,0,0,0,0,500,0,0,blocked,0,tcp,0,0,500,0,0,0,0,equal_remainder_last,ring_next,21,18,1,0,0,2000,24,,tcp,,0,3
20100,0,4,77,0,0,13,inbound_arrival,21,500,0,ring_allreduce,4,8000,0,allgather,2,0,2000,500,0,50000000,2000,0,0,500,0,0,0,1000,0,0,blocked,0,tcp,0,500,500,0,0,0,0,equal_remainder_last,ring_next,12,21,1,0,0,2000,24,,tcp,,1,0
20100,0,6,77,0,1,16,inbound_arrival,12,500,0,ring_allreduce,4,8000,1,allgather,2,2000,2000,500,0,50000000,2000,0,0,500,0,0,0,1000,0,0,blocked,0,tcp,0,500,500,0,0,0,0,equal_remainder_last,ring_next,15,12,1,0,0,2000,24,,tcp,,2,1
20100,0,8,77,0,2,19,inbound_arrival,15,500,0,ring_allreduce,4,8000,2,allgather,2,4000,2000,500,0,50000000,2000,0,0,500,0,0,0,1000,0,0,blocked,0,tcp,0,500,500,0,0,0,0,equal_remainder_last,ring_next,18,15,1,0,0,2000,24,,tcp,,3,2
20100,0,10,77,0,3,22,inbound_arrival,18,500,0,ring_allreduce,4,8000,3,allgather,2,6000,2000,500,0,50000000,2000,0,0,500,0,0,0,1000,0,0,blocked,0,tcp,0,500,500,0,0,0,0,equal_remainder_last,ring_next,21,18,1,0,0,2000,24,,tcp,,0,3
22140,0,4,86,0,0,13,inbound_arrival,21,500,0,ring_allreduce,4,8000,0,allgather,2,0,2000,500,0,50000000,2000,0,0,1000,0,0,0,1500,0,0,blocked,0,tcp,0,1000,500,0,0,0,0,equal_remainder_last,ring_next,12,21,1,0,0,2000,24,,tcp,,1,0
22140,0,6,86,0,1,16,inbound_arrival,12,500,0,ring_allreduce,4,8000,1,allgather,2,2000,2000,500,0,50000000,2000,0,0,1000,0,0,0,1500,0,0,blocked,0,tcp,0,1000,500,0,0,0,0,equal_remainder_last,ring_next,15,12,1,0,0,2000,24,,tcp,,2,1
22140,0,8,86,0,2,19,inbound_arrival,15,500,0,ring_allreduce,4,8000,2,allgather,2,4000,2000,500,0,50000000,2000,0,0,1000,0,0,0,1500,0,0,blocked,0,tcp,0,1000,500,0,0,0,0,equal_remainder_last,ring_next,18,15,1,0,0,2000,24,,tcp,,3,2
22140,0,10,86,0,3,22,inbound_arrival,18,500,0,ring_allreduce,4,8000,3,allgather,2,6000,2000,500,0,50000000,2000,0,0,1000,0,0,0,1500,0,0,blocked,0,tcp,0,1000,500,0,0,0,0,equal_remainder_last,ring_next,21,18,1,0,0,2000,24,,tcp,,0,3
22640,0,4,89,0,0,13,inbound_arrival,21,500,0,ring_allreduce,4,8000,0,allgather,2,0,2000,500,0,50000000,2000,0,0,1500,0,0,1,2000,0,0,blocked,0,tcp,0,1500,500,0,0,0,0,equal_remainder_last,ring_next,12,21,1,0,0,2000,24,,tcp,,1,0
22640,0,6,89,0,1,16,inbound_arrival,12,500,0,ring_allreduce,4,8000,1,allgather,2,2000,2000,500,0,50000000,2000,0,0,1500,0,0,1,2000,0,0,blocked,0,tcp,0,1500,500,0,0,0,0,equal_remainder_last,ring_next,15,12,1,0,0,2000,24,,tcp,,2,1
22640,0,8,89,0,2,19,inbound_arrival,15,500,0,ring_allreduce,4,8000,2,allgather,2,4000,2000,500,0,50000000,2000,0,0,1500,0,0,1,2000,0,0,blocked,0,tcp,0,1500,500,0,0,0,0,equal_remainder_last,ring_next,18,15,1,0,0,2000,24,,tcp,,3,2
22640,0,10,89,0,3,22,inbound_arrival,18,500,0,ring_allreduce,4,8000,3,allgather,2,6000,2000,500,0,50000000,2000,0,0,1500,0,0,1,2000,0,0,blocked,0,tcp,0,1500,500,0,0,0,0,equal_remainder_last,ring_next,21,18,1,0,0,2000,24,,tcp,,0,3
22800,0,4,95,0,0,13,local_completion,12,0,0,ring_allreduce,4,8000,0,allgather,2,0,2000,500,0,50000000,2000,0,1,2000,1,1,1,2000,2,1000,blocked,0,tcp,0,0,0,2000,20140,2160,0,equal_remainder_last,ring_next,12,21,1,0,1,2000,24,,tcp,,1,1
22800,0,6,95,0,1,16,local_completion,15,0,0,ring_allreduce,4,8000,1,allgather,2,2000,2000,500,0,50000000,2000,0,1,2000,1,1,1,2000,2,1000,blocked,0,tcp,0,0,0,2000,20140,2160,0,equal_remainder_last,ring_next,15,12,1,0,1,2000,24,,tcp,,2,2
22800,0,8,95,0,2,19,local_completion,18,0,0,ring_allreduce,4,8000,2,allgather,2,4000,2000,500,0,50000000,2000,0,1,2000,1,1,1,2000,2,1000,blocked,0,tcp,0,0,0,2000,20140,2160,0,equal_remainder_last,ring_next,18,15,1,0,1,2000,24,,tcp,,3,3
22800,0,10,95,0,3,22,local_completion,21,0,0,ring_allreduce,4,8000,3,allgather,2,6000,2000,500,0,50000000,2000,0,1,2000,1,1,1,2000,2,1000,blocked,0,tcp,0,0,0,2000,20140,2160,0,equal_remainder_last,ring_next,21,18,1,0,1,2000,24,,tcp,,0,0
24800,0,4,98,0,0,14,inbound_arrival,22,500,0,ring_allreduce,4,8000,0,allgather,3,6000,2000,500,0,50000000,2000,0,0,0,0,0,0,500,0,0,blocked,0,tcp,0,0,500,0,0,0,0,equal_remainder_last,ring_next,13,22,1,0,0,2000,24,,tcp,,1,0
24800,0,6,98,0,1,17,inbound_arrival,13,500,0,ring_allreduce,4,8000,1,allgather,3,0,2000,500,0,50000000,2000,0,0,0,0,0,0,500,0,0,blocked,0,tcp,0,0,500,0,0,0,0,equal_remainder_last,ring_next,16,13,1,0,0,2000,24,,tcp,,2,1
24800,0,8,98,0,2,20,inbound_arrival,16,500,0,ring_allreduce,4,8000,2,allgather,3,2000,2000,500,0,50000000,2000,0,0,0,0,0,0,500,0,0,blocked,0,tcp,0,0,500,0,0,0,0,equal_remainder_last,ring_next,19,16,1,0,0,2000,24,,tcp,,3,2
24800,0,10,98,0,3,23,inbound_arrival,19,500,0,ring_allreduce,4,8000,3,allgather,3,4000,2000,500,0,50000000,2000,0,0,0,0,0,0,500,0,0,blocked,0,tcp,0,0,500,0,0,0,0,equal_remainder_last,ring_next,22,19,1,0,0,2000,24,,tcp,,0,3
25300,0,4,101,0,0,14,inbound_arrival,22,500,0,ring_allreduce,4,8000,0,allgather,3,6000,2000,500,0,50000000,2000,0,0,500,0,0,0,1000,0,0,blocked,0,tcp,0,500,500,0,0,0,0,equal_remainder_last,ring_next,13,22,1,0,0,2000,24,,tcp,,1,0
25300,0,6,101,0,1,17,inbound_arrival,13,500,0,ring_allreduce,4,8000,1,allgather,3,0,2000,500,0,50000000,2000,0,0,500,0,0,0,1000,0,0,blocked,0,tcp,0,500,500,0,0,0,0,equal_remainder_last,ring_next,16,13,1,0,0,2000,24,,tcp,,2,1
25300,0,8,101,0,2,20,inbound_arrival,16,500,0,ring_allreduce,4,8000,2,allgather,3,2000,2000,500,0,50000000,2000,0,0,500,0,0,0,1000,0,0,blocked,0,tcp,0,500,500,0,0,0,0,equal_remainder_last,ring_next,19,16,1,0,0,2000,24,,tcp,,3,2
25300,0,10,101,0,3,23,inbound_arrival,19,500,0,ring_allreduce,4,8000,3,allgather,3,4000,2000,500,0,50000000,2000,0,0,500,0,0,0,1000,0,0,blocked,0,tcp,0,500,500,0,0,0,0,equal_remainder_last,ring_next,22,19,1,0,0,2000,24,,tcp,,0,3
27340,0,4,110,0,0,14,inbound_arrival,22,500,0,ring_allreduce,4,8000,0,allgather,3,6000,2000,500,0,50000000,2000,0,0,1000,0,0,0,1500,0,0,blocked,0,tcp,0,1000,500,0,0,0,0,equal_remainder_last,ring_next,13,22,1,0,0,2000,24,,tcp,,1,0
27340,0,6,110,0,1,17,inbound_arrival,13,500,0,ring_allreduce,4,8000,1,allgather,3,0,2000,500,0,50000000,2000,0,0,1000,0,0,0,1500,0,0,blocked,0,tcp,0,1000,500,0,0,0,0,equal_remainder_last,ring_next,16,13,1,0,0,2000,24,,tcp,,2,1
27340,0,8,110,0,2,20,inbound_arrival,16,500,0,ring_allreduce,4,8000,2,allgather,3,2000,2000,500,0,50000000,2000,0,0,1000,0,0,0,1500,0,0,blocked,0,tcp,0,1000,500,0,0,0,0,equal_remainder_last,ring_next,19,16,1,0,0,2000,24,,tcp,,3,2
27340,0,10,110,0,3,23,inbound_arrival,19,500,0,ring_allreduce,4,8000,3,allgather,3,4000,2000,500,0,50000000,2000,0,0,1000,0,0,0,1500,0,0,blocked,0,tcp,0,1000,500,0,0,0,0,equal_remainder_last,ring_next,22,19,1,0,0,2000,24,,tcp,,0,3
27840,0,4,113,0,0,14,inbound_arrival,22,500,0,ring_allreduce,4,8000,0,allgather,3,6000,2000,500,0,50000000,2000,0,0,1500,0,0,1,2000,0,0,blocked,0,tcp,0,1500,500,0,0,0,0,equal_remainder_last,ring_next,13,22,1,0,0,2000,24,,tcp,,1,0
27840,0,6,113,0,1,17,inbound_arrival,13,500,0,ring_allreduce,4,8000,1,allgather,3,0,2000,500,0,50000000,2000,0,0,1500,0,0,1,2000,0,0,blocked,0,tcp,0,1500,500,0,0,0,0,equal_remainder_last,ring_next,16,13,1,0,0,2000,24,,tcp,,2,1
27840,0,8,113,0,2,20,inbound_arrival,16,500,0,ring_allreduce,4,8000,2,allgather,3,2000,2000,500,0,50000000,2000,0,0,1500,0,0,1,2000,0,0,blocked,0,tcp,0,1500,500,0,0,0,0,equal_remainder_last,ring_next,19,16,1,0,0,2000,24,,tcp,,3,2
27840,0,10,113,0,3,23,inbound_arrival,19,500,0,ring_allreduce,4,8000,3,allgather,3,4000,2000,500,0,50000000,2000,0,0,1500,0,0,1,2000,0,0,blocked,0,tcp,0,1500,500,0,0,0,0,equal_remainder_last,ring_next,22,19,1,0,0,2000,24,,tcp,,0,3
28000,0,4,119,0,0,14,local_completion,13,0,0,ring_allreduce,4,8000,0,allgather,3,6000,2000,500,0,50000000,2000,0,1,2000,1,1,1,2000,2,1000,blocked,0,tcp,0,0,0,2000,25340,2160,0,equal_remainder_last,ring_next,13,22,1,0,1,2000,24,,tcp,,1,1
28000,0,6,119,0,1,17,local_completion,16,0,0,ring_allreduce,4,8000,1,allgather,3,0,2000,500,0,50000000,2000,0,1,2000,1,1,1,2000,2,1000,blocked,0,tcp,0,0,0,2000,25340,2160,0,equal_remainder_last,ring_next,16,13,1,0,1,2000,24,,tcp,,2,2
28000,0,8,119,0,2,20,local_completion,19,0,0,ring_allreduce,4,8000,2,allgather,3,2000,2000,500,0,50000000,2000,0,1,2000,1,1,1,2000,2,1000,blocked,0,tcp,0,0,0,2000,25340,2160,0,equal_remainder_last,ring_next,19,16,1,0,1,2000,24,,tcp,,3,3
28000,0,10,119,0,3,23,local_completion,22,0,0,ring_allreduce,4,8000,3,allgather,3,4000,2000,500,0,50000000,2000,0,1,2000,1,1,1,2000,2,1000,blocked,0,tcp,0,0,0,2000,25340,2160,0,equal_remainder_last,ring_next,22,19,1,0,1,2000,24,,tcp,,0,0
30000,0,4,122,0,0,24,inbound_arrival,23,500,0,,4,0,0,,0,0,0,0,0,50000000,2000,0,0,0,0,0,0,500,0,0,blocked,0,compute,1000,0,500,0,0,0,0,,,14;32,23,2,0,0,2000,4,,tcp,,0,0
30000,0,6,122,0,1,25,inbound_arrival,14,500,0,,4,0,1,,0,0,0,0,0,50000000,2000,0,0,0,0,0,0,500,0,0,blocked,0,compute,1000,0,500,0,0,0,0,,,17;33,14,2,0,0,2000,4,,tcp,,1,1
30000,0,8,122,0,2,26,inbound_arrival,17,500,0,,4,0,2,,0,0,0,0,0,50000000,2000,0,0,0,0,0,0,500,0,0,blocked,0,compute,1000,0,500,0,0,0,0,,,20;34,17,2,0,0,2000,4,,tcp,,2,2
30000,0,10,122,0,3,27,inbound_arrival,20,500,0,,4,0,3,,0,0,0,0,0,50000000,2000,0,0,0,0,0,0,500,0,0,blocked,0,compute,1000,0,500,0,0,0,0,,,23;35,20,2,0,0,2000,4,,tcp,,3,3
30500,0,4,125,0,0,24,inbound_arrival,23,500,0,,4,0,0,,0,0,0,0,0,50000000,2000,0,0,500,0,0,0,1000,0,0,blocked,0,compute,1000,500,500,0,0,0,0,,,14;32,23,2,0,0,2000,4,,tcp,,0,0
30500,0,6,125,0,1,25,inbound_arrival,14,500,0,,4,0,1,,0,0,0,0,0,50000000,2000,0,0,500,0,0,0,1000,0,0,blocked,0,compute,1000,500,500,0,0,0,0,,,17;33,14,2,0,0,2000,4,,tcp,,1,1
30500,0,8,125,0,2,26,inbound_arrival,17,500,0,,4,0,2,,0,0,0,0,0,50000000,2000,0,0,500,0,0,0,1000,0,0,blocked,0,compute,1000,500,500,0,0,0,0,,,20;34,17,2,0,0,2000,4,,tcp,,2,2
30500,0,10,125,0,3,27,inbound_arrival,20,500,0,,4,0,3,,0,0,0,0,0,50000000,2000,0,0,500,0,0,0,1000,0,0,blocked,0,compute,1000,500,500,0,0,0,0,,,23;35,20,2,0,0,2000,4,,tcp,,3,3
32540,0,4,134,0,0,24,inbound_arrival,23,500,0,,4,0,0,,0,0,0,0,0,50000000,2000,0,0,1000,0,0,0,1500,0,0,blocked,0,compute,1000,1000,500,0,0,0,0,,,14;32,23,2,0,0,2000,4,,tcp,,0,0
32540,0,6,134,0,1,25,inbound_arrival,14,500,0,,4,0,1,,0,0,0,0,0,50000000,2000,0,0,1000,0,0,0,1500,0,0,blocked,0,compute,1000,1000,500,0,0,0,0,,,17;33,14,2,0,0,2000,4,,tcp,,1,1
32540,0,8,134,0,2,26,inbound_arrival,17,500,0,,4,0,2,,0,0,0,0,0,50000000,2000,0,0,1000,0,0,0,1500,0,0,blocked,0,compute,1000,1000,500,0,0,0,0,,,20;34,17,2,0,0,2000,4,,tcp,,2,2
32540,0,10,134,0,3,27,inbound_arrival,20,500,0,,4,0,3,,0,0,0,0,0,50000000,2000,0,0,1000,0,0,0,1500,0,0,blocked,0,compute,1000,1000,500,0,0,0,0,,,23;35,20,2,0,0,2000,4,,tcp,,3,3
33040,0,4,137,0,0,24,inbound_arrival,23,500,0,,4,0,0,,0,0,0,0,0,50000000,2000,0,0,1500,0,0,1,2000,0,0,blocked,0,compute,1000,1500,500,0,0,0,0,,,14;32,23,2,0,0,2000,4,,tcp,,0,0
33040,0,6,137,0,1,25,inbound_arrival,14,500,0,,4,0,1,,0,0,0,0,0,50000000,2000,0,0,1500,0,0,1,2000,0,0,blocked,0,compute,1000,1500,500,0,0,0,0,,,17;33,14,2,0,0,2000,4,,tcp,,1,1
33040,0,8,137,0,2,26,inbound_arrival,17,500,0,,4,0,2,,0,0,0,0,0,50000000,2000,0,0,1500,0,0,1,2000,0,0,blocked,0,compute,1000,1500,500,0,0,0,0,,,20;34,17,2,0,0,2000,4,,tcp,,2,2
33040,0,10,137,0,3,27,inbound_arrival,20,500,0,,4,0,3,,0,0,0,0,0,50000000,2000,0,0,1500,0,0,1,2000,0,0,blocked,0,compute,1000,1500,500,0,0,0,0,,,23;35,20,2,0,0,2000,4,,tcp,,3,3
33200,0,4,143,0,0,24,local_completion,14,0,0,,4,0,0,,0,0,0,0,0,50000000,2000,0,1,2000,0,0,1,2000,0,0,blocked,0,compute,1000,0,0,2000,30540,2160,0,,,14;32,23,2,0,1,2000,4,,tcp,,0,1
33200,0,6,143,0,1,25,local_completion,17,0,0,,4,0,1,,0,0,0,0,0,50000000,2000,0,1,2000,0,0,1,2000,0,0,blocked,0,compute,1000,0,0,2000,30540,2160,0,,,17;33,14,2,0,1,2000,4,,tcp,,1,2
33200,0,8,143,0,2,26,local_completion,20,0,0,,4,0,2,,0,0,0,0,0,50000000,2000,0,1,2000,0,0,1,2000,0,0,blocked,0,compute,1000,0,0,2000,30540,2160,0,,,20;34,17,2,0,1,2000,4,,tcp,,2,3
33200,0,10,143,0,3,27,local_completion,23,0,0,,4,0,3,,0,0,0,0,0,50000000,2000,0,1,2000,0,0,1,2000,0,0,blocked,0,compute,1000,0,0,2000,30540,2160,0,,,23;35,20,2,0,1,2000,4,,tcp,,3,0
40000,1,0,1,0,0,24,local_completion,32,0,0,,4,0,0,,0,0,0,0,0,50000000,2000,0,1,2000,1,1,1,2000,0,0,scheduled,41000,compute,1000,0,0,0,0,40000,0,,,14;32,23,2,1,2,0,4,,compute,,0,0
40000,1,1,1,0,1,25,local_completion,33,0,0,,4,0,1,,0,0,0,0,0,50000000,2000,0,1,2000,1,1,1,2000,0,0,scheduled,41000,compute,1000,0,0,0,0,40000,0,,,17;33,14,2,1,2,0,4,,compute,,1,1
40000,1,2,1,0,2,26,local_completion,34,0,0,,4,0,2,,0,0,0,0,0,50000000,2000,0,1,2000,1,1,1,2000,0,0,scheduled,41000,compute,1000,0,0,0,0,40000,0,,,20;34,17,2,1,2,0,4,,compute,,2,2
40000,1,3,1,0,3,27,local_completion,35,0,0,,4,0,3,,0,0,0,0,0,50000000,2000,0,1,2000,1,1,1,2000,0,0,scheduled,41000,compute,1000,0,0,0,0,40000,0,,,23;35,20,2,1,2,0,4,,compute,,3,3
