time_ns,flow_id,payload
1665536,1,2
1666560,0,3
1681536,1,16
1682560,0,17
1697536,1,30
1698560,0,31
1713536,1,44
1714560,0,45
1729536,1,58
1730560,0,59
1745536,1,72
1746560,0,73
1761536,1,86
1762560,0,87
1777536,1,100
1778560,0,101
1793536,1,114
1794560,0,115
1809536,1,128
1810560,0,129
1825536,1,142
1826560,0,143
1841536,1,156
1842560,0,157
1857536,1,170
1858560,0,171
1873536,1,184
1874560,0,185
1889536,1,198
1890560,0,199
1905536,1,212
1906560,0,213
1921536,1,226
1922560,0,227
1937536,1,240
1938560,0,241
1953536,1,254
1954560,0,255
1969536,1,268
1970560,0,269
1985536,1,282
1986560,0,283
2001536,1,296
2002560,0,297
2017536,1,310
2018560,0,311
2033536,1,324
2034560,0,325
2049536,1,338
