time_ns,event_phase,event_origin_node,event_origin_sequence,node_id,queue_id,class_count,quanta_bytes,before_deficits_bytes,before_current_class,scan_steps,eligible_packets,selected_payload,after_deficits_bytes,after_current_class
500,2,6,0,6,0,2,1500;4500,0;0,0,3,1:1:500,1,0;4000,1
1000,2,4,0,4,0,2,1500;4500,0;0,0,2,0:0:1000,0,500;0,0
1000,2,6,3,6,0,2,1500;4500,0;4000,1,0,13:1:500,13,0;3500,1
1000,2,11,0,11,0,2,1500;4500,0;0,0,3,1:1:500,1,0;4000,1
1500,2,6,6,6,0,2,1500;4500,0;3500,1,0,25:1:500,25,0;3000,1
1500,2,7,0,7,0,2,1500;4500,0;0,0,3,1:1:500,1,0;4000,1
1500,2,11,3,11,0,2,1500;4500,0;4000,1,0,13:1:500,13,0;3500,1
2000,2,4,3,4,0,2,1500;4500,500;0,0,2,12:0:1000,12,1000;0,0
2000,2,6,9,6,0,2,1500;4500,0;3000,1,0,37:1:500,37,0;2500,1
2000,2,7,3,7,0,2,1500;4500,0;4000,1,0,13:1:500,13,0;3500,1
2000,2,11,6,11,0,2,1500;4500,0;3500,1,0,0:0:1000;25:1:500,25,0;3000,1
2500,2,6,12,6,0,2,1500;4500,0;2500,1,0,49:1:500,49,0;2000,1
2500,2,7,6,7,0,2,1500;4500,0;3500,1,0,25:1:500,25,0;3000,1
2500,2,11,9,11,0,2,1500;4500,0;3000,1,0,0:0:1000;37:1:500,37,0;2500,1
3000,2,4,6,4,0,2,1500;4500,1000;0,0,0,24:0:1000,24,0;0,0
3000,2,6,15,6,0,2,1500;4500,0;2000,1,0,61:1:500,61,0;1500,1
3000,2,7,9,7,0,2,1500;4500,0;3000,1,0,37:1:500,37,0;2500,1
3000,2,11,12,11,0,2,1500;4500,0;2500,1,0,0:0:1000;12:0:1000;49:1:500,49,0;2000,1
3500,2,7,12,7,0,2,1500;4500,0;2500,1,0,49:1:500,49,0;2000,1
3500,2,11,15,11,0,2,1500;4500,0;2000,1,0,0:0:1000;12:0:1000;61:1:500,61,0;1500,1
4000,2,4,9,4,0,2,1500;4500,0;0,0,2,36:0:1000,36,500;0,0
4000,2,7,15,7,0,2,1500;4500,0;2000,1,0,61:1:500,61,0;1500,1
4000,2,11,18,11,0,2,1500;4500,0;1500,1,1,0:0:1000;12:0:1000;24:0:1000,0,500;0,0
5000,2,4,12,4,0,2,1500;4500,500;0,0,2,48:0:1000,48,1000;0,0
5000,2,7,18,7,0,2,1500;4500,0;1500,1,1,0:0:1000,0,500;0,0
5000,2,11,21,11,0,2,1500;4500,500;0,0,2,12:0:1000;24:0:1000;36:0:1000,12,1000;0,0
6000,2,4,15,4,0,2,1500;4500,1000;0,0,0,60:0:1000,60,0;0,0
6000,2,7,21,7,0,2,1500;4500,500;0,0,2,12:0:1000,12,1000;0,0
6000,2,11,24,11,0,2,1500;4500,1000;0,0,0,24:0:1000;36:0:1000;48:0:1000,24,0;0,0
7000,2,7,24,7,0,2,1500;4500,1000;0,0,0,24:0:1000,24,0;0,0
7000,2,11,27,11,0,2,1500;4500,0;0,0,2,36:0:1000;48:0:1000;60:0:1000,36,500;0,0
8000,2,7,27,7,0,2,1500;4500,0;0,0,2,36:0:1000,36,500;0,0
8000,2,11,30,11,0,2,1500;4500,500;0,0,2,48:0:1000;60:0:1000,48,1000;0,0
9000,2,7,30,7,0,2,1500;4500,500;0,0,2,48:0:1000,48,1000;0,0
9000,2,11,33,11,0,2,1500;4500,1000;0,0,0,60:0:1000,60,0;0,0
10000,2,7,33,7,0,2,1500;4500,1000;0,0,0,60:0:1000,60,0;0,0
