time_ns,event_phase,event_origin_node,event_origin_sequence,node_id,flow_id,kind,bound_ns,frozen,alpha_ticks,increase_fires,decrease_cuts,initial_rate_bps,minimum_rate_bps,maximum_rate_bps,additive_rate_bps,hyper_rate_bps,g_q63,alpha_interval_ns,decrease_interval_ns,increase_interval_ns,fast_recovery_steps,clamp_target_rate,before_alpha_q63,before_current_rate_bps,before_target_rate_bps,before_next_alpha_ns,before_next_decrease_ns,before_next_increase_ns,before_stage,before_armed,before_alpha_pending,before_decrease_pending,before_increase_armed,after_alpha_q63,after_current_rate_bps,after_target_rate_bps,after_next_alpha_ns,after_next_decrease_ns,after_next_increase_ns,after_stage,after_armed,after_alpha_pending,after_decrease_pending,after_increase_armed
310168,0,6,20,1,1,feedback,310168,0,0,0,0,1000000000,10000000,1000000000,5000000,50000000,36028797018963968,1000,4000,50000,1,0,9223372036854775808,1000000000,1000000000,0,0,0,0,0,0,0,0,9223372036854775808,1000000000,1000000000,311168,314169,0,0,1,0,1,0
310168,0,9,20,2,2,feedback,310168,0,0,0,0,1000000000,10000000,1000000000,5000000,50000000,36028797018963968,1000,4000,50000,1,0,9223372036854775808,1000000000,1000000000,0,0,0,0,0,0,0,0,9223372036854775808,1000000000,1000000000,311168,314169,0,0,1,0,1,0
315000,1,1,440,1,1,advance,315001,0,4,0,1,1000000000,10000000,1000000000,5000000,50000000,36028797018963968,1000,4000,50000,1,0,9223372036854775808,1000000000,1000000000,311168,314169,0,0,1,0,1,0,9080099076833280000,507766842,1000000000,315168,318169,364169,0,1,0,0,1
315000,1,2,440,2,2,advance,315001,0,4,0,1,1000000000,10000000,1000000000,5000000,50000000,36028797018963968,1000,4000,50000,1,0,9223372036854775808,1000000000,1000000000,311168,314169,0,0,1,0,1,0,9080099076833280000,507766842,1000000000,315168,318169,364169,0,1,0,0,1
351192,0,6,23,1,1,feedback,351192,0,37,0,0,1000000000,10000000,1000000000,5000000,50000000,36028797018963968,1000,4000,50000,1,0,9080099076833280000,507766842,1000000000,315168,318169,364169,0,1,0,0,1,7855947036322602942,507766842,1000000000,352168,354169,364169,0,1,1,1,1
384216,0,6,26,1,1,advance,384216,0,3,0,1,1000000000,10000000,1000000000,5000000,50000000,36028797018963968,1000,4000,50000,1,0,7855947036322602942,507766842,1000000000,352168,354169,364169,0,1,1,1,1,7799992177253972419,293063511,1000000000,355168,358169,404169,0,1,0,0,1
384216,0,9,26,2,2,feedback,384216,0,70,1,0,1000000000,10000000,1000000000,5000000,50000000,36028797018963968,1000,4000,50000,1,0,9080099076833280000,507766842,1000000000,315168,318169,364169,0,1,0,0,1,6904077310309974760,753883421,1000000000,385168,386169,414169,1,1,1,1,1
417240,0,6,29,1,1,feedback,417240,0,63,1,0,1000000000,10000000,1000000000,5000000,50000000,36028797018963968,1000,4000,50000,1,0,7799992177253972419,293063511,1000000000,355168,358169,404169,0,1,0,0,1,6095477321882149807,646531755,1000000000,418168,418169,454169,1,1,1,1,1
417240,0,9,29,2,2,feedback,417240,0,33,0,1,1000000000,10000000,1000000000,5000000,50000000,36028797018963968,1000,4000,50000,1,0,6904077310309974760,753883421,1000000000,385168,386169,414169,1,1,1,1,1,6099328872528181289,472460249,753883421,418168,418169,436169,0,1,1,1,1
450264,0,6,32,1,1,feedback,450264,0,33,0,1,1000000000,10000000,1000000000,5000000,50000000,36028797018963968,1000,4000,50000,1,0,6095477321882149807,646531755,1000000000,418168,418169,454169,1,1,1,1,1,5388703303464428178,432465837,646531755,451168,454169,468169,0,1,1,1,1
450264,0,9,32,2,2,feedback,450264,0,33,0,1,1000000000,10000000,1000000000,5000000,50000000,36028797018963968,1000,4000,50000,1,0,6099328872528181289,472460249,753883421,418168,418169,436169,0,1,1,1,1,5392088179062726918,315930945,753883421,451168,454169,468169,0,1,1,1,1
483288,0,6,35,1,1,feedback,483288,0,33,0,1,1000000000,10000000,1000000000,5000000,50000000,36028797018963968,1000,4000,50000,1,0,5388703303464428178,432465837,646531755,451168,454169,468169,0,1,1,1,1,4767565910160594889,307260583,646531755,484168,486169,504169,0,1,1,1,1
483288,0,9,35,2,2,feedback,483288,0,33,0,1,1000000000,10000000,1000000000,5000000,50000000,36028797018963968,1000,4000,50000,1,0,5392088179062726918,315930945,753883421,451168,454169,468169,0,1,1,1,1,4770540655625194604,224407194,753883421,484168,486169,504169,0,1,1,1,1
516312,0,6,38,1,1,feedback,516312,0,33,0,1,1000000000,10000000,1000000000,5000000,50000000,36028797018963968,1000,4000,50000,1,0,4767565910160594889,307260583,646531755,484168,486169,504169,0,1,1,1,1,4221688937738758828,228180538,646531755,517168,518169,536169,0,1,1,1,1
516312,0,9,38,2,2,feedback,516312,0,33,0,1,1000000000,10000000,1000000000,5000000,50000000,36028797018963968,1000,4000,50000,1,0,4770540655625194604,224407194,753883421,484168,486169,504169,0,1,1,1,1,4224303246691089068,166615465,753883421,517168,518169,536169,0,1,1,1,1
549336,0,6,41,1,1,feedback,549336,0,33,0,1,1000000000,10000000,1000000000,5000000,50000000,36028797018963968,1000,4000,50000,1,0,4221688937738758828,228180538,646531755,517168,518169,536169,0,1,1,1,1,3741953419908373840,175922802,646531755,550168,550169,568169,0,1,1,1,1
549336,0,9,41,2,2,feedback,549336,0,33,0,1,1000000000,10000000,1000000000,5000000,50000000,36028797018963968,1000,4000,50000,1,0,4224303246691089068,166615465,753883421,517168,518169,536169,0,1,1,1,1,3744250964817532548,128433887,753883421,550168,550169,568169,0,1,1,1,1
582360,0,6,44,1,1,feedback,582360,0,33,0,1,1000000000,10000000,1000000000,5000000,50000000,36028797018963968,1000,4000,50000,1,0,3741953419908373840,175922802,646531755,550168,550169,568169,0,1,1,1,1,3320345294460396301,140032362,646531755,583168,586169,600169,0,1,1,1,1
582360,0,9,44,2,2,feedback,582360,0,33,0,1,1000000000,10000000,1000000000,5000000,50000000,36028797018963968,1000,4000,50000,1,0,3744250964817532548,128433887,753883421,550168,550169,568169,0,1,1,1,1,3322364456199063786,102215842,753883421,583168,586169,600169,0,1,1,1,1
623384,0,6,47,1,1,feedback,623384,0,41,0,1,1000000000,10000000,1000000000,5000000,50000000,36028797018963968,1000,4000,50000,1,0,3320345294460396301,140032362,646531755,583168,586169,600169,0,1,1,1,1,2858890105855783907,114948281,646531755,624168,626169,636169,0,1,1,1,1
623384,0,9,47,2,2,feedback,623384,0,41,0,1,1000000000,10000000,1000000000,5000000,50000000,36028797018963968,1000,4000,50000,1,0,3322364456199063786,102215842,753883421,583168,586169,600169,0,1,1,1,1,2860609913710585566,83894842,753883421,624168,626169,636169,0,1,1,1,1
648408,0,6,50,1,1,feedback,648408,0,25,0,1,1000000000,10000000,1000000000,5000000,50000000,36028797018963968,1000,4000,50000,1,0,2858890105855783907,114948281,646531755,624168,626169,636169,0,1,1,1,1,2625203507184873867,97118705,646531755,649168,650169,676169,0,1,1,1,1
648408,0,9,50,2,2,feedback,648408,0,25,0,1,1000000000,10000000,1000000000,5000000,50000000,36028797018963968,1000,4000,50000,1,0,2860609913710585566,83894842,753883421,624168,626169,636169,0,1,1,1,1,2626763006923137278,70874221,753883421,649168,650169,676169,0,1,1,1,1
673432,0,6,53,1,1,feedback,673432,0,25,0,1,1000000000,10000000,1000000000,5000000,50000000,36028797018963968,1000,4000,50000,1,0,2625203507184873867,97118705,646531755,649168,650169,676169,0,1,1,1,1,2413299492183744248,83216316,646531755,674168,674169,700169,0,1,1,1,1
673432,0,9,53,2,2,feedback,673432,0,25,0,1,1000000000,10000000,1000000000,5000000,50000000,36028797018963968,1000,4000,50000,1,0,2626763006923137278,70874221,753883421,649168,650169,676169,0,1,1,1,1,2414713626574893504,60722743,753883421,674168,674169,700169,0,1,1,1,1
674456,0,6,56,1,1,feedback,674456,0,1,0,1,1000000000,10000000,1000000000,5000000,50000000,36028797018963968,1000,4000,50000,1,0,2413299492183744248,83216316,646531755,674168,674169,700169,0,1,1,1,1,2439901338061365465,72209517,646531755,675168,678169,724169,0,1,1,1,1
674456,0,9,56,2,2,feedback,674456,0,1,0,1,1000000000,10000000,1000000000,5000000,50000000,36028797018963968,1000,4000,50000,1,0,2414713626574893504,60722743,753883421,674168,674169,700169,0,1,1,1,1,2441309948490049294,52686471,753883421,675168,678169,724169,0,1,1,1,1
675480,0,6,59,1,1,feedback,675480,0,1,0,0,1000000000,10000000,1000000000,5000000,50000000,36028797018963968,1000,4000,50000,1,0,2439901338061365465,72209517,646531755,675168,678169,724169,0,1,1,1,1,2466399270478527224,72209517,646531755,676168,678169,724169,0,1,1,1,1
675480,0,9,59,2,2,feedback,675480,0,1,0,0,1000000000,10000000,1000000000,5000000,50000000,36028797018963968,1000,4000,50000,1,0,2441309948490049294,52686471,753883421,675168,678169,724169,0,1,1,1,1,2467802378522724006,52686471,753883421,676168,678169,724169,0,1,1,1,1
675992,0,6,62,1,1,feedback,675992,0,0,0,0,1000000000,10000000,1000000000,5000000,50000000,36028797018963968,1000,4000,50000,1,0,2466399270478527224,72209517,646531755,676168,678169,724169,0,1,1,1,1,2466399270478527224,72209517,646531755,676168,678169,724169,0,1,1,1,1
675992,0,9,62,2,2,feedback,675992,0,0,0,0,1000000000,10000000,1000000000,5000000,50000000,36028797018963968,1000,4000,50000,1,0,2467802378522724006,52686471,753883421,676168,678169,724169,0,1,1,1,1,2467802378522724006,52686471,753883421,676168,678169,724169,0,1,1,1,1
677016,0,6,65,1,1,feedback,677016,0,1,0,0,1000000000,10000000,1000000000,5000000,50000000,36028797018963968,1000,4000,50000,1,0,2466399270478527224,72209517,646531755,676168,678169,724169,0,1,1,1,1,2492793695347184445,72209517,646531755,677168,678169,724169,0,1,1,1,1
677016,0,9,65,2,2,feedback,677016,0,1,0,0,1000000000,10000000,1000000000,5000000,50000000,36028797018963968,1000,4000,50000,1,0,2467802378522724006,52686471,753883421,676168,678169,724169,0,1,1,1,1,2494191322500583583,52686471,753883421,677168,678169,724169,0,1,1,1,1
678040,0,6,68,1,1,feedback,678040,0,1,0,0,1000000000,10000000,1000000000,5000000,50000000,36028797018963968,1000,4000,50000,1,0,2492793695347184445,72209517,646531755,677168,678169,724169,0,1,1,1,1,2519085016993698473,72209517,646531755,678168,678169,724169,0,1,1,1,1
678040,0,9,68,2,2,feedback,678040,0,1,0,0,1000000000,10000000,1000000000,5000000,50000000,36028797018963968,1000,4000,50000,1,0,2494191322500583583,52686471,753883421,677168,678169,724169,0,1,1,1,1,2520477184666029646,52686471,753883421,678168,678169,724169,0,1,1,1,1
679064,0,6,71,1,1,feedback,679064,0,1,0,1,1000000000,10000000,1000000000,5000000,50000000,36028797018963968,1000,4000,50000,1,0,2519085016993698473,72209517,646531755,678168,678169,724169,0,1,1,1,1,2545273638165030806,62246079,646531755,679168,682169,728169,0,1,1,1,1
679064,0,9,71,2,2,feedback,679064,0,1,0,1,1000000000,10000000,1000000000,5000000,50000000,36028797018963968,1000,4000,50000,1,0,2520477184666029646,52686471,753883421,678168,678169,724169,0,1,1,1,1,2546660367682391935,45412854,753883421,679168,682169,728169,0,1,1,1,1
680088,0,6,74,1,1,feedback,680088,0,1,0,0,1000000000,10000000,1000000000,5000000,50000000,36028797018963968,1000,4000,50000,1,0,2545273638165030806,62246079,646531755,679168,682169,728169,0,1,1,1,1,2571359960034912622,62246079,646531755,680168,682169,728169,0,1,1,1,1
680088,0,9,74,2,2,feedback,680088,0,1,0,0,1000000000,10000000,1000000000,5000000,50000000,36028797018963968,1000,4000,50000,1,0,2546660367682391935,45412854,753883421,679168,682169,728169,0,1,1,1,1,2572741272640096559,45412854,753883421,680168,682169,728169,0,1,1,1,1
681112,0,6,77,1,1,feedback,681112,0,1,0,0,1000000000,10000000,1000000000,5000000,50000000,36028797018963968,1000,4000,50000,1,0,2571359960034912622,62246079,646531755,680168,682169,728169,0,1,1,1,1,2597344382209990212,62246079,646531755,681168,682169,728169,0,1,1,1,1
681112,0,9,77,2,2,feedback,681112,0,1,0,0,1000000000,10000000,1000000000,5000000,50000000,36028797018963968,1000,4000,50000,1,0,2572741272640096559,45412854,753883421,680168,682169,728169,0,1,1,1,1,2598720299062810149,45412854,753883421,681168,682169,728169,0,1,1,1,1
682136,0,6,80,1,1,feedback,682136,0,1,0,0,1000000000,10000000,1000000000,5000000,50000000,36028797018963968,1000,4000,50000,1,0,2597344382209990212,62246079,646531755,681168,682169,728169,0,1,1,1,1,2623227302735946405,62246079,646531755,682168,682169,728169,0,1,1,1,1
682136,0,9,80,2,2,feedback,682136,0,1,0,0,1000000000,10000000,1000000000,5000000,50000000,36028797018963968,1000,4000,50000,1,0,2598720299062810149,45412854,753883421,681168,682169,728169,0,1,1,1,1,2624597844913560014,45412854,753883421,682168,682169,728169,0,1,1,1,1
683160,0,6,83,1,1,feedback,683160,0,1,0,1,1000000000,10000000,1000000000,5000000,50000000,36028797018963968,1000,4000,50000,1,0,2623227302735946405,62246079,646531755,682168,682169,728169,0,1,1,1,1,2649009118103598082,53307350,646531755,683168,686169,732169,0,1,1,1,1
683160,0,9,83,2,2,feedback,683160,0,1,0,1,1000000000,10000000,1000000000,5000000,50000000,36028797018963968,1000,4000,50000,1,0,2624597844913560014,45412854,753883421,682168,682169,728169,0,1,1,1,1,2650374306600830388,38888067,753883421,683168,686169,732169,0,1,1,1,1
684184,0,6,86,1,1,feedback,684184,0,2,0,0,1000000000,10000000,1000000000,5000000,50000000,36028797018963968,1000,4000,50000,1,0,2649009118103598082,53307350,646531755,683168,686169,732169,0,1,1,1,1,2664242214570380142,53307350,646531755,685168,686169,732169,0,1,1,1,1
684184,0,9,86,2,2,feedback,684184,0,2,0,0,1000000000,10000000,1000000000,5000000,50000000,36028797018963968,1000,4000,50000,1,0,2650374306600830388,38888067,753883421,683168,686169,732169,0,1,1,1,1,2665596758363601132,38888067,753883421,685168,686169,732169,0,1,1,1,1
685208,0,6,89,1,1,feedback,685208,0,1,0,0,1000000000,10000000,1000000000,5000000,50000000,36028797018963968,1000,4000,50000,1,0,2664242214570380142,53307350,646531755,685168,686169,732169,0,1,1,1,1,2689863815438678562,53307350,646531755,686168,686169,732169,0,1,1,1,1
685208,0,9,89,2,2,feedback,685208,0,1,0,0,1000000000,10000000,1000000000,5000000,50000000,36028797018963968,1000,4000,50000,1,0,2665596758363601132,38888067,753883421,685168,686169,732169,0,1,1,1,1,2691213068045207283,38888067,753883421,686168,686169,732169,0,1,1,1,1
686232,0,6,92,1,1,feedback,686232,0,1,0,1,1000000000,10000000,1000000000,5000000,50000000,36028797018963968,1000,4000,50000,1,0,2689863815438678562,53307350,646531755,686168,686169,732169,0,1,1,1,1,2715385331928585191,45460436,646531755,687168,690169,736169,0,1,1,1,1
686232,0,9,92,2,2,feedback,686232,0,1,0,1,1000000000,10000000,1000000000,5000000,50000000,36028797018963968,1000,4000,50000,1,0,2691213068045207283,38888067,753883421,686168,686169,732169,0,1,1,1,1,2716729314017119660,33160858,753883421,687168,690169,736169,0,1,1,1,1
687256,0,6,95,1,1,feedback,687256,0,1,0,0,1000000000,10000000,1000000000,5000000,50000000,36028797018963968,1000,4000,50000,1,0,2715385331928585191,45460436,646531755,687168,690169,736169,0,1,1,1,1,2740807154994703123,45460436,646531755,688168,690169,736169,0,1,1,1,1
687256,0,9,95,2,2,feedback,687256,0,1,0,0,1000000000,10000000,1000000000,5000000,50000000,36028797018963968,1000,4000,50000,1,0,2716729314017119660,33160858,753883421,687168,690169,736169,0,1,1,1,1,2742145887153204254,33160858,753883421,688168,690169,736169,0,1,1,1,1
688280,0,6,98,1,1,feedback,688280,0,1,0,0,1000000000,10000000,1000000000,5000000,50000000,36028797018963968,1000,4000,50000,1,0,2740807154994703123,45460436,646531755,688168,690169,736169,0,1,1,1,1,2766129674064469031,45460436,646531755,689168,690169,736169,0,1,1,1,1
688280,0,9,98,2,2,feedback,688280,0,1,0,0,1000000000,10000000,1000000000,5000000,50000000,36028797018963968,1000,4000,50000,1,0,2742145887153204254,33160858,753883421,688168,690169,736169,0,1,1,1,1,2767463176800476017,33160858,753883421,689168,690169,736169,0,1,1,1,1
689304,0,6,101,1,1,feedback,689304,0,1,0,0,1000000000,10000000,1000000000,5000000,50000000,36028797018963968,1000,4000,50000,1,0,2766129674064469031,45460436,646531755,689168,690169,736169,0,1,1,1,1,2791353277044118666,45460436,646531755,690168,690169,736169,0,1,1,1,1
689304,0,9,101,2,2,feedback,689304,0,1,0,0,1000000000,10000000,1000000000,5000000,50000000,36028797018963968,1000,4000,50000,1,0,2767463176800476017,33160858,753883421,689168,690169,736169,0,1,1,1,1,2792681570785063125,33160858,753883421,690168,690169,736169,0,1,1,1,1
690328,0,6,104,1,1,feedback,690328,0,1,0,1,1000000000,10000000,1000000000,5000000,50000000,36028797018963968,1000,4000,50000,1,0,2791353277044118666,45460436,646531755,690168,690169,736169,0,1,1,1,1,2816478350324629045,38519464,646531755,691168,694169,740169,0,1,1,1,1
690328,0,9,104,2,2,feedback,690328,0,1,0,1,1000000000,10000000,1000000000,5000000,50000000,36028797018963968,1000,4000,50000,1,0,2792681570785063125,33160858,753883421,690168,690169,736169,0,1,1,1,1,2817801455418147940,28095426,753883421,691168,694169,740169,0,1,1,1,1
691352,0,6,107,1,1,feedback,691352,0,1,0,0,1000000000,10000000,1000000000,5000000,50000000,36028797018963968,1000,4000,50000,1,0,2816478350324629045,38519464,646531755,691168,694169,740169,0,1,1,1,1,2841505278787637430,38519464,646531755,692168,694169,740169,0,1,1,1,1
691352,0,9,107,2,2,feedback,691352,0,1,0,0,1000000000,10000000,1000000000,5000000,50000000,36028797018963968,1000,4000,50000,1,0,2817801455418147940,28095426,753883421,691168,694169,740169,0,1,1,1,1,2842823215501884767,28095426,753883421,692168,694169,740169,0,1,1,1,1
692376,0,6,110,1,1,feedback,692376,0,1,0,0,1000000000,10000000,1000000000,5000000,50000000,36028797018963968,1000,4000,50000,1,0,2841505278787637430,38519464,646531755,692168,694169,740169,0,1,1,1,1,2866434445811337189,38519464,646531755,693168,694169,740169,0,1,1,1,1
692376,0,9,110,2,2,feedback,692376,0,1,0,0,1000000000,10000000,1000000000,5000000,50000000,36028797018963968,1000,4000,50000,1,0,2842823215501884767,28095426,753883421,692168,694169,740169,0,1,1,1,1,2867747234335294497,28095426,753883421,693168,694169,740169,0,1,1,1,1
692888,0,6,113,1,1,feedback,692888,0,0,0,0,1000000000,10000000,1000000000,5000000,50000000,36028797018963968,1000,4000,50000,1,0,2866434445811337189,38519464,646531755,693168,694169,740169,0,1,1,1,1,2866434445811337189,38519464,646531755,693168,694169,740169,0,1,1,1,1
692888,0,9,113,2,2,feedback,692888,0,0,0,0,1000000000,10000000,1000000000,5000000,50000000,36028797018963968,1000,4000,50000,1,0,2867747234335294497,28095426,753883421,693168,694169,740169,0,1,1,1,1,2867747234335294497,28095426,753883421,693168,694169,740169,0,1,1,1,1
693912,0,6,116,1,1,feedback,693912,0,1,0,0,1000000000,10000000,1000000000,5000000,50000000,36028797018963968,1000,4000,50000,1,0,2866434445811337189,38519464,646531755,693168,694169,740169,0,1,1,1,1,2891266233276350621,38519464,646531755,694168,694169,740169,0,1,1,1,1
693912,0,9,116,2,2,feedback,693912,0,1,0,0,1000000000,10000000,1000000000,5000000,50000000,36028797018963968,1000,4000,50000,1,0,2867747234335294497,28095426,753883421,693168,694169,740169,0,1,1,1,1,2892573893720136220,28095426,753883421,694168,694169,740169,0,1,1,1,1
695448,0,6,119,1,1,advance,695448,1,2,0,1,1000000000,10000000,1000000000,5000000,50000000,36028797018963968,1000,4000,50000,1,0,2891266233276350621,38519464,646531755,694168,694169,740169,0,1,1,1,1,2904610392581064864,32430433,646531755,696168,698169,744169,0,1,0,0,1
695448,0,9,119,2,2,advance,695448,1,2,0,1,1000000000,10000000,1000000000,5000000,50000000,36028797018963968,1000,4000,50000,1,0,2892573893720136220,28095426,753883421,694168,694169,740169,0,1,1,1,1,2905907856880948264,23652209,753883421,696168,698169,744169,0,1,0,0,1
