time_ns,event_phase,event_origin_node,event_origin_sequence,node_id,flow_id,kind,class_paused,data_class,mtu_bytes,total_bytes,pacing_interval_ns,first_pacing_time_ns,rto_ns,rate_bps,input_acknowledgment,input_ce_echo,emitted,emitted_psn,emitted_bytes,emitted_retransmission,emitted_payload,before_next_psn,before_snd_una,before_bytes_emitted,before_packets_emitted,before_credit_quanta,before_rto_deadline_ns,before_pacer,before_next_tick_ns,before_status,after_next_psn,after_snd_una,after_bytes_emitted,after_packets_emitted,after_credit_quanta,after_rto_deadline_ns,after_pacer,after_next_tick_ns,after_status
5000,1,0,1,0,0,tick,0,3,1000,2000,1000,5000,1000000,1000000000,,,0,,,,,0,0,0,0,0,,armed,5000,blocked,0,0,0,0,1000000000000,,armed,6000,blocked
5000,1,1,1,1,6,tick,0,3,1000,2000,1000,5000,1000000,1000000000,,,0,,,,,0,0,0,0,0,,armed,5000,blocked,0,0,0,0,1000000000000,,armed,6000,blocked
5000,1,2,1,2,3,tick,0,3,1000,2000,1000,5000,1000000,1000000000,,,0,,,,,0,0,0,0,0,,armed,5000,blocked,0,0,0,0,1000000000000,,armed,6000,blocked
5000,1,3,1,3,9,tick,0,3,1000,2000,1000,5000,1000000,1000000000,,,0,,,,,0,0,0,0,0,,armed,5000,blocked,0,0,0,0,1000000000000,,armed,6000,blocked
6000,1,0,2,0,0,tick,0,3,1000,2000,1000,5000,1000000,1000000000,,,0,,,,,0,0,0,0,1000000000000,,armed,6000,blocked,0,0,0,0,2000000000000,,armed,7000,blocked
6000,1,1,2,1,6,tick,0,3,1000,2000,1000,5000,1000000,1000000000,,,0,,,,,0,0,0,0,1000000000000,,armed,6000,blocked,0,0,0,0,2000000000000,,armed,7000,blocked
6000,1,2,2,2,3,tick,0,3,1000,2000,1000,5000,1000000,1000000000,,,0,,,,,0,0,0,0,1000000000000,,armed,6000,blocked,0,0,0,0,2000000000000,,armed,7000,blocked
6000,1,3,2,3,9,tick,0,3,1000,2000,1000,5000,1000000,1000000000,,,0,,,,,0,0,0,0,1000000000000,,armed,6000,blocked,0,0,0,0,2000000000000,,armed,7000,blocked
7000,1,0,3,0,0,tick,0,3,1000,2000,1000,5000,1000000,1000000000,,,0,,,,,0,0,0,0,2000000000000,,armed,7000,blocked,0,0,0,0,3000000000000,,armed,8000,blocked
7000,1,1,3,1,6,tick,0,3,1000,2000,1000,5000,1000000,1000000000,,,0,,,,,0,0,0,0,2000000000000,,armed,7000,blocked,0,0,0,0,3000000000000,,armed,8000,blocked
7000,1,2,3,2,3,tick,0,3,1000,2000,1000,5000,1000000,1000000000,,,0,,,,,0,0,0,0,2000000000000,,armed,7000,blocked,0,0,0,0,3000000000000,,armed,8000,blocked
7000,1,3,3,3,9,tick,0,3,1000,2000,1000,5000,1000000,1000000000,,,0,,,,,0,0,0,0,2000000000000,,armed,7000,blocked,0,0,0,0,3000000000000,,armed,8000,blocked
8000,1,0,4,0,0,tick,0,3,1000,2000,1000,5000,1000000,1000000000,,,0,,,,,0,0,0,0,3000000000000,,armed,8000,blocked,0,0,0,0,4000000000000,,armed,9000,blocked
8000,1,1,4,1,6,tick,0,3,1000,2000,1000,5000,1000000,1000000000,,,0,,,,,0,0,0,0,3000000000000,,armed,8000,blocked,0,0,0,0,4000000000000,,armed,9000,blocked
8000,1,2,4,2,3,tick,0,3,1000,2000,1000,5000,1000000,1000000000,,,0,,,,,0,0,0,0,3000000000000,,armed,8000,blocked,0,0,0,0,4000000000000,,armed,9000,blocked
8000,1,3,4,3,9,tick,0,3,1000,2000,1000,5000,1000000,1000000000,,,0,,,,,0,0,0,0,3000000000000,,armed,8000,blocked,0,0,0,0,4000000000000,,armed,9000,blocked
9000,1,0,5,0,0,tick,0,3,1000,2000,1000,5000,1000000,1000000000,,,0,,,,,0,0,0,0,4000000000000,,armed,9000,blocked,0,0,0,0,5000000000000,,armed,10000,blocked
9000,1,1,5,1,6,tick,0,3,1000,2000,1000,5000,1000000,1000000000,,,0,,,,,0,0,0,0,4000000000000,,armed,9000,blocked,0,0,0,0,5000000000000,,armed,10000,blocked
9000,1,2,5,2,3,tick,0,3,1000,2000,1000,5000,1000000,1000000000,,,0,,,,,0,0,0,0,4000000000000,,armed,9000,blocked,0,0,0,0,5000000000000,,armed,10000,blocked
9000,1,3,5,3,9,tick,0,3,1000,2000,1000,5000,1000000,1000000000,,,0,,,,,0,0,0,0,4000000000000,,armed,9000,blocked,0,0,0,0,5000000000000,,armed,10000,blocked
10000,1,0,6,0,0,tick,0,3,1000,2000,1000,5000,1000000,1000000000,,,0,,,,,0,0,0,0,5000000000000,,armed,10000,blocked,0,0,0,0,6000000000000,,armed,11000,blocked
10000,1,1,6,1,6,tick,0,3,1000,2000,1000,5000,1000000,1000000000,,,0,,,,,0,0,0,0,5000000000000,,armed,10000,blocked,0,0,0,0,6000000000000,,armed,11000,blocked
10000,1,2,6,2,3,tick,0,3,1000,2000,1000,5000,1000000,1000000000,,,0,,,,,0,0,0,0,5000000000000,,armed,10000,blocked,0,0,0,0,6000000000000,,armed,11000,blocked
10000,1,3,6,3,9,tick,0,3,1000,2000,1000,5000,1000000,1000000000,,,0,,,,,0,0,0,0,5000000000000,,armed,10000,blocked,0,0,0,0,6000000000000,,armed,11000,blocked
11000,1,0,7,0,0,tick,0,3,1000,2000,1000,5000,1000000,1000000000,,,0,,,,,0,0,0,0,6000000000000,,armed,11000,blocked,0,0,0,0,7000000000000,,armed,12000,scheduled
11000,1,1,7,1,6,tick,0,3,1000,2000,1000,5000,1000000,1000000000,,,0,,,,,0,0,0,0,6000000000000,,armed,11000,blocked,0,0,0,0,7000000000000,,armed,12000,scheduled
11000,1,2,7,2,3,tick,0,3,1000,2000,1000,5000,1000000,1000000000,,,0,,,,,0,0,0,0,6000000000000,,armed,11000,blocked,0,0,0,0,7000000000000,,armed,12000,scheduled
11000,1,3,7,3,9,tick,0,3,1000,2000,1000,5000,1000000,1000000000,,,0,,,,,0,0,0,0,6000000000000,,armed,11000,blocked,0,0,0,0,7000000000000,,armed,12000,scheduled
12000,1,0,8,0,0,tick,0,3,1000,2000,1000,5000,1000000,1000000000,,,1,0,1000,0,98,0,0,0,0,7000000000000,,armed,12000,scheduled,1000,0,1000,1,0,1012000,armed,13000,blocked
12000,1,1,8,1,6,tick,0,3,1000,2000,1000,5000,1000000,1000000000,,,1,0,1000,0,99,0,0,0,0,7000000000000,,armed,12000,scheduled,1000,0,1000,1,0,1012000,armed,13000,blocked
12000,1,2,8,2,3,tick,0,3,1000,2000,1000,5000,1000000,1000000000,,,1,0,1000,0,100,0,0,0,0,7000000000000,,armed,12000,scheduled,1000,0,1000,1,0,1012000,armed,13000,blocked
12000,1,3,8,3,9,tick,0,3,1000,2000,1000,5000,1000000,1000000000,,,1,0,1000,0,101,0,0,0,0,7000000000000,,armed,12000,scheduled,1000,0,1000,1,0,1012000,armed,13000,blocked
13000,1,0,9,0,0,tick,0,3,1000,2000,1000,5000,1000000,1000000000,,,0,,,,,1000,0,1000,1,0,1012000,armed,13000,blocked,1000,0,1000,1,1000000000000,1012000,armed,14000,blocked
13000,1,1,9,1,6,tick,0,3,1000,2000,1000,5000,1000000,1000000000,,,0,,,,,1000,0,1000,1,0,1012000,armed,13000,blocked,1000,0,1000,1,1000000000000,1012000,armed,14000,blocked
13000,1,2,9,2,3,tick,0,3,1000,2000,1000,5000,1000000,1000000000,,,0,,,,,1000,0,1000,1,0,1012000,armed,13000,blocked,1000,0,1000,1,1000000000000,1012000,armed,14000,blocked
13000,1,3,9,3,9,tick,0,3,1000,2000,1000,5000,1000000,1000000000,,,0,,,,,1000,0,1000,1,0,1012000,armed,13000,blocked,1000,0,1000,1,1000000000000,1012000,armed,14000,blocked
14000,1,0,14,0,0,tick,0,3,1000,2000,1000,5000,1000000,1000000000,,,0,,,,,1000,0,1000,1,1000000000000,1012000,armed,14000,blocked,1000,0,1000,1,2000000000000,1012000,armed,15000,blocked
14000,1,1,14,1,6,tick,0,3,1000,2000,1000,5000,1000000,1000000000,,,0,,,,,1000,0,1000,1,1000000000000,1012000,armed,14000,blocked,1000,0,1000,1,2000000000000,1012000,armed,15000,blocked
14000,1,2,14,2,3,tick,0,3,1000,2000,1000,5000,1000000,1000000000,,,0,,,,,1000,0,1000,1,1000000000000,1012000,armed,14000,blocked,1000,0,1000,1,2000000000000,1012000,armed,15000,blocked
14000,1,3,14,3,9,tick,0,3,1000,2000,1000,5000,1000000,1000000000,,,0,,,,,1000,0,1000,1,1000000000000,1012000,armed,14000,blocked,1000,0,1000,1,2000000000000,1012000,armed,15000,blocked
15000,1,0,15,0,0,tick,0,3,1000,2000,1000,5000,1000000,1000000000,,,0,,,,,1000,0,1000,1,2000000000000,1012000,armed,15000,blocked,1000,0,1000,1,3000000000000,1012000,armed,16000,blocked
15000,1,1,15,1,6,tick,0,3,1000,2000,1000,5000,1000000,1000000000,,,0,,,,,1000,0,1000,1,2000000000000,1012000,armed,15000,blocked,1000,0,1000,1,3000000000000,1012000,armed,16000,blocked
15000,1,2,15,2,3,tick,0,3,1000,2000,1000,5000,1000000,1000000000,,,0,,,,,1000,0,1000,1,2000000000000,1012000,armed,15000,blocked,1000,0,1000,1,3000000000000,1012000,armed,16000,blocked
15000,1,3,15,3,9,tick,0,3,1000,2000,1000,5000,1000000,1000000000,,,0,,,,,1000,0,1000,1,2000000000000,1012000,armed,15000,blocked,1000,0,1000,1,3000000000000,1012000,armed,16000,blocked
16000,1,0,16,0,0,tick,0,3,1000,2000,1000,5000,1000000,1000000000,,,0,,,,,1000,0,1000,1,3000000000000,1012000,armed,16000,blocked,1000,0,1000,1,4000000000000,1012000,armed,17000,blocked
16000,1,1,16,1,6,tick,0,3,1000,2000,1000,5000,1000000,1000000000,,,0,,,,,1000,0,1000,1,3000000000000,1012000,armed,16000,blocked,1000,0,1000,1,4000000000000,1012000,armed,17000,blocked
16000,1,2,16,2,3,tick,0,3,1000,2000,1000,5000,1000000,1000000000,,,0,,,,,1000,0,1000,1,3000000000000,1012000,armed,16000,blocked,1000,0,1000,1,4000000000000,1012000,armed,17000,blocked
16000,1,3,16,3,9,tick,0,3,1000,2000,1000,5000,1000000,1000000000,,,0,,,,,1000,0,1000,1,3000000000000,1012000,armed,16000,blocked,1000,0,1000,1,4000000000000,1012000,armed,17000,blocked
17000,1,0,17,0,0,tick,0,3,1000,2000,1000,5000,1000000,1000000000,,,0,,,,,1000,0,1000,1,4000000000000,1012000,armed,17000,blocked,1000,0,1000,1,5000000000000,1012000,armed,18000,blocked
17000,1,1,17,1,6,tick,0,3,1000,2000,1000,5000,1000000,1000000000,,,0,,,,,1000,0,1000,1,4000000000000,1012000,armed,17000,blocked,1000,0,1000,1,5000000000000,1012000,armed,18000,blocked
17000,1,2,17,2,3,tick,0,3,1000,2000,1000,5000,1000000,1000000000,,,0,,,,,1000,0,1000,1,4000000000000,1012000,armed,17000,blocked,1000,0,1000,1,5000000000000,1012000,armed,18000,blocked
17000,1,3,17,3,9,tick,0,3,1000,2000,1000,5000,1000000,1000000000,,,0,,,,,1000,0,1000,1,4000000000000,1012000,armed,17000,blocked,1000,0,1000,1,5000000000000,1012000,armed,18000,blocked
18000,1,0,18,0,0,tick,0,3,1000,2000,1000,5000,1000000,1000000000,,,0,,,,,1000,0,1000,1,5000000000000,1012000,armed,18000,blocked,1000,0,1000,1,6000000000000,1012000,armed,19000,blocked
18000,1,1,18,1,6,tick,0,3,1000,2000,1000,5000,1000000,1000000000,,,0,,,,,1000,0,1000,1,5000000000000,1012000,armed,18000,blocked,1000,0,1000,1,6000000000000,1012000,armed,19000,blocked
18000,1,2,18,2,3,tick,0,3,1000,2000,1000,5000,1000000,1000000000,,,0,,,,,1000,0,1000,1,5000000000000,1012000,armed,18000,blocked,1000,0,1000,1,6000000000000,1012000,armed,19000,blocked
18000,1,3,18,3,9,tick,0,3,1000,2000,1000,5000,1000000,1000000000,,,0,,,,,1000,0,1000,1,5000000000000,1012000,armed,18000,blocked,1000,0,1000,1,6000000000000,1012000,armed,19000,blocked
19000,1,0,19,0,0,tick,0,3,1000,2000,1000,5000,1000000,1000000000,,,0,,,,,1000,0,1000,1,6000000000000,1012000,armed,19000,blocked,1000,0,1000,1,7000000000000,1012000,armed,20000,scheduled
19000,1,1,19,1,6,tick,0,3,1000,2000,1000,5000,1000000,1000000000,,,0,,,,,1000,0,1000,1,6000000000000,1012000,armed,19000,blocked,1000,0,1000,1,7000000000000,1012000,armed,20000,scheduled
19000,1,2,19,2,3,tick,0,3,1000,2000,1000,5000,1000000,1000000000,,,0,,,,,1000,0,1000,1,6000000000000,1012000,armed,19000,blocked,1000,0,1000,1,7000000000000,1012000,armed,20000,scheduled
19000,1,3,19,3,9,tick,0,3,1000,2000,1000,5000,1000000,1000000000,,,0,,,,,1000,0,1000,1,6000000000000,1012000,armed,19000,blocked,1000,0,1000,1,7000000000000,1012000,armed,20000,scheduled
20000,1,0,20,0,0,tick,0,3,1000,2000,1000,5000,1000000,1000000000,,,1,1000,1000,0,112,1000,0,1000,1,7000000000000,1012000,armed,20000,scheduled,2000,0,2000,2,0,1012000,parked,,blocked
20000,1,1,20,1,6,tick,0,3,1000,2000,1000,5000,1000000,1000000000,,,1,1000,1000,0,113,1000,0,1000,1,7000000000000,1012000,armed,20000,scheduled,2000,0,2000,2,0,1012000,parked,,blocked
20000,1,2,20,2,3,tick,0,3,1000,2000,1000,5000,1000000,1000000000,,,1,1000,1000,0,114,1000,0,1000,1,7000000000000,1012000,armed,20000,scheduled,2000,0,2000,2,0,1012000,parked,,blocked
20000,1,3,20,3,9,tick,0,3,1000,2000,1000,5000,1000000,1000000000,,,1,1000,1000,0,115,1000,0,1000,1,7000000000000,1012000,armed,20000,scheduled,2000,0,2000,2,0,1012000,parked,,blocked
53024,0,6,8,1,6,ack,0,3,1000,2000,1000,5000,1000000,,1000,0,0,,,,,2000,0,2000,2,0,1012000,parked,,blocked,2000,1000,2000,2,0,1053024,parked,,blocked
54048,0,6,11,1,6,ack,0,3,1000,2000,1000,5000,1000000,,2000,0,0,,,,,2000,1000,2000,2,0,1053024,parked,,blocked,2000,2000,2000,2,0,,parked,,finished
54048,1,1,31,1,7,tick,0,3,1000,2000,1000,54048,1000000,1000000000,,,0,,,,,0,0,0,0,0,,armed,54048,blocked,0,0,0,0,1000000000000,,armed,55048,blocked
55048,1,1,32,1,7,tick,0,3,1000,2000,1000,54048,1000000,1000000000,,,0,,,,,0,0,0,0,1000000000000,,armed,55048,blocked,0,0,0,0,2000000000000,,armed,56048,blocked
56048,1,1,33,1,7,tick,0,3,1000,2000,1000,54048,1000000,1000000000,,,0,,,,,0,0,0,0,2000000000000,,armed,56048,blocked,0,0,0,0,3000000000000,,armed,57048,blocked
57048,1,1,34,1,7,tick,0,3,1000,2000,1000,54048,1000000,1000000000,,,0,,,,,0,0,0,0,3000000000000,,armed,57048,blocked,0,0,0,0,4000000000000,,armed,58048,blocked
58048,1,1,35,1,7,tick,0,3,1000,2000,1000,54048,1000000,1000000000,,,0,,,,,0,0,0,0,4000000000000,,armed,58048,blocked,0,0,0,0,5000000000000,,armed,59048,blocked
59048,1,1,36,1,7,tick,0,3,1000,2000,1000,54048,1000000,1000000000,,,0,,,,,0,0,0,0,5000000000000,,armed,59048,blocked,0,0,0,0,6000000000000,,armed,60048,blocked
60048,1,1,37,1,7,tick,0,3,1000,2000,1000,54048,1000000,1000000000,,,0,,,,,0,0,0,0,6000000000000,,armed,60048,blocked,0,0,0,0,7000000000000,,armed,61048,scheduled
60512,0,9,8,2,3,ack,0,3,1000,2000,1000,5000,1000000,,1000,0,0,,,,,2000,0,2000,2,0,1012000,parked,,blocked,2000,1000,2000,2,0,1060512,parked,,blocked
61024,0,9,11,2,3,ack,0,3,1000,2000,1000,5000,1000000,,2000,0,0,,,,,2000,1000,2000,2,0,1060512,parked,,blocked,2000,2000,2000,2,0,,parked,,finished
61024,1,2,31,2,4,tick,0,3,1000,2000,1000,61024,1000000,1000000000,,,0,,,,,0,0,0,0,0,,armed,61024,blocked,0,0,0,0,1000000000000,,armed,62024,blocked
61048,1,1,38,1,7,tick,0,3,1000,2000,1000,54048,1000000,1000000000,,,1,0,1000,0,155,0,0,0,0,7000000000000,,armed,61048,scheduled,1000,0,1000,1,0,1061048,armed,62048,blocked
62024,1,2,32,2,4,tick,0,3,1000,2000,1000,61024,1000000,1000000000,,,0,,,,,0,0,0,0,1000000000000,,armed,62024,blocked,0,0,0,0,2000000000000,,armed,63024,blocked
62048,1,1,39,1,7,tick,0,3,1000,2000,1000,54048,1000000,1000000000,,,0,,,,,1000,0,1000,1,0,1061048,armed,62048,blocked,1000,0,1000,1,1000000000000,1061048,armed,63048,blocked
62560,0,12,8,3,9,ack,0,3,1000,2000,1000,5000,1000000,,1000,0,0,,,,,2000,0,2000,2,0,1012000,parked,,blocked,2000,1000,2000,2,0,1062560,parked,,blocked
63024,1,2,33,2,4,tick,0,3,1000,2000,1000,61024,1000000,1000000000,,,0,,,,,0,0,0,0,2000000000000,,armed,63024,blocked,0,0,0,0,3000000000000,,armed,64024,blocked
63048,1,1,44,1,7,tick,0,3,1000,2000,1000,54048,1000000,1000000000,,,0,,,,,1000,0,1000,1,1000000000000,1061048,armed,63048,blocked,1000,0,1000,1,2000000000000,1061048,armed,64048,blocked
64024,1,2,34,2,4,tick,0,3,1000,2000,1000,61024,1000000,1000000000,,,0,,,,,0,0,0,0,3000000000000,,armed,64024,blocked,0,0,0,0,4000000000000,,armed,65024,blocked
64048,1,1,45,1,7,tick,0,3,1000,2000,1000,54048,1000000,1000000000,,,0,,,,,1000,0,1000,1,2000000000000,1061048,armed,64048,blocked,1000,0,1000,1,3000000000000,1061048,armed,65048,blocked
65024,1,2,35,2,4,tick,0,3,1000,2000,1000,61024,1000000,1000000000,,,0,,,,,0,0,0,0,4000000000000,,armed,65024,blocked,0,0,0,0,5000000000000,,armed,66024,blocked
65048,1,1,46,1,7,tick,0,3,1000,2000,1000,54048,1000000,1000000000,,,0,,,,,1000,0,1000,1,3000000000000,1061048,armed,65048,blocked,1000,0,1000,1,4000000000000,1061048,armed,66048,blocked
66024,1,2,36,2,4,tick,0,3,1000,2000,1000,61024,1000000,1000000000,,,0,,,,,0,0,0,0,5000000000000,,armed,66024,blocked,0,0,0,0,6000000000000,,armed,67024,blocked
66048,1,1,47,1,7,tick,0,3,1000,2000,1000,54048,1000000,1000000000,,,0,,,,,1000,0,1000,1,4000000000000,1061048,armed,66048,blocked,1000,0,1000,1,5000000000000,1061048,armed,67048,blocked
67024,1,2,37,2,4,tick,0,3,1000,2000,1000,61024,1000000,1000000000,,,0,,,,,0,0,0,0,6000000000000,,armed,67024,blocked,0,0,0,0,7000000000000,,armed,68024,scheduled
67048,1,1,48,1,7,tick,0,3,1000,2000,1000,54048,1000000,1000000000,,,0,,,,,1000,0,1000,1,5000000000000,1061048,armed,67048,blocked,1000,0,1000,1,6000000000000,1061048,armed,68048,blocked
68024,1,2,38,2,4,tick,0,3,1000,2000,1000,61024,1000000,1000000000,,,1,0,1000,0,156,0,0,0,0,7000000000000,,armed,68024,scheduled,1000,0,1000,1,0,1068024,armed,69024,blocked
68048,1,1,49,1,7,tick,0,3,1000,2000,1000,54048,1000000,1000000000,,,0,,,,,1000,0,1000,1,6000000000000,1061048,armed,68048,blocked,1000,0,1000,1,7000000000000,1061048,armed,69048,scheduled
68512,0,4,8,0,0,ack,0,3,1000,2000,1000,5000,1000000,,1000,0,0,,,,,2000,0,2000,2,0,1012000,parked,,blocked,2000,1000,2000,2,0,1068512,parked,,blocked
69024,0,4,11,0,0,ack,0,3,1000,2000,1000,5000,1000000,,2000,0,0,,,,,2000,1000,2000,2,0,1068512,parked,,blocked,2000,2000,2000,2,0,,parked,,finished
69024,1,0,31,0,1,tick,0,3,1000,2000,1000,69024,1000000,1000000000,,,0,,,,,0,0,0,0,0,,armed,69024,blocked,0,0,0,0,1000000000000,,armed,70024,blocked
69024,1,2,39,2,4,tick,0,3,1000,2000,1000,61024,1000000,1000000000,,,0,,,,,1000,0,1000,1,0,1068024,armed,69024,blocked,1000,0,1000,1,1000000000000,1068024,armed,70024,blocked
69048,1,1,50,1,7,tick,0,3,1000,2000,1000,54048,1000000,1000000000,,,1,1000,1000,0,169,1000,0,1000,1,7000000000000,1061048,armed,69048,scheduled,2000,0,2000,2,0,1061048,parked,,blocked
70024,1,0,32,0,1,tick,0,3,1000,2000,1000,69024,1000000,1000000000,,,0,,,,,0,0,0,0,1000000000000,,armed,70024,blocked,0,0,0,0,2000000000000,,armed,71024,blocked
70024,1,2,44,2,4,tick,0,3,1000,2000,1000,61024,1000000,1000000000,,,0,,,,,1000,0,1000,1,1000000000000,1068024,armed,70024,blocked,1000,0,1000,1,2000000000000,1068024,armed,71024,blocked
70560,0,12,11,3,9,ack,0,3,1000,2000,1000,5000,1000000,,2000,0,0,,,,,2000,1000,2000,2,0,1062560,parked,,blocked,2000,2000,2000,2,0,,parked,,finished
70560,1,3,31,3,10,tick,0,3,1000,2000,1000,70560,1000000,1000000000,,,0,,,,,0,0,0,0,0,,armed,70560,blocked,0,0,0,0,1000000000000,,armed,71560,blocked
71024,1,0,33,0,1,tick,0,3,1000,2000,1000,69024,1000000,1000000000,,,0,,,,,0,0,0,0,2000000000000,,armed,71024,blocked,0,0,0,0,3000000000000,,armed,72024,blocked
71024,1,2,45,2,4,tick,0,3,1000,2000,1000,61024,1000000,1000000000,,,0,,,,,1000,0,1000,1,2000000000000,1068024,armed,71024,blocked,1000,0,1000,1,3000000000000,1068024,armed,72024,blocked
71560,1,3,32,3,10,tick,0,3,1000,2000,1000,70560,1000000,1000000000,,,0,,,,,0,0,0,0,1000000000000,,armed,71560,blocked,0,0,0,0,2000000000000,,armed,72560,blocked
72024,1,0,34,0,1,tick,0,3,1000,2000,1000,69024,1000000,1000000000,,,0,,,,,0,0,0,0,3000000000000,,armed,72024,blocked,0,0,0,0,4000000000000,,armed,73024,blocked
72024,1,2,46,2,4,tick,0,3,1000,2000,1000,61024,1000000,1000000000,,,0,,,,,1000,0,1000,1,3000000000000,1068024,armed,72024,blocked,1000,0,1000,1,4000000000000,1068024,armed,73024,blocked
72560,1,3,33,3,10,tick,0,3,1000,2000,1000,70560,1000000,1000000000,,,0,,,,,0,0,0,0,2000000000000,,armed,72560,blocked,0,0,0,0,3000000000000,,armed,73560,blocked
73024,1,0,35,0,1,tick,0,3,1000,2000,1000,69024,1000000,1000000000,,,0,,,,,0,0,0,0,4000000000000,,armed,73024,blocked,0,0,0,0,5000000000000,,armed,74024,blocked
73024,1,2,47,2,4,tick,0,3,1000,2000,1000,61024,1000000,1000000000,,,0,,,,,1000,0,1000,1,4000000000000,1068024,armed,73024,blocked,1000,0,1000,1,5000000000000,1068024,armed,74024,blocked
73560,1,3,34,3,10,tick,0,3,1000,2000,1000,70560,1000000,1000000000,,,0,,,,,0,0,0,0,3000000000000,,armed,73560,blocked,0,0,0,0,4000000000000,,armed,74560,blocked
74024,1,0,36,0,1,tick,0,3,1000,2000,1000,69024,1000000,1000000000,,,0,,,,,0,0,0,0,5000000000000,,armed,74024,blocked,0,0,0,0,6000000000000,,armed,75024,blocked
74024,1,2,48,2,4,tick,0,3,1000,2000,1000,61024,1000000,1000000000,,,0,,,,,1000,0,1000,1,5000000000000,1068024,armed,74024,blocked,1000,0,1000,1,6000000000000,1068024,armed,75024,blocked
74560,1,3,35,3,10,tick,0,3,1000,2000,1000,70560,1000000,1000000000,,,0,,,,,0,0,0,0,4000000000000,,armed,74560,blocked,0,0,0,0,5000000000000,,armed,75560,blocked
75024,1,0,37,0,1,tick,0,3,1000,2000,1000,69024,1000000,1000000000,,,0,,,,,0,0,0,0,6000000000000,,armed,75024,blocked,0,0,0,0,7000000000000,,armed,76024,scheduled
75024,1,2,49,2,4,tick,0,3,1000,2000,1000,61024,1000000,1000000000,,,0,,,,,1000,0,1000,1,6000000000000,1068024,armed,75024,blocked,1000,0,1000,1,7000000000000,1068024,armed,76024,scheduled
75560,1,3,36,3,10,tick,0,3,1000,2000,1000,70560,1000000,1000000000,,,0,,,,,0,0,0,0,5000000000000,,armed,75560,blocked,0,0,0,0,6000000000000,,armed,76560,blocked
76024,1,0,38,0,1,tick,0,3,1000,2000,1000,69024,1000000,1000000000,,,1,0,1000,0,154,0,0,0,0,7000000000000,,armed,76024,scheduled,1000,0,1000,1,0,1076024,armed,77024,blocked
76024,1,2,50,2,4,tick,0,3,1000,2000,1000,61024,1000000,1000000000,,,1,1000,1000,0,170,1000,0,1000,1,7000000000000,1068024,armed,76024,scheduled,2000,0,2000,2,0,1068024,parked,,blocked
76560,1,3,37,3,10,tick,0,3,1000,2000,1000,70560,1000000,1000000000,,,0,,,,,0,0,0,0,6000000000000,,armed,76560,blocked,0,0,0,0,7000000000000,,armed,77560,scheduled
77024,1,0,39,0,1,tick,0,3,1000,2000,1000,69024,1000000,1000000000,,,0,,,,,1000,0,1000,1,0,1076024,armed,77024,blocked,1000,0,1000,1,1000000000000,1076024,armed,78024,blocked
77560,1,3,38,3,10,tick,0,3,1000,2000,1000,70560,1000000,1000000000,,,1,0,1000,0,157,0,0,0,0,7000000000000,,armed,77560,scheduled,1000,0,1000,1,0,1077560,armed,78560,blocked
78024,1,0,44,0,1,tick,0,3,1000,2000,1000,69024,1000000,1000000000,,,0,,,,,1000,0,1000,1,1000000000000,1076024,armed,78024,blocked,1000,0,1000,1,2000000000000,1076024,armed,79024,blocked
78560,1,3,39,3,10,tick,0,3,1000,2000,1000,70560,1000000,1000000000,,,0,,,,,1000,0,1000,1,0,1077560,armed,78560,blocked,1000,0,1000,1,1000000000000,1077560,armed,79560,blocked
79024,1,0,45,0,1,tick,0,3,1000,2000,1000,69024,1000000,1000000000,,,0,,,,,1000,0,1000,1,2000000000000,1076024,armed,79024,blocked,1000,0,1000,1,3000000000000,1076024,armed,80024,blocked
79560,1,3,44,3,10,tick,0,3,1000,2000,1000,70560,1000000,1000000000,,,0,,,,,1000,0,1000,1,1000000000000,1077560,armed,79560,blocked,1000,0,1000,1,2000000000000,1077560,armed,80560,blocked
80024,1,0,46,0,1,tick,0,3,1000,2000,1000,69024,1000000,1000000000,,,0,,,,,1000,0,1000,1,3000000000000,1076024,armed,80024,blocked,1000,0,1000,1,4000000000000,1076024,armed,81024,blocked
80560,1,3,45,3,10,tick,0,3,1000,2000,1000,70560,1000000,1000000000,,,0,,,,,1000,0,1000,1,2000000000000,1077560,armed,80560,blocked,1000,0,1000,1,3000000000000,1077560,armed,81560,blocked
81024,1,0,47,0,1,tick,0,3,1000,2000,1000,69024,1000000,1000000000,,,0,,,,,1000,0,1000,1,4000000000000,1076024,armed,81024,blocked,1000,0,1000,1,5000000000000,1076024,armed,82024,blocked
81560,1,3,46,3,10,tick,0,3,1000,2000,1000,70560,1000000,1000000000,,,0,,,,,1000,0,1000,1,3000000000000,1077560,armed,81560,blocked,1000,0,1000,1,4000000000000,1077560,armed,82560,blocked
82024,1,0,48,0,1,tick,0,3,1000,2000,1000,69024,1000000,1000000000,,,0,,,,,1000,0,1000,1,5000000000000,1076024,armed,82024,blocked,1000,0,1000,1,6000000000000,1076024,armed,83024,blocked
82560,1,3,47,3,10,tick,0,3,1000,2000,1000,70560,1000000,1000000000,,,0,,,,,1000,0,1000,1,4000000000000,1077560,armed,82560,blocked,1000,0,1000,1,5000000000000,1077560,armed,83560,blocked
83024,1,0,49,0,1,tick,0,3,1000,2000,1000,69024,1000000,1000000000,,,0,,,,,1000,0,1000,1,6000000000000,1076024,armed,83024,blocked,1000,0,1000,1,7000000000000,1076024,armed,84024,scheduled
83560,1,3,48,3,10,tick,0,3,1000,2000,1000,70560,1000000,1000000000,,,0,,,,,1000,0,1000,1,5000000000000,1077560,armed,83560,blocked,1000,0,1000,1,6000000000000,1077560,armed,84560,blocked
84024,1,0,50,0,1,tick,0,3,1000,2000,1000,69024,1000000,1000000000,,,1,1000,1000,0,168,1000,0,1000,1,7000000000000,1076024,armed,84024,scheduled,2000,0,2000,2,0,1076024,parked,,blocked
84560,1,3,49,3,10,tick,0,3,1000,2000,1000,70560,1000000,1000000000,,,0,,,,,1000,0,1000,1,6000000000000,1077560,armed,84560,blocked,1000,0,1000,1,7000000000000,1077560,armed,85560,scheduled
85560,1,3,50,3,10,tick,0,3,1000,2000,1000,70560,1000000,1000000000,,,1,1000,1000,0,171,1000,0,1000,1,7000000000000,1077560,armed,85560,scheduled,2000,0,2000,2,0,1077560,parked,,blocked
108536,0,9,17,2,4,ack,0,3,1000,2000,1000,61024,1000000,,1000,0,0,,,,,2000,0,2000,2,0,1068024,parked,,blocked,2000,1000,2000,2,0,1108536,parked,,blocked
110584,0,6,20,1,7,ack,0,3,1000,2000,1000,54048,1000000,,1000,0,0,,,,,2000,0,2000,2,0,1061048,parked,,blocked,2000,1000,2000,2,0,1110584,parked,,blocked
111096,0,6,23,1,7,ack,0,3,1000,2000,1000,54048,1000000,,2000,0,0,,,,,2000,1000,2000,2,0,1110584,parked,,blocked,2000,2000,2000,2,0,,parked,,finished
111096,1,1,61,1,8,tick,0,3,1000,2000,1000,111096,1000000,1000000000,,,0,,,,,0,0,0,0,0,,armed,111096,blocked,0,0,0,0,1000000000000,,armed,112096,blocked
112096,1,1,62,1,8,tick,0,3,1000,2000,1000,111096,1000000,1000000000,,,0,,,,,0,0,0,0,1000000000000,,armed,112096,blocked,0,0,0,0,2000000000000,,armed,113096,blocked
113096,1,1,63,1,8,tick,0,3,1000,2000,1000,111096,1000000,1000000000,,,0,,,,,0,0,0,0,2000000000000,,armed,113096,blocked,0,0,0,0,3000000000000,,armed,114096,blocked
114096,1,1,64,1,8,tick,0,3,1000,2000,1000,111096,1000000,1000000000,,,0,,,,,0,0,0,0,3000000000000,,armed,114096,blocked,0,0,0,0,4000000000000,,armed,115096,blocked
115096,1,1,65,1,8,tick,0,3,1000,2000,1000,111096,1000000,1000000000,,,0,,,,,0,0,0,0,4000000000000,,armed,115096,blocked,0,0,0,0,5000000000000,,armed,116096,blocked
116096,1,1,66,1,8,tick,0,3,1000,2000,1000,111096,1000000,1000000000,,,0,,,,,0,0,0,0,5000000000000,,armed,116096,blocked,0,0,0,0,6000000000000,,armed,117096,blocked
117048,0,9,23,2,4,ack,0,3,1000,2000,1000,61024,1000000,,2000,0,0,,,,,2000,1000,2000,2,0,1108536,parked,,blocked,2000,2000,2000,2,0,,parked,,finished
117048,1,2,61,2,5,tick,0,3,1000,2000,1000,117048,1000000,1000000000,,,0,,,,,0,0,0,0,0,,armed,117048,blocked,0,0,0,0,1000000000000,,armed,118048,blocked
117096,1,1,67,1,8,tick,0,3,1000,2000,1000,111096,1000000,1000000000,,,0,,,,,0,0,0,0,6000000000000,,armed,117096,blocked,0,0,0,0,7000000000000,,armed,118096,scheduled
118048,1,2,62,2,5,tick,0,3,1000,2000,1000,117048,1000000,1000000000,,,0,,,,,0,0,0,0,1000000000000,,armed,118048,blocked,0,0,0,0,2000000000000,,armed,119048,blocked
118096,1,1,68,1,8,tick,0,3,1000,2000,1000,111096,1000000,1000000000,,,1,0,1000,0,211,0,0,0,0,7000000000000,,armed,118096,scheduled,1000,0,1000,1,0,1118096,armed,119096,blocked
119048,1,2,63,2,5,tick,0,3,1000,2000,1000,117048,1000000,1000000000,,,0,,,,,0,0,0,0,2000000000000,,armed,119048,blocked,0,0,0,0,3000000000000,,armed,120048,blocked
119096,1,1,69,1,8,tick,0,3,1000,2000,1000,111096,1000000,1000000000,,,0,,,,,1000,0,1000,1,0,1118096,armed,119096,blocked,1000,0,1000,1,1000000000000,1118096,armed,120096,blocked
120048,1,2,64,2,5,tick,0,3,1000,2000,1000,117048,1000000,1000000000,,,0,,,,,0,0,0,0,3000000000000,,armed,120048,blocked,0,0,0,0,4000000000000,,armed,121048,blocked
120096,1,1,74,1,8,tick,0,3,1000,2000,1000,111096,1000000,1000000000,,,0,,,,,1000,0,1000,1,1000000000000,1118096,armed,120096,blocked,1000,0,1000,1,2000000000000,1118096,armed,121096,blocked
120120,0,12,20,3,10,ack,0,3,1000,2000,1000,70560,1000000,,1000,0,0,,,,,2000,0,2000,2,0,1077560,parked,,blocked,2000,1000,2000,2,0,1120120,parked,,blocked
121048,1,2,65,2,5,tick,0,3,1000,2000,1000,117048,1000000,1000000000,,,0,,,,,0,0,0,0,4000000000000,,armed,121048,blocked,0,0,0,0,5000000000000,,armed,122048,blocked
121096,1,1,75,1,8,tick,0,3,1000,2000,1000,111096,1000000,1000000000,,,0,,,,,1000,0,1000,1,2000000000000,1118096,armed,121096,blocked,1000,0,1000,1,3000000000000,1118096,armed,122096,blocked
122048,1,2,66,2,5,tick,0,3,1000,2000,1000,117048,1000000,1000000000,,,0,,,,,0,0,0,0,5000000000000,,armed,122048,blocked,0,0,0,0,6000000000000,,armed,123048,blocked
122096,1,1,76,1,8,tick,0,3,1000,2000,1000,111096,1000000,1000000000,,,0,,,,,1000,0,1000,1,3000000000000,1118096,armed,122096,blocked,1000,0,1000,1,4000000000000,1118096,armed,123096,blocked
123048,1,2,67,2,5,tick,0,3,1000,2000,1000,117048,1000000,1000000000,,,0,,,,,0,0,0,0,6000000000000,,armed,123048,blocked,0,0,0,0,7000000000000,,armed,124048,scheduled
123096,1,1,77,1,8,tick,0,3,1000,2000,1000,111096,1000000,1000000000,,,0,,,,,1000,0,1000,1,4000000000000,1118096,armed,123096,blocked,1000,0,1000,1,5000000000000,1118096,armed,124096,blocked
124048,1,2,68,2,5,tick,0,3,1000,2000,1000,117048,1000000,1000000000,,,1,0,1000,0,212,0,0,0,0,7000000000000,,armed,124048,scheduled,1000,0,1000,1,0,1124048,armed,125048,blocked
124096,1,1,78,1,8,tick,0,3,1000,2000,1000,111096,1000000,1000000000,,,0,,,,,1000,0,1000,1,5000000000000,1118096,armed,124096,blocked,1000,0,1000,1,6000000000000,1118096,armed,125096,blocked
125048,1,2,69,2,5,tick,0,3,1000,2000,1000,117048,1000000,1000000000,,,0,,,,,1000,0,1000,1,0,1124048,armed,125048,blocked,1000,0,1000,1,1000000000000,1124048,armed,126048,blocked
125096,1,1,79,1,8,tick,0,3,1000,2000,1000,111096,1000000,1000000000,,,0,,,,,1000,0,1000,1,6000000000000,1118096,armed,125096,blocked,1000,0,1000,1,7000000000000,1118096,armed,126096,scheduled
126048,1,2,74,2,5,tick,0,3,1000,2000,1000,117048,1000000,1000000000,,,0,,,,,1000,0,1000,1,1000000000000,1124048,armed,126048,blocked,1000,0,1000,1,2000000000000,1124048,armed,127048,blocked
126072,0,4,20,0,1,ack,0,3,1000,2000,1000,69024,1000000,,1000,0,0,,,,,2000,0,2000,2,0,1076024,parked,,blocked,2000,1000,2000,2,0,1126072,parked,,blocked
126096,1,1,80,1,8,tick,0,3,1000,2000,1000,111096,1000000,1000000000,,,1,1000,1000,0,225,1000,0,1000,1,7000000000000,1118096,armed,126096,scheduled,2000,0,2000,2,0,1118096,parked,,blocked
126584,0,4,23,0,1,ack,0,3,1000,2000,1000,69024,1000000,,2000,0,0,,,,,2000,1000,2000,2,0,1126072,parked,,blocked,2000,2000,2000,2,0,,parked,,finished
126584,1,0,61,0,2,tick,0,3,1000,2000,1000,126584,1000000,1000000000,,,0,,,,,0,0,0,0,0,,armed,126584,blocked,0,0,0,0,1000000000000,,armed,127584,blocked
127048,1,2,75,2,5,tick,0,3,1000,2000,1000,117048,1000000,1000000000,,,0,,,,,1000,0,1000,1,2000000000000,1124048,armed,127048,blocked,1000,0,1000,1,3000000000000,1124048,armed,128048,blocked
127584,1,0,62,0,2,tick,0,3,1000,2000,1000,126584,1000000,1000000000,,,0,,,,,0,0,0,0,1000000000000,,armed,127584,blocked,0,0,0,0,2000000000000,,armed,128584,blocked
128048,1,2,76,2,5,tick,0,3,1000,2000,1000,117048,1000000,1000000000,,,0,,,,,1000,0,1000,1,3000000000000,1124048,armed,128048,blocked,1000,0,1000,1,4000000000000,1124048,armed,129048,blocked
128584,1,0,63,0,2,tick,0,3,1000,2000,1000,126584,1000000,1000000000,,,0,,,,,0,0,0,0,2000000000000,,armed,128584,blocked,0,0,0,0,3000000000000,,armed,129584,blocked
129048,1,2,77,2,5,tick,0,3,1000,2000,1000,117048,1000000,1000000000,,,0,,,,,1000,0,1000,1,4000000000000,1124048,armed,129048,blocked,1000,0,1000,1,5000000000000,1124048,armed,130048,blocked
129584,1,0,64,0,2,tick,0,3,1000,2000,1000,126584,1000000,1000000000,,,0,,,,,0,0,0,0,3000000000000,,armed,129584,blocked,0,0,0,0,4000000000000,,armed,130584,blocked
130048,1,2,78,2,5,tick,0,3,1000,2000,1000,117048,1000000,1000000000,,,0,,,,,1000,0,1000,1,5000000000000,1124048,armed,130048,blocked,1000,0,1000,1,6000000000000,1124048,armed,131048,blocked
130584,1,0,65,0,2,tick,0,3,1000,2000,1000,126584,1000000,1000000000,,,0,,,,,0,0,0,0,4000000000000,,armed,130584,blocked,0,0,0,0,5000000000000,,armed,131584,blocked
131048,1,2,79,2,5,tick,0,3,1000,2000,1000,117048,1000000,1000000000,,,0,,,,,1000,0,1000,1,6000000000000,1124048,armed,131048,blocked,1000,0,1000,1,7000000000000,1124048,armed,132048,scheduled
131584,1,0,66,0,2,tick,0,3,1000,2000,1000,126584,1000000,1000000000,,,0,,,,,0,0,0,0,5000000000000,,armed,131584,blocked,0,0,0,0,6000000000000,,armed,132584,blocked
132048,1,2,80,2,5,tick,0,3,1000,2000,1000,117048,1000000,1000000000,,,1,1000,1000,0,226,1000,0,1000,1,7000000000000,1124048,armed,132048,scheduled,2000,0,2000,2,0,1124048,parked,,blocked
132584,1,0,67,0,2,tick,0,3,1000,2000,1000,126584,1000000,1000000000,,,0,,,,,0,0,0,0,6000000000000,,armed,132584,blocked,0,0,0,0,7000000000000,,armed,133584,scheduled
133584,1,0,68,0,2,tick,0,3,1000,2000,1000,126584,1000000,1000000000,,,1,0,1000,0,210,0,0,0,0,7000000000000,,armed,133584,scheduled,1000,0,1000,1,0,1133584,armed,134584,blocked
134584,1,0,69,0,2,tick,0,3,1000,2000,1000,126584,1000000,1000000000,,,0,,,,,1000,0,1000,1,0,1133584,armed,134584,blocked,1000,0,1000,1,1000000000000,1133584,armed,135584,blocked
135584,1,0,74,0,2,tick,0,3,1000,2000,1000,126584,1000000,1000000000,,,0,,,,,1000,0,1000,1,1000000000000,1133584,armed,135584,blocked,1000,0,1000,1,2000000000000,1133584,armed,136584,blocked
136584,1,0,75,0,2,tick,0,3,1000,2000,1000,126584,1000000,1000000000,,,0,,,,,1000,0,1000,1,2000000000000,1133584,armed,136584,blocked,1000,0,1000,1,3000000000000,1133584,armed,137584,blocked
137584,1,0,76,0,2,tick,0,3,1000,2000,1000,126584,1000000,1000000000,,,0,,,,,1000,0,1000,1,3000000000000,1133584,armed,137584,blocked,1000,0,1000,1,4000000000000,1133584,armed,138584,blocked
138584,1,0,77,0,2,tick,0,3,1000,2000,1000,126584,1000000,1000000000,,,0,,,,,1000,0,1000,1,4000000000000,1133584,armed,138584,blocked,1000,0,1000,1,5000000000000,1133584,armed,139584,blocked
139584,1,0,78,0,2,tick,0,3,1000,2000,1000,126584,1000000,1000000000,,,0,,,,,1000,0,1000,1,5000000000000,1133584,armed,139584,blocked,1000,0,1000,1,6000000000000,1133584,armed,140584,blocked
140584,1,0,79,0,2,tick,0,3,1000,2000,1000,126584,1000000,1000000000,,,0,,,,,1000,0,1000,1,6000000000000,1133584,armed,140584,blocked,1000,0,1000,1,7000000000000,1133584,armed,141584,scheduled
141584,1,0,80,0,2,tick,0,3,1000,2000,1000,126584,1000000,1000000000,,,1,1000,1000,0,224,1000,0,1000,1,7000000000000,1133584,armed,141584,scheduled,2000,0,2000,2,0,1133584,parked,,blocked
149584,0,9,26,2,5,ack,0,3,1000,2000,1000,117048,1000000,,1000,0,0,,,,,2000,0,2000,2,0,1124048,parked,,blocked,2000,1000,2000,2,0,1149584,parked,,blocked
