time_ns,event_phase,event_origin_node,event_origin_sequence,node_id,flow_id,total_bytes,ack_every_packets,nack_interval_ns,duplicate_ack,ack_size_bytes,packet_psn,packet_bytes,packet_sent_time_ns,packet_retransmission,packet_ce,action,feedback_acknowledgment,feedback_payload,feedback_ce_echo,before_expected_psn,before_packets_since_ack,before_last_nack_psn,before_last_nack_time_ns,after_expected_psn,after_packets_since_ack,after_last_nack_psn,after_last_nack_time_ns
100,0,1,0,4,3,5000,2,1000,1,64,0,1000,50,0,0,none,,,,0,0,,,1000,1,,
150,0,2,0,4,5,3000,4,100,0,60,1000,1000,120,0,0,nack,0,4,0,0,0,,,0,0,0,150
200,0,1,1,4,3,5000,2,1000,1,64,1000,1000,150,0,1,ack,2000,20,1,1000,1,,,2000,0,,
250,0,2,1,4,5,3000,4,100,0,60,2000,1000,220,0,0,nack,0,28,0,0,0,0,150,0,0,0,250
260,0,2,2,4,5,3000,4,100,0,60,0,1000,230,1,0,none,,,,0,0,0,250,1000,1,0,250
270,0,2,3,4,5,3000,4,100,0,60,2000,1000,240,1,0,nack,1000,36,0,1000,1,0,250,1000,0,1000,270
280,0,2,4,4,5,3000,4,100,0,60,0,1000,250,1,0,none,,,,1000,0,1000,270,1000,0,1000,270
300,0,1,2,4,3,5000,2,1000,1,64,3000,1000,250,0,1,nack,2000,44,1,2000,0,,,2000,0,2000,300
350,0,2,5,4,5,3000,4,100,0,60,1000,1000,300,1,0,none,,,,1000,0,1000,270,2000,1,1000,270
360,0,2,6,4,5,3000,4,100,0,60,2000,1000,310,1,1,ack,3000,60,1,2000,1,1000,270,3000,0,1000,270
400,0,1,3,4,3,5000,2,1000,1,64,4000,1000,350,0,0,nack_suppressed,,,,2000,0,2000,300,2000,0,2000,300
600,0,1,4,4,3,5000,2,1000,1,64,2000,1000,550,1,1,none,,,,2000,0,2000,300,3000,1,2000,300
700,0,1,5,4,3,5000,2,1000,1,64,3000,1000,650,1,1,ack,4000,76,1,3000,1,2000,300,4000,0,2000,300
800,0,1,6,4,3,5000,2,1000,1,64,2000,1000,560,1,0,duplicate_ack,4000,84,0,4000,0,2000,300,4000,0,2000,300
900,0,1,7,4,3,5000,2,1000,1,64,4000,1000,850,1,0,ack,5000,92,0,4000,0,2000,300,5000,0,2000,300
