time_ns,event_phase,event_origin_node,event_origin_sequence,kind,node_id,queue_id,rate_bps,weights,pfc_monitor,payload,flow_id,size_bytes,pfc_priority,virtual_start,finish_tag,before_virtual_time,before_last_updated_ns,before_finish_tags,before_active_packets,queued_packets,paused_priorities,after_virtual_time,after_last_updated_ns,after_finish_tags,after_active_packets
500,0,1,4,enqueue,6,0,8000000000,1;3,0,1,1,500,0,0/1,4003/3,0/1,0,0/1;0/1,0;0,,,0/1,500,0/1;4000/3,0;1
500,2,6,0,select,6,0,8000000000,1;3,0,1,1,500,,,4000/3,0/1,500,0/1;4000/3,0;1,1:1:500:0:4000/3,,0/1,500,0/1;4000/3,0;1
1000,0,0,4,enqueue,4,0,8000000000,1;3,0,0,0,1000,0,0/1,8000/1,0/1,0,0/1;0/1,0;0,,,0/1,1000,8000/1;0/1,1;0
1000,0,1,8,enqueue,6,0,8000000000,1;3,0,13,1,500,0,4000/3,8000/3,0/1,500,0/1;4000/3,0;1,,,4000/3,1000,0/1;8000/3,0;2
1000,0,6,2,enqueue,11,0,8000000000,1;3,0,1,1,500,0,0/1,4000/3,0/1,0,0/1;0/1,0;0,,,0/1,1000,0/1;4000/3,0;1
1000,1,6,1,complete,6,0,8000000000,1;3,0,1,1,500,,,4000/3,4000/3,1000,0/1;8000/3,0;2,,,4000/3,1000,0/1;8000/3,0;1
1000,2,4,0,select,4,0,8000000000,1;3,0,0,0,1000,,,8000/1,0/1,1000,8000/1;0/1,1;0,0:0:1000:0:8000/1,,0/1,1000,8000/1;0/1,1;0
1000,2,6,3,select,6,0,8000000000,1;3,0,13,1,500,,,8000/3,4000/3,1000,0/1;8000/3,0;1,13:1:500:0:8000/3,,4000/3,1000,0/1;8000/3,0;1
1000,2,11,0,select,11,0,8000000000,1;3,0,1,1,500,,,4000/3,0/1,1000,0/1;4000/3,0;1,1:1:500:0:4000/3,,0/1,1000,0/1;4000/3,0;1
1500,0,1,13,enqueue,6,0,8000000000,1;3,0,25,1,500,0,8000/3,4000/1,4000/3,1000,0/1;8000/3,0;1,,,8000/3,1500,0/1;4000/1,0;2
1500,0,6,5,enqueue,11,0,8000000000,1;3,0,13,1,500,0,4000/3,8000/3,0/1,1000,0/1;4000/3,0;1,,,4000/3,1500,0/1;8000/3,0;2
1500,0,11,2,enqueue,7,0,8000000000,1;3,0,1,1,500,0,0/1,4000/3,0/1,0,0/1;0/1,0;0,,,0/1,1500,0/1;4000/3,0;1
1500,1,6,4,complete,6,0,8000000000,1;3,0,13,1,500,,,8000/3,8000/3,1500,0/1;4000/1,0;2,,,8000/3,1500,0/1;4000/1,0;1
1500,1,11,1,complete,11,0,8000000000,1;3,0,1,1,500,,,4000/3,4000/3,1500,0/1;8000/3,0;2,,,4000/3,1500,0/1;8000/3,0;1
1500,2,6,6,select,6,0,8000000000,1;3,0,25,1,500,,,4000/1,8000/3,1500,0/1;4000/1,0;1,25:1:500:0:4000/1,,8000/3,1500,0/1;4000/1,0;1
1500,2,7,0,select,7,0,8000000000,1;3,0,1,1,500,,,4000/3,0/1,1500,0/1;4000/3,0;1,1:1:500:0:4000/3,,0/1,1500,0/1;4000/3,0;1
1500,2,11,3,select,11,0,8000000000,1;3,0,13,1,500,,,8000/3,4000/3,1500,0/1;8000/3,0;1,13:1:500:0:8000/3,,4000/3,1500,0/1;8000/3,0;1
2000,0,0,9,enqueue,4,0,8000000000,1;3,0,12,0,1000,0,8000/1,16000/1,0/1,1000,8000/1;0/1,1;0,,,8000/1,2000,16000/1;0/1,2;0
2000,0,1,17,enqueue,6,0,8000000000,1;3,0,37,1,500,0,4000/1,16000/3,8000/3,1500,0/1;4000/1,0;1,,,4000/1,2000,0/1;16000/3,0;2
2000,0,4,2,enqueue,11,0,8000000000,1;3,0,0,0,1000,0,8000/3,32000/3,4000/3,1500,0/1;8000/3,0;1,,,8000/3,2000,32000/3;8000/3,1;1
2000,0,6,8,enqueue,11,0,8000000000,1;3,0,25,1,500,0,8000/3,4000/1,8000/3,2000,32000/3;8000/3,1;1,,,8000/3,2000,32000/3;4000/1,1;2
2000,0,11,5,enqueue,7,0,8000000000,1;3,0,13,1,500,0,4000/3,8000/3,0/1,1500,0/1;4000/3,0;1,,,4000/3,2000,0/1;8000/3,0;2
2000,1,4,1,complete,4,0,8000000000,1;3,0,0,0,1000,,,8000/1,8000/1,2000,16000/1;0/1,2;0,,,8000/1,2000,16000/1;0/1,1;0
2000,1,6,7,complete,6,0,8000000000,1;3,0,25,1,500,,,4000/1,4000/1,2000,0/1;16000/3,0;2,,,4000/1,2000,0/1;16000/3,0;1
2000,1,7,1,complete,7,0,8000000000,1;3,0,1,1,500,,,4000/3,4000/3,2000,0/1;8000/3,0;2,,,4000/3,2000,0/1;8000/3,0;1
2000,1,11,4,complete,11,0,8000000000,1;3,0,13,1,500,,,8000/3,8000/3,2000,32000/3;4000/1,1;2,,,8000/3,2000,32000/3;4000/1,1;1
2000,2,4,3,select,4,0,8000000000,1;3,0,12,0,1000,,,16000/1,8000/1,2000,16000/1;0/1,1;0,12:0:1000:0:16000/1,,8000/1,2000,16000/1;0/1,1;0
2000,2,6,9,select,6,0,8000000000,1;3,0,37,1,500,,,16000/3,4000/1,2000,0/1;16000/3,0;1,37:1:500:0:16000/3,,4000/1,2000,0/1;16000/3,0;1
2000,2,7,3,select,7,0,8000000000,1;3,0,13,1,500,,,8000/3,4000/3,2000,0/1;8000/3,0;1,13:1:500:0:8000/3,,4000/3,2000,0/1;8000/3,0;1
2000,2,11,6,select,11,0,8000000000,1;3,0,25,1,500,,,4000/1,8000/3,2000,32000/3;4000/1,1;1,25:1:500:0:4000/1;0:0:1000:0:32000/3,,8000/3,2000,32000/3;4000/1,1;1
2500,0,1,20,enqueue,6,0,8000000000,1;3,0,49,1,500,0,16000/3,20000/3,4000/1,2000,0/1;16000/3,0;1,,,16000/3,2500,0/1;20000/3,0;2
2500,0,6,11,enqueue,11,0,8000000000,1;3,0,37,1,500,0,4000/1,16000/3,8000/3,2000,32000/3;4000/1,1;1,,,11000/3,2500,32000/3;16000/3,1;2
2500,0,11,8,enqueue,7,0,8000000000,1;3,0,25,1,500,0,8000/3,4000/1,4000/3,2000,0/1;8000/3,0;1,,,8000/3,2500,0/1;4000/1,0;2
2500,1,6,10,complete,6,0,8000000000,1;3,0,37,1,500,,,16000/3,16000/3,2500,0/1;20000/3,0;2,,,16000/3,2500,0/1;20000/3,0;1
2500,1,7,4,complete,7,0,8000000000,1;3,0,13,1,500,,,8000/3,8000/3,2500,0/1;4000/1,0;2,,,8000/3,2500,0/1;4000/1,0;1
2500,1,11,7,complete,11,0,8000000000,1;3,0,25,1,500,,,4000/1,11000/3,2500,32000/3;16000/3,1;2,,,11000/3,2500,32000/3;16000/3,1;1
2500,2,6,12,select,6,0,8000000000,1;3,0,49,1,500,,,20000/3,16000/3,2500,0/1;20000/3,0;1,49:1:500:0:20000/3,,16000/3,2500,0/1;20000/3,0;1
2500,2,7,6,select,7,0,8000000000,1;3,0,25,1,500,,,4000/1,8000/3,2500,0/1;4000/1,0;1,25:1:500:0:4000/1,,8000/3,2500,0/1;4000/1,0;1
2500,2,11,9,select,11,0,8000000000,1;3,0,37,1,500,,,16000/3,11000/3,2500,32000/3;16000/3,1;1,37:1:500:0:16000/3;0:0:1000:0:32000/3,,11000/3,2500,32000/3;16000/3,1;1
3000,0,0,14,enqueue,4,0,8000000000,1;3,0,24,0,1000,0,16000/1,24000/1,8000/1,2000,16000/1;0/1,1;0,,,16000/1,3000,24000/1;0/1,2;0
3000,0,1,23,enqueue,6,0,8000000000,1;3,0,61,1,500,0,20000/3,8000/1,16000/3,2500,0/1;20000/3,0;1,,,20000/3,3000,0/1;8000/1,0;2
3000,0,4,5,enqueue,11,0,8000000000,1;3,0,12,0,1000,0,32000/3,56000/3,11000/3,2500,32000/3;16000/3,1;1,,,14000/3,3000,56000/3;16000/3,2;1
3000,0,6,14,enqueue,11,0,8000000000,1;3,0,49,1,500,0,16000/3,20000/3,14000/3,3000,56000/3;16000/3,2;1,,,14000/3,3000,56000/3;20000/3,2;2
3000,0,11,11,enqueue,7,0,8000000000,1;3,0,37,1,500,0,4000/1,16000/3,8000/3,2500,0/1;4000/1,0;1,,,4000/1,3000,0/1;16000/3,0;2
3000,1,4,4,complete,4,0,8000000000,1;3,0,12,0,1000,,,16000/1,16000/1,3000,24000/1;0/1,2;0,,,16000/1,3000,24000/1;0/1,1;0
3000,1,6,13,complete,6,0,8000000000,1;3,0,49,1,500,,,20000/3,20000/3,3000,0/1;8000/1,0;2,,,20000/3,3000,0/1;8000/1,0;1
3000,1,7,7,complete,7,0,8000000000,1;3,0,25,1,500,,,4000/1,4000/1,3000,0/1;16000/3,0;2,,,4000/1,3000,0/1;16000/3,0;1
3000,1,11,10,complete,11,0,8000000000,1;3,0,37,1,500,,,16000/3,14000/3,3000,56000/3;20000/3,2;2,,,14000/3,3000,56000/3;20000/3,2;1
3000,2,4,6,select,4,0,8000000000,1;3,0,24,0,1000,,,24000/1,16000/1,3000,24000/1;0/1,1;0,24:0:1000:0:24000/1,,16000/1,3000,24000/1;0/1,1;0
3000,2,6,15,select,6,0,8000000000,1;3,0,61,1,500,,,8000/1,20000/3,3000,0/1;8000/1,0;1,61:1:500:0:8000/1,,20000/3,3000,0/1;8000/1,0;1
3000,2,7,9,select,7,0,8000000000,1;3,0,37,1,500,,,16000/3,4000/1,3000,0/1;16000/3,0;1,37:1:500:0:16000/3,,4000/1,3000,0/1;16000/3,0;1
3000,2,11,12,select,11,0,8000000000,1;3,0,49,1,500,,,20000/3,14000/3,3000,56000/3;20000/3,2;1,49:1:500:0:20000/3;0:0:1000:0:32000/3;12:0:1000:0:56000/3,,14000/3,3000,56000/3;20000/3,2;1
3500,0,6,17,enqueue,11,0,8000000000,1;3,0,61,1,500,0,20000/3,8000/1,14000/3,3000,56000/3;20000/3,2;1,,,17000/3,3500,56000/3;8000/1,2;2
3500,0,11,14,enqueue,7,0,8000000000,1;3,0,49,1,500,0,16000/3,20000/3,4000/1,3000,0/1;16000/3,0;1,,,16000/3,3500,0/1;20000/3,0;2
3500,1,6,16,complete,6,0,8000000000,1;3,0,61,1,500,,,8000/1,20000/3,3000,0/1;8000/1,0;1,,,0/1,3500,0/1;0/1,0;0
3500,1,7,10,complete,7,0,8000000000,1;3,0,37,1,500,,,16000/3,16000/3,3500,0/1;20000/3,0;2,,,16000/3,3500,0/1;20000/3,0;1
3500,1,11,13,complete,11,0,8000000000,1;3,0,49,1,500,,,20000/3,17000/3,3500,56000/3;8000/1,2;2,,,17000/3,3500,56000/3;8000/1,2;1
3500,2,7,12,select,7,0,8000000000,1;3,0,49,1,500,,,20000/3,16000/3,3500,0/1;20000/3,0;1,49:1:500:0:20000/3,,16000/3,3500,0/1;20000/3,0;1
3500,2,11,15,select,11,0,8000000000,1;3,0,61,1,500,,,8000/1,17000/3,3500,56000/3;8000/1,2;1,61:1:500:0:8000/1;0:0:1000:0:32000/3;12:0:1000:0:56000/3,,17000/3,3500,56000/3;8000/1,2;1
4000,0,0,17,enqueue,4,0,8000000000,1;3,0,36,0,1000,0,24000/1,32000/1,16000/1,3000,24000/1;0/1,1;0,,,24000/1,4000,32000/1;0/1,2;0
4000,0,4,8,enqueue,11,0,8000000000,1;3,0,24,0,1000,0,56000/3,80000/3,17000/3,3500,56000/3;8000/1,2;1,,,20000/3,4000,80000/3;8000/1,3;1
4000,0,11,17,enqueue,7,0,8000000000,1;3,0,61,1,500,0,20000/3,8000/1,16000/3,3500,0/1;20000/3,0;1,,,20000/3,4000,0/1;8000/1,0;2
4000,1,4,7,complete,4,0,8000000000,1;3,0,24,0,1000,,,24000/1,24000/1,4000,32000/1;0/1,2;0,,,24000/1,4000,32000/1;0/1,1;0
4000,1,7,13,complete,7,0,8000000000,1;3,0,49,1,500,,,20000/3,20000/3,4000,0/1;8000/1,0;2,,,20000/3,4000,0/1;8000/1,0;1
4000,1,11,16,complete,11,0,8000000000,1;3,0,61,1,500,,,8000/1,20000/3,4000,80000/3;8000/1,3;1,,,20000/3,4000,80000/3;8000/1,3;0
4000,2,4,9,select,4,0,8000000000,1;3,0,36,0,1000,,,32000/1,24000/1,4000,32000/1;0/1,1;0,36:0:1000:0:32000/1,,24000/1,4000,32000/1;0/1,1;0
4000,2,7,15,select,7,0,8000000000,1;3,0,61,1,500,,,8000/1,20000/3,4000,0/1;8000/1,0;1,61:1:500:0:8000/1,,20000/3,4000,0/1;8000/1,0;1
4000,2,11,18,select,11,0,8000000000,1;3,0,0,0,1000,,,32000/3,20000/3,4000,80000/3;8000/1,3;0,0:0:1000:0:32000/3;12:0:1000:0:56000/3;24:0:1000:0:80000/3,,20000/3,4000,80000/3;8000/1,3;0
4500,1,7,16,complete,7,0,8000000000,1;3,0,61,1,500,,,8000/1,20000/3,4000,0/1;8000/1,0;1,,,0/1,4500,0/1;0/1,0;0
5000,0,0,20,enqueue,4,0,8000000000,1;3,0,48,0,1000,0,32000/1,40000/1,24000/1,4000,32000/1;0/1,1;0,,,32000/1,5000,40000/1;0/1,2;0
5000,0,4,11,enqueue,11,0,8000000000,1;3,0,36,0,1000,0,80000/3,104000/3,20000/3,4000,80000/3;8000/1,3;0,,,44000/3,5000,104000/3;8000/1,4;0
5000,0,11,20,enqueue,7,0,8000000000,1;3,0,0,0,1000,0,0/1,8000/1,0/1,4500,0/1;0/1,0;0,,,0/1,5000,8000/1;0/1,1;0
5000,1,4,10,complete,4,0,8000000000,1;3,0,36,0,1000,,,32000/1,32000/1,5000,40000/1;0/1,2;0,,,32000/1,5000,40000/1;0/1,1;0
5000,1,11,19,complete,11,0,8000000000,1;3,0,0,0,1000,,,32000/3,44000/3,5000,104000/3;8000/1,4;0,,,44000/3,5000,104000/3;8000/1,3;0
5000,2,4,12,select,4,0,8000000000,1;3,0,48,0,1000,,,40000/1,32000/1,5000,40000/1;0/1,1;0,48:0:1000:0:40000/1,,32000/1,5000,40000/1;0/1,1;0
5000,2,7,18,select,7,0,8000000000,1;3,0,0,0,1000,,,8000/1,0/1,5000,8000/1;0/1,1;0,0:0:1000:0:8000/1,,0/1,5000,8000/1;0/1,1;0
5000,2,11,21,select,11,0,8000000000,1;3,0,12,0,1000,,,56000/3,44000/3,5000,104000/3;8000/1,3;0,12:0:1000:0:56000/3;24:0:1000:0:80000/3;36:0:1000:0:104000/3,,44000/3,5000,104000/3;8000/1,3;0
6000,0,0,23,enqueue,4,0,8000000000,1;3,0,60,0,1000,0,40000/1,48000/1,32000/1,5000,40000/1;0/1,1;0,,,40000/1,6000,48000/1;0/1,2;0
6000,0,4,14,enqueue,11,0,8000000000,1;3,0,48,0,1000,0,104000/3,128000/3,44000/3,5000,104000/3;8000/1,3;0,,,68000/3,6000,128000/3;8000/1,4;0
6000,0,11,23,enqueue,7,0,8000000000,1;3,0,12,0,1000,0,8000/1,16000/1,0/1,5000,8000/1;0/1,1;0,,,8000/1,6000,16000/1;0/1,2;0
6000,1,4,13,complete,4,0,8000000000,1;3,0,48,0,1000,,,40000/1,40000/1,6000,48000/1;0/1,2;0,,,40000/1,6000,48000/1;0/1,1;0
6000,1,7,19,complete,7,0,8000000000,1;3,0,0,0,1000,,,8000/1,8000/1,6000,16000/1;0/1,2;0,,,8000/1,6000,16000/1;0/1,1;0
6000,1,11,22,complete,11,0,8000000000,1;3,0,12,0,1000,,,56000/3,68000/3,6000,128000/3;8000/1,4;0,,,68000/3,6000,128000/3;8000/1,3;0
6000,2,4,15,select,4,0,8000000000,1;3,0,60,0,1000,,,48000/1,40000/1,6000,48000/1;0/1,1;0,60:0:1000:0:48000/1,,40000/1,6000,48000/1;0/1,1;0
6000,2,7,21,select,7,0,8000000000,1;3,0,12,0,1000,,,16000/1,8000/1,6000,16000/1;0/1,1;0,12:0:1000:0:16000/1,,8000/1,6000,16000/1;0/1,1;0
6000,2,11,24,select,11,0,8000000000,1;3,0,24,0,1000,,,80000/3,68000/3,6000,128000/3;8000/1,3;0,24:0:1000:0:80000/3;36:0:1000:0:104000/3;48:0:1000:0:128000/3,,68000/3,6000,128000/3;8000/1,3;0
7000,0,4,17,enqueue,11,0,8000000000,1;3,0,60,0,1000,0,128000/3,152000/3,68000/3,6000,128000/3;8000/1,3;0,,,92000/3,7000,152000/3;8000/1,4;0
7000,0,11,26,enqueue,7,0,8000000000,1;3,0,24,0,1000,0,16000/1,24000/1,8000/1,6000,16000/1;0/1,1;0,,,16000/1,7000,24000/1;0/1,2;0
7000,1,4,16,complete,4,0,8000000000,1;3,0,60,0,1000,,,48000/1,40000/1,6000,48000/1;0/1,1;0,,,0/1,7000,0/1;0/1,0;0
7000,1,7,22,complete,7,0,8000000000,1;3,0,12,0,1000,,,16000/1,16000/1,7000,24000/1;0/1,2;0,,,16000/1,7000,24000/1;0/1,1;0
7000,1,11,25,complete,11,0,8000000000,1;3,0,24,0,1000,,,80000/3,92000/3,7000,152000/3;8000/1,4;0,,,92000/3,7000,152000/3;8000/1,3;0
7000,2,7,24,select,7,0,8000000000,1;3,0,24,0,1000,,,24000/1,16000/1,7000,24000/1;0/1,1;0,24:0:1000:0:24000/1,,16000/1,7000,24000/1;0/1,1;0
7000,2,11,27,select,11,0,8000000000,1;3,0,36,0,1000,,,104000/3,92000/3,7000,152000/3;8000/1,3;0,36:0:1000:0:104000/3;48:0:1000:0:128000/3;60:0:1000:0:152000/3,,92000/3,7000,152000/3;8000/1,3;0
8000,0,11,29,enqueue,7,0,8000000000,1;3,0,36,0,1000,0,24000/1,32000/1,16000/1,7000,24000/1;0/1,1;0,,,24000/1,8000,32000/1;0/1,2;0
8000,1,7,25,complete,7,0,8000000000,1;3,0,24,0,1000,,,24000/1,24000/1,8000,32000/1;0/1,2;0,,,24000/1,8000,32000/1;0/1,1;0
8000,1,11,28,complete,11,0,8000000000,1;3,0,36,0,1000,,,104000/3,92000/3,7000,152000/3;8000/1,3;0,,,116000/3,8000,152000/3;8000/1,2;0
8000,2,7,27,select,7,0,8000000000,1;3,0,36,0,1000,,,32000/1,24000/1,8000,32000/1;0/1,1;0,36:0:1000:0:32000/1,,24000/1,8000,32000/1;0/1,1;0
8000,2,11,30,select,11,0,8000000000,1;3,0,48,0,1000,,,128000/3,116000/3,8000,152000/3;8000/1,2;0,48:0:1000:0:128000/3;60:0:1000:0:152000/3,,116000/3,8000,152000/3;8000/1,2;0
9000,0,11,32,enqueue,7,0,8000000000,1;3,0,48,0,1000,0,32000/1,40000/1,24000/1,8000,32000/1;0/1,1;0,,,32000/1,9000,40000/1;0/1,2;0
9000,1,7,28,complete,7,0,8000000000,1;3,0,36,0,1000,,,32000/1,32000/1,9000,40000/1;0/1,2;0,,,32000/1,9000,40000/1;0/1,1;0
9000,1,11,31,complete,11,0,8000000000,1;3,0,48,0,1000,,,128000/3,116000/3,8000,152000/3;8000/1,2;0,,,140000/3,9000,152000/3;8000/1,1;0
9000,2,7,30,select,7,0,8000000000,1;3,0,48,0,1000,,,40000/1,32000/1,9000,40000/1;0/1,1;0,48:0:1000:0:40000/1,,32000/1,9000,40000/1;0/1,1;0
9000,2,11,33,select,11,0,8000000000,1;3,0,60,0,1000,,,152000/3,140000/3,9000,152000/3;8000/1,1;0,60:0:1000:0:152000/3,,140000/3,9000,152000/3;8000/1,1;0
10000,0,11,35,enqueue,7,0,8000000000,1;3,0,60,0,1000,0,40000/1,48000/1,32000/1,9000,40000/1;0/1,1;0,,,40000/1,10000,48000/1;0/1,2;0
10000,1,7,31,complete,7,0,8000000000,1;3,0,48,0,1000,,,40000/1,40000/1,10000,48000/1;0/1,2;0,,,40000/1,10000,48000/1;0/1,1;0
10000,1,11,34,complete,11,0,8000000000,1;3,0,60,0,1000,,,152000/3,140000/3,9000,152000/3;8000/1,1;0,,,0/1,10000,0/1;8000/1,0;0
10000,2,7,33,select,7,0,8000000000,1;3,0,60,0,1000,,,48000/1,40000/1,10000,48000/1;0/1,1;0,60:0:1000:0:48000/1,,40000/1,10000,48000/1;0/1,1;0
11000,1,7,34,complete,7,0,8000000000,1;3,0,60,0,1000,,,48000/1,40000/1,10000,48000/1;0/1,1;0,,,0/1,11000,0/1;0/1,0;0
