time_ns,event_phase,event_origin_node,event_origin_sequence,node_id,queue_id,kind,controlled_link,controller,priority,xon_bytes,xoff_bytes,buffer_capacity_bytes,amount_bytes,occupancy_action,before_occupancy_bytes,before_asserted,after_occupancy_bytes,after_asserted,control_action,before_controllers,after_controllers
875000,0,11,358,12,0,threshold,11,,1,1500,3000,8000,1000,admit,0,0,1000,0,,,
875000,2,12,321,12,0,threshold,11,,1,1500,3000,8000,1000,drain,1000,0,0,0,,,
875512,0,5,221,11,0,threshold,5,,3,1500,3000,8000,1000,admit,2000,0,3000,1,pause,,
876024,0,11,362,5,0,control,5,11,3,,,,,,,,,,pause,,11
883000,0,11,361,12,0,threshold,11,,3,1500,3000,8000,1000,admit,0,0,1000,0,,,
883000,2,12,324,12,0,threshold,11,,3,1500,3000,8000,1000,drain,1000,0,0,0,,,
883512,0,5,224,11,0,threshold,5,,3,1500,3000,8000,1000,admit,3000,1,4000,1,,,
891000,0,11,365,12,0,threshold,11,,3,1500,3000,8000,1000,admit,0,0,1000,0,,,
891000,2,11,366,11,0,threshold,7,,1,1500,3000,8000,1000,drain,2000,1,1000,0,resume,,
891000,2,12,327,12,0,threshold,11,,3,1500,3000,8000,1000,drain,1000,0,0,0,,,
891512,0,11,367,7,0,control,7,11,1,,,,,,,,,,resume,11,
899000,0,11,369,12,0,threshold,11,,1,1500,3000,8000,1000,admit,0,0,1000,0,,,
899000,2,12,330,12,0,threshold,11,,1,1500,3000,8000,1000,drain,1000,0,0,0,,,
899512,0,7,116,11,0,threshold,7,,1,1500,3000,8000,1000,admit,1000,0,2000,0,,,
907000,2,11,373,11,0,threshold,5,,3,1500,3000,8000,1000,drain,4000,1,3000,1,,,
907512,0,7,119,11,0,threshold,7,,1,1500,3000,8000,1000,admit,2000,0,3000,1,pause,,
908024,0,11,376,7,0,control,7,11,1,,,,,,,,,,pause,,11
915000,0,11,375,12,0,threshold,11,,3,1500,3000,8000,1000,admit,0,0,1000,0,,,
915000,2,11,377,11,0,threshold,7,,1,1500,3000,8000,1000,drain,3000,1,2000,1,,,
915000,2,12,336,12,0,threshold,11,,3,1500,3000,8000,1000,drain,1000,0,0,0,,,
915512,0,7,122,11,0,threshold,7,,1,1500,3000,8000,1000,admit,2000,1,3000,1,,,
923000,0,11,379,12,0,threshold,11,,1,1500,3000,8000,1000,admit,0,0,1000,0,,,
923000,2,12,339,12,0,threshold,11,,1,1500,3000,8000,1000,drain,1000,0,0,0,,,
931000,0,11,382,12,0,threshold,11,,3,1500,3000,8000,1000,admit,0,0,1000,0,,,
931000,2,12,342,12,0,threshold,11,,3,1500,3000,8000,1000,drain,1000,0,0,0,,,
939000,2,11,386,11,0,threshold,7,,1,1500,3000,8000,1000,drain,3000,1,2000,1,,,
947000,0,11,388,12,0,threshold,11,,1,1500,3000,8000,1000,admit,0,0,1000,0,,,
947000,2,12,348,12,0,threshold,11,,1,1500,3000,8000,1000,drain,1000,0,0,0,,,
955000,0,11,391,12,0,threshold,11,,3,1500,3000,8000,1000,admit,0,0,1000,0,,,
955000,2,11,392,11,0,threshold,5,,3,1500,3000,8000,1000,drain,3000,1,2000,1,,,
955000,2,12,351,12,0,threshold,11,,3,1500,3000,8000,1000,drain,1000,0,0,0,,,
963000,0,11,394,12,0,threshold,11,,3,1500,3000,8000,1000,admit,0,0,1000,0,,,
963000,2,11,395,11,0,threshold,7,,1,1500,3000,8000,1000,drain,2000,1,1000,0,resume,,
963000,2,12,354,12,0,threshold,11,,3,1500,3000,8000,1000,drain,1000,0,0,0,,,
963512,0,11,396,7,0,control,7,11,1,,,,,,,,,,resume,11,
971000,0,11,398,12,0,threshold,11,,1,1500,3000,8000,1000,admit,0,0,1000,0,,,
971000,2,12,357,12,0,threshold,11,,1,1500,3000,8000,1000,drain,1000,0,0,0,,,
971512,0,7,125,11,0,threshold,7,,1,1500,3000,8000,1000,admit,1000,0,2000,0,,,
979512,0,7,128,11,0,threshold,7,,1,1500,3000,8000,1000,admit,2000,0,3000,1,pause,,
980024,0,11,405,7,0,control,7,11,1,,,,,,,,,,pause,,11
987000,0,11,404,12,0,threshold,11,,3,1500,3000,8000,1000,admit,0,0,1000,0,,,
987000,2,11,406,11,0,threshold,7,,1,1500,3000,8000,1000,drain,3000,1,2000,1,,,
987000,2,12,363,12,0,threshold,11,,3,1500,3000,8000,1000,drain,1000,0,0,0,,,
987512,0,7,131,11,0,threshold,7,,1,1500,3000,8000,1000,admit,2000,1,3000,1,,,
995000,0,11,408,12,0,threshold,11,,1,1500,3000,8000,1000,admit,0,0,1000,0,,,
995000,2,12,366,12,0,threshold,11,,1,1500,3000,8000,1000,drain,1000,0,0,0,,,
