time_ns,event_phase,event_origin_node,event_origin_sequence,node_id,queue_id,class_count,weights,before_packets_sent,before_current_class,eligible_packets,selected_payload,after_packets_sent,after_current_class
500,2,6,0,6,0,2,1;3,0;0,0,1:1:500,1,0;1,1
1000,2,4,0,4,0,2,1;3,0;0,0,0:0:1000,0,1;0,0
1000,2,6,3,6,0,2,1;3,0;1,1,13:1:500,13,0;2,1
1000,2,11,0,11,0,2,1;3,0;0,0,1:1:500,1,0;1,1
1500,2,6,6,6,0,2,1;3,0;2,1,25:1:500,25,0;3,1
1500,2,7,0,7,0,2,1;3,0;0,0,1:1:500,1,0;1,1
1500,2,11,3,11,0,2,1;3,0;1,1,13:1:500,13,0;2,1
2000,2,4,3,4,0,2,1;3,1;0,0,12:0:1000,12,1;0,0
2000,2,6,9,6,0,2,1;3,0;3,1,37:1:500,37,0;1,1
2000,2,7,3,7,0,2,1;3,0;1,1,13:1:500,13,0;2,1
2000,2,11,6,11,0,2,1;3,0;2,1,0:0:1000;25:1:500,25,0;3,1
2500,2,6,12,6,0,2,1;3,0;1,1,49:1:500,49,0;2,1
2500,2,7,6,7,0,2,1;3,0;2,1,25:1:500,25,0;3,1
2500,2,11,9,11,0,2,1;3,0;3,1,0:0:1000;37:1:500,0,1;0,0
3000,2,4,6,4,0,2,1;3,1;0,0,24:0:1000,24,1;0,0
3000,2,6,15,6,0,2,1;3,0;2,1,61:1:500,61,0;3,1
3500,2,7,9,7,0,2,1;3,0;3,1,0:0:1000,0,1;0,0
3500,2,11,12,11,0,2,1;3,1;0,0,37:1:500;12:0:1000;49:1:500;61:1:500,37,0;1,1
4000,2,4,9,4,0,2,1;3,1;0,0,36:0:1000,36,1;0,0
4000,2,11,15,11,0,2,1;3,0;1,1,12:0:1000;49:1:500;61:1:500;24:0:1000,49,0;2,1
4500,2,7,12,7,0,2,1;3,1;0,0,37:1:500;49:1:500,37,0;1,1
4500,2,11,18,11,0,2,1;3,0;2,1,12:0:1000;61:1:500;24:0:1000,61,0;3,1
5000,2,4,12,4,0,2,1;3,1;0,0,48:0:1000,48,1;0,0
5000,2,7,15,7,0,2,1;3,0;1,1,49:1:500;61:1:500,49,0;2,1
5000,2,11,21,11,0,2,1;3,0;3,1,12:0:1000;24:0:1000;36:0:1000,12,1;0,0
5500,2,7,18,7,0,2,1;3,0;2,1,61:1:500,61,0;3,1
6000,2,4,15,4,0,2,1;3,1;0,0,60:0:1000,60,1;0,0
6000,2,7,21,7,0,2,1;3,0;3,1,12:0:1000,12,1;0,0
6000,2,11,24,11,0,2,1;3,1;0,0,24:0:1000;36:0:1000;48:0:1000,24,1;0,0
7000,2,7,24,7,0,2,1;3,1;0,0,24:0:1000,24,1;0,0
7000,2,11,27,11,0,2,1;3,1;0,0,36:0:1000;48:0:1000;60:0:1000,36,1;0,0
8000,2,7,27,7,0,2,1;3,1;0,0,36:0:1000,36,1;0,0
8000,2,11,30,11,0,2,1;3,1;0,0,48:0:1000;60:0:1000,48,1;0,0
9000,2,7,30,7,0,2,1;3,1;0,0,48:0:1000,48,1;0,0
9000,2,11,33,11,0,2,1;3,1;0,0,60:0:1000,60,1;0,0
10000,2,7,33,7,0,2,1;3,1;0,0,60:0:1000,60,1;0,0
